taxon	committed_n	A_n	B_n	committed_p	A_p	B_p	committed_b	B_b	committed_se	B_se	committed_p_egger	A_p_egger	B_p_egger	committed_q_p	A_q_p	B_q_p	reproduces_A	reproduces_B
phylum.Cyanobacteria.id.1500	8	9	8	0.0001162682260157	0.0014091243949792755	0.00011626822601573742		-0.23091605073284163		0.05991806005867716	0.0068581103419307	0.01090963490365882	0.006858110341930746	0.6822719909598773	0.12617493322445816	0.6822719909598775	False	True
genus.Sutterella.id.2896	12	12	12	0.0023188454026624	0.002318845402662404	0.002318845402662404		-0.2058192198437849		0.0675696582405527	0.9987602996840712	0.01276119608338648	0.9987602996840735	0.4453266365408722	0.44532663654087223	0.44532663654087223	True	True
class.Actinobacteria.id.419	16	19	16	0.0037332398017813	8.1065008427984e-09	0.0037332398017813255		0.23804304061768894		0.08208764198432758	0.0201924994770098	0.041562050724922764	0.020192499477010083	0.0101976979713577	0.0004020731149177544	0.01019769797135774	False	True
family.Enterobacteriaceae.id.3469	7	7	7	0.0068360025120357	4.660622866126945e-05	0.006836002512035722		0.38071457354426785		0.14075883371476658	0.2098467406907415	0.10636405210501844	0.20984674069074138	0.0344437851272354	0.03444378512723544	0.03444378512723544	False	True
order.Enterobacteriales.id.3468	7	7	7	0.0068360025120357	4.660622866126945e-05	0.006836002512035722		0.38071457354426785		0.14075883371476658	0.2098467406907415	0.10636405210501844	0.20984674069074138	0.0344437851272354	0.03444378512723544	0.03444378512723544	False	True
order.Bifidobacteriales.id.432	14	18	14	0.00869229958451	1.0540444335836816e-08	0.008692299584510045		0.2587894643999412		0.09862686333345853	0.0092938117129186	0.011124480885558992	0.009293811712918636	0.0006065544917977	4.101553933659313e-06	0.0006065544917977961	False	True
family.Bifidobacteriaceae.id.433	14	18	14	0.00869229958451	1.0540444335836816e-08	0.008692299584510045		0.2587894643999412		0.09862686333345853	0.0092938117129186	0.011124480885558992	0.009293811712918636	0.0006065544917977	4.101553933659313e-06	0.0006065544917977961	False	True
genus.FamilyXIIIAD3011group.id.11293	13	14	13	0.0093476198001255	0.006019372976373613	0.009347619800125594		-0.19872130076246147		0.0764585629430227	0.3592969382499451	0.044347910069265785	0.3592969382499449	0.2220709967552303	0.2195973594372197	0.2220709967552304	False	True
genus.Actinomyces.id.423	8	8	8	0.0116094437157692	0.011609443715769208	0.011609443715769208		0.15167545508067948		0.06009808327695298	0.1239587872807033	0.0023372871998634296	0.12395878728070345	0.7818402351421452	0.7818402351421452	0.7818402351421452	True	True
genus.Bifidobacterium.id.436	15	18	15	0.021302169098876	6.940805513613779e-07	0.021302169098876066		0.18680067820303856		0.08112648525115938	0.1059839466920158	0.02445095562881524	0.10598394669201568	0.0055773009664133	1.901480973630825e-05	0.005577300966413331	False	True
genus.Ruminococcus2.id.11374	15	15	15	0.0254142508024446	0.02541425080244464	0.02541425080244464		-0.1279851845519761		0.05726285560785208	0.7690328047921948	0.0153071861661888	0.7690328047921966	0.9053693645026832	0.9053693645026833	0.9053693645026833	True	True
phylum.Bacteroidetes.id.905	11	13	11	0.0259641256411945	0.01741110975727391	0.02596412564119458		-0.18265143625109892		0.08202609482004947	0.437039748129401	0.007974281627567519	0.4370397481294007	0.8039003334265378	0.7159520987862754	0.8039003334265378	False	True
genus.RuminococcaceaeUCG010.id.11367	6	7	6	0.0270683073175017	0.045177420232088907	0.02706830731750171		0.2194955205749569		0.09929536655134001	0.1473110732915856	0.36459216221008883	0.1473110732915856	0.2570292726165888	0.1129512041913162	0.2570292726165884	False	True
genus.Blautia.id.1992	13	13	13	0.046335373858253	0.024877507968858396	0.04633537385825301		-0.17236753528084528		0.08651575743708595	0.6894432316586776	0.09147390530364655	0.6894432316586779	0.2299566178643754	0.2299566178643756	0.2299566178643756	False	True
family.Methanobacteriaceae.id.121	10	11	10	0.0536338800828032	0.06859244512529517	0.05363388008280324		0.07818990469194351		0.04051748487168467	0.7170165369696618	0.0479481550428141	0.7170165369696614	0.5429248944318753	0.595866094888812	0.5429248944318754	False	True
class.Methanobacteria.id.119	10	11	10	0.0536338800828032	0.06859244512529517	0.05363388008280324		0.07818990469194351		0.04051748487168467	0.7170165369696618	0.0479481550428141	0.7170165369696614	0.5429248944318753	0.595866094888812	0.5429248944318754	False	True
order.Methanobacteriales.id.120	10	11	10	0.0536338800828032	0.06859244512529517	0.05363388008280324		0.07818990469194351		0.04051748487168467	0.7170165369696618	0.0479481550428141	0.7170165369696614	0.5429248944318753	0.595866094888812	0.5429248944318754	False	True
class.Coriobacteriia.id.809	17	19	17	0.0593321347254895	0.008927406415016766	0.05933213472548953		0.16632732460936958		0.08820342215268434	0.9434856381890744	0.07960094533197329	0.9434856381890735	0.0232013097130976	0.026294081135096625	0.023201309713097668	False	True
family.Coriobacteriaceae.id.811	17	19	17	0.0593321347254895	0.008927406415016766	0.05933213472548953		0.16632732460936958		0.08820342215268434	0.9434856381890744	0.07960094533197329	0.9434856381890735	0.0232013097130976	0.026294081135096625	0.023201309713097668	False	True
order.Coriobacteriales.id.810	17	19	17	0.0593321347254895	0.008927406415016766	0.05933213472548953		0.16632732460936958		0.08820342215268434	0.9434856381890744	0.07960094533197329	0.9434856381890735	0.0232013097130976	0.026294081135096625	0.023201309713097668	False	True
class.Betaproteobacteria.id.2867	10	12	10	0.0672218184818802	0.10528253772139394	0.06722181848188029		-0.15975017467092298		0.08728620613522245	0.4459280506898277	0.13160480488027634	0.4459280506898293	0.3474842151887454	0.27112695060553554	0.34748421518874534	False	True
genus.Haemophilus.id.3698	9	9	9	0.0825110604295732	0.0825110604295733	0.0825110604295733		0.0976386773391028		0.056233807047327236	0.0427714849717933	0.06594541702053934	0.04277148497179326	0.4501824701211709	0.45018247012117096	0.45018247012117096	True	True
genus.Anaerotruncus.id.2054	12	12	12	0.0921110338624145	0.09211103386241452	0.09211103386241452		0.1268465613951165		0.07530821163903076	0.1020513806048451	0.051290874543503014	0.10205138060484538	0.453010556018025	0.453010556018025	0.453010556018025	True	True
genus.LachnospiraceaeFCS020group.id.11314	11	14	11	0.0946744611068276	0.13086825124485363	0.09467446110682765		-0.11999873241768826		0.07180225307340948	0.0491315323710218	0.15563628345362807	0.04913153237102185	0.3362913124232203	0.4425498434415689	0.33629131242322036	False	True
family.Actinomycetaceae.id.421	6	6	6	0.0987173030663297	0.09871730306632973	0.09871730306632973		0.11603686100203266		0.07027833985570489	0.0582639809956194	0.028521285054148224	0.058263980995619635	0.9630298265392908	0.9630298265392909	0.9630298265392909	True	True
order.Actinomycetales.id.420	6	6	6	0.0988446677652781	0.09884466776527813	0.09884466776527813		0.11595433771857493		0.07025489072928107	0.0583436262269968	0.02883140143922431	0.05834362622699676	0.9628645702115934	0.9628645702115934	0.9628645702115934	True	True
order.Bacillales.id.1674	8	9	8	0.1124263961279448	0.2732102282480654	0.11242639612794479		-0.06561365435515043		0.04133453614808818	0.760285592428344	0.3924993824835345	0.7602855924283431	0.4150249077415615	0.27608854937277477	0.4150249077415623	False	True
genus.Anaerofilum.id.2053	10	11	10	0.1159917896933985	0.20011294628362009	0.11599178969339849		-0.07529336839443655		0.047901962461028666	0.1467582137353414	0.26807831298753776	0.14675821373534137	0.376217435759178	0.3372628780458309	0.3762174357591778	False	True
class.Gammaproteobacteria.id.3303	7	8	7	0.1183722556924748	0.14932526885361222	0.1183722556924748		0.16237458333010096		0.10397680263075099	0.5118039377529517	0.20292547273260284	0.5118039377529514	0.3628464413116771	0.40632131904028884	0.3628464413116769	False	True
family.Prevotellaceae.id.960	16	16	16	0.129885649513473	0.059970046741564524	0.129885649513473		-0.11408500744115678		0.07532586155013442	0.0276988084076188	0.25822039728318624	0.027698808407618614	0.081274958540528	0.08127495854052798	0.08127495854052798	False	True
genus.Howardella.id.2000	10	11	10	0.1324919347508834	0.18048103867762244	0.1324919347508835		-0.06246936925236895		0.04152589246027589	0.684769151306984	0.9404445032093827	0.6847691513069837	0.2676144274242581	0.1911763385552092	0.2676144274242581	False	True
family.Peptostreptococcaceae.id.2042	13	14	13	0.1338824958076868	0.13087074776406646	0.1338824958076868		-0.10717554334950395		0.07149965725080752	0.4347510265107899	0.46909203791431886	0.43475102651079006	0.1806883326231285	0.17358257822040524	0.1806883326231287	False	True
genus.Roseburia.id.2012	14	16	14	0.1376505498152619	0.034497439468146866	0.1376505498152619		-0.1628758499154056		0.10971046333450672	0.9610127099740776	0.24164696108423842	0.9610127099740792	0.0055493894122485	0.008441702154837439	0.005549389412248588	False	True
genus.Coprococcus2.id.11302	9	11	9	0.1399514170867796	0.7080431293052276	0.13995141708677963		-0.11571096025658278		0.07839644830473501	0.5690968913630872	0.8213185718946657	0.5690968913630868	0.3210576876426189	0.022321220738547944	0.32105768764261894	False	True
genus.Turicibacter.id.2162	10	12	10	0.1539824226418205	0.43021693383704784	0.1539824226418206		-0.08505568446935473		0.059662873490197714	0.464827155923538	0.5098012634173459	0.46482715592353835	0.8018574259931528	0.3601163297691768	0.8018574259931527	False	True
order.Bacteroidales.id.913	12	14	12	0.1548519472051473	0.11350635826829689	0.15485194720514733		-0.11296227949657853		0.07940547281002425	0.4839410559783543	0.2398246858845262	0.4839410559783544	0.4482665282786418	0.3671407844483818	0.4482665282786418	False	True
class.Bacteroidia.id.912	12	14	12	0.1548519472051473	0.11350635826829689	0.15485194720514733		-0.11296227949657853		0.07940547281002425	0.4839410559783543	0.2398246858845262	0.4839410559783544	0.4482665282786418	0.3671407844483818	0.4482665282786418	False	True
order.Selenomonadales.id.2165	12	13	12	0.1552247453590418	0.18003807466354904	0.1552247453590418		-0.11810119244312177		0.08309281270585735	0.5671265153516462	0.24702585387085646	0.5671265153516464	0.3274455811305276	0.35468659648613476	0.32744558113052763	False	True
class.Negativicutes.id.2164	12	13	12	0.1552247453590418	0.18003807466354904	0.1552247453590418		-0.11810119244312177		0.08309281270585735	0.5671265153516462	0.24702585387085646	0.5671265153516464	0.3274455811305276	0.35468659648613476	0.32744558113052763	False	True
genus.DefluviitaleaceaeUCG011.id.11287	9	10	9	0.1555105391067045	0.1931710110875169	0.1555105391067046		0.09174993265593201		0.06459744581403999	0.9953918712984676	0.10890346581096447	0.9953918712984696	0.9782116348245836	0.9825117161857043	0.9782116348245836	False	True
genus.RuminococcaceaeNK4A214group.id.11358	13	14	13	0.1587900921648609	0.19513736234936707	0.15879009216486095		0.096532578559611		0.06850399899462525	0.0197662120670801	0.4398002315061437	0.019766212067080083	0.4478459476769223	0.49605659268667035	0.4478459476769221	False	True
phylum.Firmicutes.id.1672	16	17	16	0.1599823912317156	0.1232544217403008	0.15998239123171565		-0.08924212193851591		0.06351161249501919	0.0941106901474565	0.08329025941874885	0.09411069014745668	0.8580035721899493	0.8874581682318877	0.8580035721899493	False	True
genus.unknowngenus.id.2001	10	10	10	0.1609595064229287	0.13955284151924333	0.1609595064229289		0.08704313555095716		0.06209153889788582	0.2593830519544826	0.21915418509936072	0.25938305195448275	0.3507299138103791	0.3507299138103786	0.3507299138103786	False	True
family.unknownfamily.id.1000005471	13	14	13	0.1693612537808303	0.2461237442983899	0.16936125378083033		0.07809756213318389		0.05682884777429563	0.7961131950129875	0.24554628724493652	0.7961131950129882	0.6195703941553625	0.639745008405179	0.6195703941553623	False	True
genus.unknowngenus.id.1000005472	13	14	13	0.1693612537808303	0.2461237442983899	0.16936125378083033		0.07809756213318389		0.05682884777429563	0.7961131950129875	0.24554628724493652	0.7961131950129882	0.6195703941553625	0.639745008405179	0.6195703941553623	False	True
order.MollicutesRF9.id.11579	13	14	13	0.1693612537808303	0.2461237442983899	0.16936125378083033		0.07809756213318389		0.05682884777429563	0.7961131950129875	0.24554628724493652	0.7961131950129882	0.6195703941553625	0.639745008405179	0.6195703941553623	False	True
genus.Enterorhabdus.id.820	6	9	6	0.1723942884167909	0.5404956325876242	0.17239428841679116		-0.10052548959296505		0.07366929262229162	0.3593000719826199	0.5322906537749744	0.3593000719826197	0.814045532519152	0.6210123212327585	0.814045532519152	False	True
genus.Intestinibacter.id.11345	14	15	14	0.1792966128516786	0.11081970620549761	0.17927615634161354		0.07959244160163595		0.05926523239649256	0.3178126966001431	0.06029308502443399	0.31774967118753983	0.9021522095682828	0.9125296225844153	0.9021493541211861	False	False
genus.Phascolarctobacterium.id.2168	9	10	9	0.1810911787998129	0.22656726527283122	0.18109117879981296		-0.09630667916979185		0.07201022495324658	0.4075930342023898	0.06516978585367311	0.40759303420238996	0.8186156704558792	0.8534452350639838	0.8186156704558792	False	True
order.Desulfovibrionales.id.3156	12	12	12	0.1811146120205606	0.1158107324312299	0.18111461202056067		-0.10613536329151155		0.07936356986218768	0.9568091073746984	0.18748876742141304	0.9568091073746979	0.1730467061530657	0.17304670615306586	0.17304670615306586	False	True
family.Lactobacillaceae.id.1836	9	11	9	0.1827572163825014	0.05918995108517856	0.18275721638250142		0.12482700274582949		0.09369191970728862	0.9436446619612554	0.026434150071120422	0.9436446619612556	0.0010554364389389	0.0012609115563978527	0.0010554364389389298	False	True
genus.Oscillibacter.id.2063	13	14	13	0.194408106543139	0.3908871908747169	0.194408106543139		-0.07625056687408786		0.058760565577874416	0.879553868069821	0.7635099200851063	0.8795538680698206	0.2226755553561294	0.06381931463406024	0.2226755553561295	False	True
order.Burkholderiales.id.2874	10	11	10	0.1956879977906147	0.08031591808888046	0.19568799779061474		-0.1301294422035715		0.10056879080203458	0.398182422912018	0.15797951974710026	0.39818242291201705	0.1340183241457368	0.18316821961536334	0.13401832414573706	False	True
genus.unknowngenus.id.1868	9	10	9	0.2107980895181731	0.15979530051175017	0.21079808951817314		-0.09706103610574561		0.07756357626559045	0.1651427400983303	0.413309222148467	0.16514274009832983	0.2230230505181261	0.29032683596704817	0.22302305051812615	False	True
genus.Olsenella.id.822	11	11	11	0.2215683093819211	0.15221236882675068	0.22156830938192118		0.05305526049438144		0.04340365520654705	0.5445253347054853	0.082944169179545	0.5445253347054859	0.1861775711411039	0.18617757114110378	0.18617757114110378	False	True
genus.Lactobacillus.id.1837	8	8	8	0.2260563744416283	0.029380591092109547	0.2260563744416283		0.1141802755542274		0.09431864562535988	0.8269055474628726	0.08275927655691087	0.8269055474628719	0.0019489522459376	0.0019489522459376315	0.0019489522459376315	False	True
genus.Coprococcus3.id.11303	10	11	10	0.236724171889422	0.07829823636186078	0.23672417188942219		0.14133893542457854		0.11945335583199178	0.8464642428532022	0.27710703576865114	0.8464642428532021	0.0353046356382034	0.055149677182092516	0.035304635638203435	False	True
genus.LachnospiraceaeUCG010.id.11330	10	10	10	0.2395281190026164	0.19438164230094024	0.2395281190026164		-0.09898042349029018		0.0841550708804053	0.7018093646426609	0.2975059415126868	0.7018093646426609	0.2787052651789149	0.27870526517891475	0.27870526517891475	False	True
genus..Ruminococcustorquesgroup.id.14377	9	13	9	0.2452280768260226	0.20764846883350174	0.24522807682602266		-0.1376599657432484		0.11846627453247005	0.3111504389420833	0.01219902047584665	0.31115043894208355	0.1310523561796606	0.3440593090918781	0.13105235617966063	False	True
class.Deltaproteobacteria.id.3087	13	13	13	0.2469349512489591	0.21697214681913324	0.24693495124895914		-0.08137731545765621		0.07028456634493067	0.8941919039236291	0.24613497196327008	0.8941919039236295	0.3239768765075054	0.3239768765075054	0.3239768765075054	False	True
genus.Sellimonas.id.14369	10	10	10	0.2474624331801685	0.24746243318016858	0.24746243318016858		0.041282261227138274		0.03569478210768103	0.0124019717769647	0.1254104898248682	0.012401971776964716	0.9545031117904542	0.9545031117904542	0.9545031117904542	True	True
order.Clostridiales.id.1863	13	14	12	0.2573657599987221	0.10298532297586284	0.28689484833571743		-0.09487882004260967		0.08909159113128261	0.3895980587723391	0.20488867430602833	0.41323762996912267	0.266097338736081	0.26629104053710206	0.2036031658040124	False	False
family.Porphyromonadaceae.id.943	10	12	10	0.2616353148569381	0.14808088963888866	0.26163531485693814		0.15612752322080586		0.13908485250115454	0.1900665363165997	0.5322045825457054	0.1900665363166003	0.0084088231435185	0.011804164366282094	0.008408823143518521	False	True
family.Rikenellaceae.id.967	18	18	18	0.2702071387440753	0.1847133675702345	0.2702071387440753		-0.08241739337409242		0.07474919733942834	0.6811697211054749	0.42237293590640923	0.6811697211054752	0.1039919328583513	0.10399193285835134	0.10399193285835134	False	True
family.Ruminococcaceae.id.2050	10	10	10	0.2749727772853787	0.2749727772853786	0.2749727772853786		0.08178044655997561		0.07491231486643306	0.9384975996391374	0.3627335022224705	0.9384975996391374	0.518741092606192	0.518741092606192	0.518741092606192	True	True
family.unknownfamily.id.1000001214	9	10	9	0.279712768256565	0.139223010200066	0.279712768256565		-0.056845802791348196		0.0525880235612232	0.0806427816936744	0.0844466327505676	0.08064278169367439	0.6032281439665157	0.5884973034108532	0.6032281439665157	False	True
order.Gastranaerophilales.id.1591	9	10	9	0.279712768256565	0.139223010200066	0.279712768256565		-0.056845802791348196		0.0525880235612232	0.0806427816936744	0.0844466327505676	0.08064278169367439	0.6032281439665157	0.5884973034108532	0.6032281439665157	False	True
genus.unknowngenus.id.1000001215	9	10	9	0.279712768256565	0.139223010200066	0.279712768256565		-0.056845802791348196		0.0525880235612232	0.0806427816936744	0.0844466327505676	0.08064278169367439	0.6032281439665157	0.5884973034108532	0.6032281439665157	False	True
genus.Collinsella.id.815	10	11	10	0.2869778888452773	0.09675860856767621	0.2869778888452773		0.13167474047312205		0.1236644130632181	0.8579387167163992	0.27370688259169224	0.8579387167164	0.0193060223172495	0.03131983442676214	0.019306022317249524	False	True
genus.Victivallis.id.2256	11	12	11	0.2897036030376352	0.22561243834887845	0.2897036030376352		0.03952980571453696		0.0373355204319367	0.4897599735082523	0.22900035577743197	0.48975997350825284	0.4228575009853634	0.5044040415634908	0.42285750098536323	False	True
family.Acidaminococcaceae.id.2166	7	8	7	0.2908214817433057	0.3443827370158896	0.2908214817433057		-0.08000219954850604		0.07573662025554558	0.1236787156708335	0.11837623950950041	0.12367871567083345	0.6028744863644089	0.6829327271813914	0.6028744863644091	False	True
family.FamilyXI.id.1936	8	8	8	0.2950378556514889	0.2718840639141141	0.29503785565148877		0.04405398597332947		0.042071017533013975	0.9262054880338616	0.25803357002046146	0.9262054880338624	0.3591486639222033	0.3591486639222029	0.3591486639222029	False	True
class.Melainabacteria.id.1589	10	11	10	0.2967266930631541	0.15313669073364902	0.29672669306315413		-0.05231015224233809		0.050130546896845575	0.0842382259791149	0.0755394472100061	0.08423822597911475	0.5618556253538725	0.5446867078927423	0.5618556253538725	False	True
genus.Prevotella7.id.11182	11	11	11	0.2981816926091983	0.29818169260919825	0.29818169260919825		0.039425582902937		0.037896803490721005	0.974149299846376	0.19717324871799588	0.974149299846376	0.8771527707815365	0.8771527707815365	0.8771527707815365	True	True
phylum.Actinobacteria.id.400	16	19	16	0.2990336798689089	8.088277125973886e-05	0.29903367986890883		0.12071479315332405		0.11623869043209205	0.0334286895696025	0.08135490504001991	0.033428689569602564	7.115112852717307e-05	2.9655802495224713e-07	7.115112852717306e-05	False	True
family.Oxalobacteraceae.id.2966	14	14	14	0.3058711560909692	0.30587097575303257	0.30587097575303257		0.03877243186476261		0.03786649793103912	0.7276860368326474	0.18991850574373076	0.7276864752253404	0.8663093884637447	0.866309496626809	0.866309496626809	True	True
genus.Lachnospira.id.2004	6	6	6	0.3094215608854593	0.21183284416405712	0.30942156088545936		0.1418913281437485		0.1395968414702623	0.7084506692175659	0.3308172827522294	0.708450669217567	0.183206951160831	0.18320695116083088	0.18320695116083088	False	True
class.Alphaproteobacteria.id.2379	8	9	8	0.314886401847385	0.2274491809162119	0.31488640184738503		0.06940700936890369		0.06906020984151046	0.2433178117761683	0.14165460573594024	0.24331781177616857	0.7421963048410785	0.8110915451788065	0.7421963048410786	False	True
genus.Slackia.id.825	6	8	6	0.3172300477484225	0.13620813874918095	0.31723004774842256		0.06872685424813899		0.06871542866977826	0.7227486489664656	0.20209505726325638	0.7227486489664655	0.4123465172741142	0.4429499259742592	0.41234651727411437	False	True
family.Christensenellaceae.id.1866	11	12	11	0.3235965778292493	0.2101305572256903	0.32359657782924933		-0.06126215385813608		0.06206314318112807	0.3810906301581711	0.12305601429337495	0.3810906301581715	0.935840320708721	0.9075117670511159	0.935840320708721	False	True
genus.Prevotella9.id.11183	16	16	16	0.3326288978492758	0.33262889784927585	0.33262889784927585		0.046435350713439696		0.047929196393683496	0.0868919572745785	0.33211933233924146	0.08689195727457859	0.647873714001685	0.647873714001685	0.647873714001685	True	True
family.Clostridiaceae1.id.1869	10	11	10	0.3346195781602139	0.37376141016666564	0.3346195781602139		-0.0773215089789121		0.0801383114479914	0.4283306951154331	0.4072555599377306	0.42833069511543265	0.3236060984399683	0.3731780230659268	0.32360609843996824	False	True
phylum.Proteobacteria.id.2375	12	13	12	0.3362462127682497	0.37923372517894427	0.33624621276824973		0.07203247652112015		0.07490830571491243	0.2274647923313936	0.1712360704041151	0.2274647923313936	0.8716544561235497	0.905194825700133	0.8716544561235497	False	True
genus.LachnospiraceaeNK4A136group.id.11319	15	16	15	0.3364916988074934	0.161993253594916	0.3364916988074934		0.06271557372683964		0.06525257625991877	0.2272116839277387	0.26993747864047185	0.22721168392773897	0.2225655224653178	0.20520997326420368	0.22256552246531774	False	True
genus.Escherichia.Shigella.id.3504	10	12	10	0.3406956844384534	0.34414758240645027	0.34069568443845344		0.07148947044313195		0.07503159390606702	0.6303165879993563	0.21812833556037173	0.6303165879993565	0.959127017712431	0.9770895996719923	0.959127017712431	False	True
genus.Bilophila.id.3170	13	14	13	0.3537630235244993	0.29616923648557825	0.3537630235244992		-0.07386925740960912		0.07965929562006703	0.8401061967760372	0.30628458773515604	0.8401061967760363	0.1638525917343477	0.21163813927096584	0.1638525917343478	False	True
genus.Intestinimonas.id.2062	16	17	16	0.3543429883126912	0.3732452352509057	0.3543429883126913		-0.05758186820436109		0.06217013622292116	0.7709565864232124	0.4269739153097797	0.7709565864232125	0.183680964124943	0.19273959498873314	0.18368096412494295	False	True
genus..Eubacteriumventriosumgroup.id.11341	15	16	15	0.3709220726573821	0.14879697030043804	0.3709220726573821		-0.09714768143600865		0.10857552529218197	0.7315224022962795	0.4002534094883076	0.7315224022962793	0.0003168686837101	0.0005274246438732844	0.00031686868371015	False	True
genus.unknowngenus.id.2041	12	12	12	0.3760956066374858	0.30547520948679585	0.37609560663748587		-0.05404237000204158		0.06105701838600322	0.7831606122692658	0.37050650096230836	0.7831606122692655	0.1944762326238942	0.19447623262389405	0.19447623262389405	False	True
genus..Ruminococcusgnavusgroup.id.14376	11	11	11	0.3858232403137361	0.38582324031373616	0.38582324031373616		-0.04245278858378871		0.04895291378069786	0.3014173193800329	0.3057592191282773	0.30141731938003286	0.4435412001635498	0.44354120016355003	0.44354120016355003	True	True
genus.Holdemanella.id.11393	11	13	11	0.4051190249720142	0.5058757810050514	0.40511902497201424		-0.04300519628659902		0.05165704076069017	0.8116301469233389	0.5235975689068922	0.8116301469233393	0.3356368958311329	0.44115839260748446	0.33563689583113265	False	True
order.Lactobacillales.id.1800	15	17	15	0.405640599396092	0.799632322383192	0.405640599396092		0.05569446223485164		0.06697349039412093	0.2297574723307918	0.7171330968543068	0.22975747233079194	0.826703168504038	0.5017528171704648	0.826703168504038	False	True
family.ClostridialesvadinBB60group.id.11286	15	16	15	0.4079167354456287	0.5084807376925347	0.4079167354456287		0.04327097114316169		0.052287078685480416	0.2837267797931236	0.5085962862341479	0.2837267797931236	0.6784750529754355	0.7040968937916118	0.6784750529754355	False	True
genus.unknowngenus.id.1000000073	15	16	15	0.4079167354456287	0.5084807376925347	0.4079167354456287		0.04327097114316169		0.052287078685480416	0.2837267797931236	0.5085962862341479	0.2837267797931236	0.6784750529754355	0.7040968937916118	0.6784750529754355	False	True
phylum.Lentisphaerae.id.2238	9	10	9	0.4176237693913404	0.15678254200360325	0.4176237693913404		0.06328640237596123		0.07807828259245575	0.9434345718128933	0.11468681455661203	0.9434345718128943	0.0041219763786122	0.007513038205615178	0.0041219763786122495	False	True
phylum.Tenericutes.id.3919	13	13	13	0.4199118316058932	0.4199118316058932	0.4199118316058932		-0.04831119834434091		0.05989677969583583	0.8112099464961692	0.4034588814374233	0.8112099464961696	0.6056469759585543	0.6056469759585541	0.6056469759585541	True	True
class.Mollicutes.id.3920	13	13	13	0.4199118316058932	0.4199118316058932	0.4199118316058932		-0.04831119834434091		0.05989677969583583	0.8112099464961692	0.4034588814374233	0.8112099464961696	0.6056469759585543	0.6056469759585541	0.6056469759585541	True	True
genus.LachnospiraceaeUCG004.id.11324	14	14	14	0.4319303672608775	0.39580104002903715	0.4319303672608775		-0.058455049172313825		0.07438044806481682	0.7359568109324756	0.3410328896706448	0.7359568109324753	0.2964468404993601	0.29644684049936015	0.29644684049936015	False	True
genus.Parabacteroides.id.954	6	6	6	0.4352188796469131	0.4352188796469131	0.4352188796469131		-0.08151015793357982		0.10446106446227806	0.1623813647047858	0.5066051187409714	0.16238136470478542	0.4436923448825005	0.44369234488250053	0.44369234488250053	True	True
family.Veillonellaceae.id.2172	19	20	19	0.4484834449989495	0.4019266622886739	0.44848344499894954		0.0401822215347644		0.05301463881563672	0.9002395565923675	0.4024834424928016	0.9002395565923673	0.4240802299577412	0.48463665904443076	0.42408022995774114	False	True
genus..Eubacteriumoxidoreducensgroup.id.11339	5	5	5	0.4497923041131856	0.4497923041131856	0.4497923041131856		0.050354247392168566		0.0666271814000546	0.6533166148568396	0.6533166148568402	0.6533166148568396	0.8779436084224216	0.8779436084224216	0.8779436084224216	True	True
family.Desulfovibrionaceae.id.3169	10	11	10	0.4581601390088228	0.23324260648103146	0.4581601390088228		-0.060323250554584075		0.08131134852891445	0.8115427311250191	0.31863112476414257	0.8115427311250188	0.2352166319225901	0.19092925682815814	0.23521663192259026	False	True
genus..Eubacteriumbrachygroup.id.11296	10	10	10	0.4583341193052064	0.3984806940746861	0.4583341193052064		0.03553185571006253		0.04791289539063144	0.9793304372384256	0.48789391139973887	0.9793304372384246	0.2327644242951812	0.2327644242951813	0.2327644242951813	False	True
genus.Paraprevotella.id.962	13	13	13	0.4639453775250614	0.43697774878761564	0.4639453775250614		-0.03468988282682258		0.04736688513364489	0.6774163026410162	0.821176671730976	0.6774163026410162	0.332544577929494	0.3325445779294942	0.3325445779294942	False	True
genus.Faecalibacterium.id.2057	10	12	10	0.4814981472369256	0.6828338724317762	0.48149814723692563		0.04661959724686455		0.06623089424819877	0.7909753799378634	0.584375370642047	0.7909753799378636	0.8337397894451892	0.8624455100308667	0.8337397894451892	False	True
order.Victivallales.id.2254	8	9	8	0.4846954401149825	0.19429056254123778	0.48469544011498256		0.06231863039154165		0.0891832533411542	0.9589355063314544	0.07282284986048514	0.9589355063314543	0.0021019858789051	0.004100276924290983	0.0021019858789051342	False	True
class.Lentisphaeria.id.2250	8	9	8	0.4846954401149825	0.19429056254123778	0.48469544011498256		0.06231863039154165		0.0891832533411542	0.9589355063314544	0.07282284986048514	0.9589355063314543	0.0021019858789051	0.004100276924290983	0.0021019858789051342	False	True
class.Clostridia.id.1859	12	13	11	0.4909415934357025	0.2567253932370275	0.5354196714993811		-0.05494938518631211		0.08866320115131356	0.5087022556201767	0.36378256741266046	0.5241106976936398	0.3277953244164072	0.302545465681573	0.253645128122554	False	False
genus.RuminococcaceaeUCG011.id.11368	8	8	8	0.4923700066628886	0.4093746970471356	0.49237000666288855		0.03469885421425322		0.05054132653417151	0.8916124772637029	0.6550374191581271	0.8916124772637019	0.1825380128457272	0.18253801284572715	0.18253801284572715	False	True
family.Pasteurellaceae.id.3689	14	16	14	0.5084281168516309	0.5935447071310405	0.5084281168516309		0.03331024424139688		0.05037182293761647	0.0605367555637483	0.6708992926606732	0.060536755563748566	0.3022066511366021	0.030824515730623295	0.302206651136602	False	True
order.Pasteurellales.id.3688	14	16	14	0.5084281168516309	0.5935447071310405	0.5084281168516309		0.03331024424139688		0.05037182293761647	0.0605367555637483	0.6708992926606732	0.060536755563748566	0.3022066511366021	0.030824515730623295	0.302206651136602	False	True
genus.Dorea.id.1997	11	11	11	0.5110578524984108	0.4103968980193866	0.5110578524984108		-0.06186924352939027		0.09414189414813753	0.2693789788741556	0.7575052082007399	0.26937897887415585	0.1088580038972504	0.10885800389725049	0.10885800389725049	False	True
genus.Adlercreutzia.id.812	8	10	8	0.5248823183981597	0.4441639216358213	0.5248823183981597		-0.044079272337437525		0.0693247406043233	0.3519789570339627	0.9676631208359171	0.3519789570339633	0.3933624884370538	0.4196315253980598	0.39336248843705357	False	True
genus..Eubacteriumcoprostanoligenesgroup.id.11375	13	14	13	0.5264345395108369	0.54616785792711	0.5264345395108369		-0.04901584277346038		0.07737819340818669	0.1116297646599947	0.3707358972493871	0.11162976465999469	0.7647035757056755	0.8239007926596802	0.7647035757056754	False	True
genus.LachnospiraceaeUCG008.id.11328	10	11	10	0.5266113687835006	0.5445748559701227	0.5266113687835006		-0.04940897395346568		0.0780321677532442	0.1610182681127391	0.2620806066282592	0.1610182681127391	0.014095410836823	0.012603734295996098	0.014095410836823086	False	True
genus..Eubacteriumrectalegroup.id.14374	9	11	9	0.5344426891679638	0.4369732759503706	0.5344426891679638		-0.06272092671855063		0.10096110157164086	0.3079392334876585	0.5554790594229675	0.30793923348765784	0.224795713534669	0.16943863103278958	0.22479571353466907	False	True
genus.Oxalobacter.id.2978	11	12	11	0.5391725500469686	0.4991649322806989	0.5391725500469686		0.03203747071805103		0.05217279034800657	0.1966841267898354	0.6914596927247478	0.19668412678983468	0.0768410573638143	0.10279583430258356	0.07684105736381427	False	True
genus.LachnospiraceaeNC2004group.id.11316	9	10	9	0.548201733588786	0.32820735938460766	0.548201733588786		-0.038279786808968444		0.06375109136596	0.7182600145174005	0.3478718208439125	0.7182600145173998	0.1945908674260504	0.23088454058978577	0.19459086742605047	False	True
genus.Butyricicoccus.id.2055	8	8	8	0.5669520340430234	0.41728501280446706	0.5669520340430234		0.06713497677269768		0.11725688403427147	0.5211475810657276	0.8193724012704827	0.5211475810657273	0.050303211706587	0.05030321170658705	0.05030321170658705	False	True
genus.Catenibacterium.id.2153	4	4	4	0.5691104896724648	0.5691104896724648	0.5691104896724648		0.03428729951652809		0.060220560302698796	0.1377172035488548	0.5665394684798183	0.13771720354885436	0.6232929895415167	0.6232929895415167	0.6232929895415167	True	True
genus.Butyrivibrio.id.1993	15	16	15	0.5746105260341852	0.716341507556068	0.5746105260341852		-0.017726503377134665		0.031582600279184976	0.9357813541643396	0.9495606571472651	0.935781354164339	0.3744714638787941	0.37272953985080903	0.37447146387879415	False	True
genus.Alistipes.id.968	12	12	12	0.5776692181679863	0.5776692181679863	0.5776692181679863		-0.04734161261359029		0.0850255953317575	0.4121890724104014	0.5982135227109214	0.41218907241040115	0.888078782490572	0.888078782490572	0.888078782490572	True	True
genus.Desulfovibrio.id.3173	10	11	10	0.5777664190473538	0.5030936877124041	0.5777664190473538		-0.03526873441397766		0.06335887728156833	0.418729058957041	0.46581578893843856	0.4187290589570412	0.5936321558640534	0.6783602831957528	0.5936321558640534	False	True
genus.Parasutterella.id.2892	14	16	14	0.5800656606968908	0.7499815173478324	0.5800656606968908		-0.037611238089904		0.06797758649820577	0.3343060459442235	0.8232735819748981	0.3343060459442232	0.0694392850921393	0.0038109052495320112	0.06943928509213927	False	True
family.Victivallaceae.id.2255	12	13	12	0.5881871396674138	0.5325859940470212	0.5881871396674138		0.01920240913467024		0.03546380721679454	0.510881574442151	0.29817485007540184	0.5108815744421514	0.6001059070561862	0.6783601983326344	0.6001059070561862	False	True
genus..Eubacteriumnodatumgroup.id.11297	11	11	11	0.5907747446204353	0.5907747446204353	0.5907747446204353		-0.019594260011766052		0.03643995184502547	0.4488642295531812	0.7727822496763843	0.4488642295531816	0.5962353896419533	0.5962353896419534	0.5962353896419534	True	True
genus.Senegalimassilia.id.11160	5	8	5	0.596192407735095	0.5880685128731968	0.596192407735095		0.04380135501876589		0.08266216886888689	0.2008040916900781	0.3573592306422009	0.20080409169007832	0.5298660724983324	0.8481987816621969	0.5298660724983324	False	True
genus.Oscillospira.id.2064	9	9	9	0.6012847142110291	0.5845408158783248	0.6012847142110291		-0.037382574913892554		0.07153821539625337	0.207190790590139	0.5415029335323024	0.20719079059013906	0.3630800733031998	0.3630800733031998	0.3630800733031998	False	True
genus.Lactococcus.id.1851	9	10	9	0.6031955007139221	0.42846931052630866	0.6031955007139221		0.023252020061479285		0.044731704770865854	0.0649740052088185	0.11934789251556882	0.06497400520881853	0.5653328257803742	0.6187490009622885	0.5653328257803742	False	True
genus..Clostridiuminnocuumgroup.id.14397	8	9	8	0.6107035016363606	0.9541298076136189	0.6107035016363606		-0.02286300113851477		0.04491135420373148	0.4248672838241056	0.8557943127929454	0.42486728382410566	0.8337140842127263	0.5689244505481688	0.8337140842127263	False	True
genus.Eggerthella.id.819	10	10	10	0.6189136219897066	0.47840284160590363	0.6189136219897065		0.0341446206908704		0.06864749679113043	0.903832616845225	0.43191059820776445	0.903832616845225	0.0320565657809776	0.03205656578097758	0.03205656578097758	False	True
family.Peptococcaceae.id.2024	10	10	10	0.6217773952301734	0.5801636007938444	0.6217773952301734		0.03401970519880193		0.06895892439470627	0.3994027041669266	0.7438904885720368	0.39940270416692647	0.2547555881793749	0.2547555881793751	0.2547555881793751	False	True
genus.ChristensenellaceaeR.7group.id.11283	9	10	9	0.6265925318398231	0.4030943397932688	0.6265925318398231		-0.04466864873115357		0.0918109676586043	0.3583566952747867	0.5199750353414301	0.35835669527478686	0.4522471844072511	0.4825739309570547	0.4522471844072511	False	True
genus.Veillonella.id.2198	6	9	6	0.636112260009339	0.4386723666999739	0.636112260009339		0.04577227430771909		0.09674120381315297	0.4181775026620776	0.4944678789523983	0.418177502662078	0.2195731683333422	0.5188449004306821	0.21957316833334228	False	True
family.Alcaligenaceae.id.2875	13	16	13	0.6555622069802366	0.8091236873837905	0.6555622069802366		-0.045240003751887824		0.10142395497734126	0.8467174377051042	0.9064099894475288	0.8467174377051037	0.0419669101910445	0.0711916535082524	0.041966910191044586	False	True
family.Lachnospiraceae.id.1987	16	16	16	0.6566907249878664	0.6566907249878664	0.6566907249878664		-0.03174156233659479		0.07141172189046506	0.5839607135617424	0.39575633634437263	0.5839607135617418	0.8437741723158461	0.8437741723158461	0.8437741723158461	True	True
genus.Marvinbryantia.id.2005	10	11	10	0.6590221336355981	0.8407460647825629	0.6590221336355981		-0.03213742961364223		0.07283044757445024	0.6955808943906516	0.9267897127474181	0.6955808943906509	0.6956874876060637	0.7151591708062274	0.6956874876060637	False	True
family.Streptococcaceae.id.1850	16	17	16	0.661390910904508	0.3164875896482946	0.661390910904508		-0.030570880611717293		0.06979754832750419	0.1468486165009634	0.18583871338014632	0.1468486165009653	0.326344854434649	0.1527145338678679	0.32634485443464883	False	True
genus.Holdemania.id.2157	15	16	15	0.6707317688348045	0.4127069164177022	0.6707317688348045		0.021319784439232572		0.050147218070298316	0.440041185496515	0.382529367184503	0.44004118549651433	0.854596336746982	0.8369981752728624	0.854596336746982	False	True
genus.Butyricimonas.id.945	12	14	12	0.6838873658909383	0.7648655336688484	0.6838873658909383		-0.033693140021825		0.08275073525511409	0.3294782097636733	0.80196789503315	0.32947820976367315	0.0842826350228748	0.02889369752940975	0.08428263502287485	False	True
genus.RuminococcaceaeUCG013.id.11370	11	13	11	0.684135649997053	0.1261556267182332	0.684135649997053		-0.047072038895338356		0.11570552756779168	0.8105671779498906	0.4472090844598553	0.8105671779498906	0.0076816860972785	0.0011712139899401383	0.007681686097278587	False	True
genus..Eubacteriumfissicatenagroup.id.14373	10	9	9	0.6847980826139889	0.8186487569546312	0.8303186653342818		-0.010247885568741231		0.047821865483527265	0.0718367012490999	0.11017980757467125	0.11017980757467123	0.4006315710795691	0.3291110460684502	0.3291110460684502	False	False
genus.Allisonella.id.2174	8	9	8	0.6859484447886748	0.5694450207529875	0.6859484447886748		-0.019505355808320125		0.04823767023543531	0.0846198084495619	0.6425921381279186	0.08461980844956199	0.1768620489289875	0.24886607913346653	0.17686204892898755	False	True
family.Rhodospirillaceae.id.2717	15	15	15	0.6867097159638947	0.6867097159638947	0.6867097159638947		-0.019047353779877093		0.047225909484498375	0.7477123855020111	0.7405367314181958	0.7477123855020117	0.7902968974421811	0.7902968974421811	0.7902968974421811	True	True
genus.Anaerostipes.id.1991	13	13	13	0.6929830616795054	0.6929830616795054	0.6929830616795054		0.02988510025872913		0.07569487819979319	0.6194389753475142	0.6342048331250568	0.6194389753475139	0.6704932743975991	0.6704932743975991	0.6704932743975991	True	True
genus.Bacteroides.id.918	9	9	9	0.6954944281459343	0.5945316376751869	0.6954944281459343		0.046245549941907466		0.11815126369789053	0.712907671767792	0.7181740430028015	0.712907671767792	0.0632610722352469	0.063261072235247	0.063261072235247	False	True
family.Bacteroidaceae.id.917	9	9	9	0.6954944281459343	0.5945316376751869	0.6954944281459343		0.046245549941907466		0.11815126369789053	0.712907671767792	0.7181740430028015	0.712907671767792	0.0632610722352469	0.063261072235247	0.063261072235247	False	True
family.FamilyXIII.id.1957	10	11	10	0.7093563223239081	0.3763140877607688	0.7093563223239081		0.030862954635284677		0.08280450737317924	0.3297822754687601	0.43434132162990075	0.32978227546876027	0.3254446056714096	0.20743948771235896	0.32544460567140954	False	True
genus.unknowngenus.id.2071	16	16	16	0.713131143467554	0.713131143467554	0.713131143467554		0.021002112389104325		0.0571246461601672	0.7163384522700753	0.9997719030484749	0.7163384522700762	0.4598087707283779	0.4598087707283779	0.4598087707283779	True	True
genus.Ruminiclostridium6.id.11356	17	17	17	0.7391993851458468	0.7391993851458468	0.7391993851458468		0.019439740327572556		0.05839272171172668	0.1868632066260602	0.8223224311428681	0.18686320662606004	0.6663863530376355	0.6663863530376355	0.6663863530376355	True	True
genus.unknowngenus.id.959	13	16	13	0.7436289283312418	0.5862273033859902	0.7436289283312418		-0.01276649905960463		0.03903513294488928	0.1423710510747669	0.7905282815104564	0.1423710510747666	0.6010574730133462	0.2840806539669341	0.601057473013346	False	True
genus.Peptococcus.id.2037	13	17	13	0.7500883334542338	0.9501194466829012	0.7500883334542338		0.013163218438653099		0.0413258161381175	0.3222244115659688	0.9940268343465785	0.3222244115659687	0.6952014924652767	0.7041131854160185	0.6952014924652765	False	True
genus.unknowngenus.id.1000005479	8	9	8	0.7634272438120875	0.9998927076291745	0.7634272438120875		-0.018272962243723205		0.06071088800127352	0.1585451724672839	0.8913037349095116	0.15854517246728392	0.974373408536561	0.9523407349618032	0.974373408536561	False	True
family.BacteroidalesS24.7group.id.11173	8	9	8	0.7634272438120875	0.9998927076291745	0.7634272438120875		-0.018272962243723205		0.06071088800127352	0.1585451724672839	0.8913037349095116	0.15854517246728392	0.974373408536561	0.9523407349618032	0.974373408536561	False	True
genus.unknowngenus.id.1000006162	12	13	12	0.7639597687642738	0.8294816628309905	0.7639597687642738		0.012530971938734693		0.041730261783785735	0.7644175001337368	0.7340070580006156	0.7644175001337367	0.8494346760148976	0.8911807712776569	0.8494346760148976	False	True
order.NB1n.id.3953	12	13	12	0.7639597687642738	0.8294816628309905	0.7639597687642738		0.012530971938734693		0.041730261783785735	0.7644175001337368	0.7340070580006156	0.7644175001337367	0.8494346760148976	0.8911807712776569	0.8494346760148976	False	True
family.unknownfamily.id.1000006161	12	13	12	0.7639597687642738	0.8294816628309905	0.7639597687642738		0.012530971938734693		0.041730261783785735	0.7644175001337368	0.7340070580006156	0.7644175001337367	0.8494346760148976	0.8911807712776569	0.8494346760148976	False	True
genus.Barnesiella.id.944	13	14	13	0.7799322152215513	0.3748993788234024	0.7799322152215513		-0.024083399741172507		0.08619457560591784	0.1651681153005559	0.9260629741309956	0.1651681153005561	0.0762811363681902	0.03630991366371669	0.07628113636819032	False	True
genus.Romboutsia.id.11347	14	14	14	0.7919207535958961	0.7919207535958961	0.7919207535958961		0.016760278452251788		0.06352988452355515	0.5627964699086752	0.5846148016585159	0.5627964699086753	0.4528397471643255	0.4528397471643254	0.4528397471643254	True	True
genus.Clostridiumsensustricto1.id.1873	7	8	7	0.7922071970271891	0.8805017991310086	0.7922071970271891		-0.022348143889926255		0.08483022419519139	0.911626875784064	0.9378796755407024	0.9116268757840639	0.3150751753759505	0.39420991528879706	0.31507517537595026	False	True
genus.Subdoligranulum.id.2070	10	11	10	0.8107455975133289	0.758529471421689	0.8107455975133289		-0.02244386777436222		0.09372532944730638	0.410409667251459	0.7680739152698403	0.4104096672514591	0.1459579585314009	0.05023175778088417	0.14595795853140106	False	True
genus..Eubacteriumruminantiumgroup.id.11340	18	18	18	0.8131477624473064	0.7941742959788627	0.8131477624473064		-0.010551330908802111		0.04463957718842702	0.3397121006830328	0.9766166054438665	0.33971210068303237	0.2394814467309222	0.23948144673092217	0.23948144673092217	False	True
genus.Alloprevotella.id.961	5	5	5	0.8214028554754125	0.780124440755136	0.8214028554754125		0.014208505561454868		0.06294162148437871	0.641752510989179	0.9675535462771453	0.6417525109891786	0.1905821944935879	0.19058219449358793	0.19058219449358793	False	True
genus.Odoribacter.id.952	7	9	7	0.8224921828188833	0.9470250630786415	0.8224921828188833		-0.023480713602197556		0.10466540427135425	0.965473236764926	0.9557155158078287	0.9654732367649261	0.2405945585360197	0.3789475624607599	0.2405945585360197	False	True
class.Bacilli.id.1673	18	20	18	0.8245466660218198	0.978110046269196	0.8245466660218198		-0.013418153360812169		0.06052365339873373	0.5149160809060819	0.9830708232699084	0.5149160809060821	0.7486762719805827	0.7688674356662456	0.7486762719805828	False	True
genus.Ruminiclostridium9.id.11357	9	12	9	0.825167442174739	0.45491025585688016	0.825167442174739		0.021941590222853493		0.09932650974230557	0.1931570553282925	0.400659362066346	0.19315705532829228	0.3318446936152846	0.5522048437776046	0.3318446936152845	False	True
class.Verrucomicrobiae.id.4029	12	13	12	0.8275003233826146	0.8557516551370432	0.8275003233826146		-0.013641792615073556		0.06260327668795511	0.7671325978172999	0.8955678539313575	0.7671325978172999	0.723090598612468	0.7915569246335258	0.723090598612468	False	True
order.Verrucomicrobiales.id.4030	12	13	12	0.8275003233826146	0.8557516551370432	0.8275003233826146		-0.013641792615073556		0.06260327668795511	0.7671325978172999	0.8955678539313575	0.7671325978172999	0.723090598612468	0.7915569246335258	0.723090598612468	False	True
family.Verrucomicrobiaceae.id.4036	12	13	12	0.8287580406985832	0.8570298253503587	0.8287580406985832		-0.013542198537094175		0.062609941837655	0.7718369748153312	0.8938931429197484	0.7718369748153312	0.7230282788767627	0.7915113502069789	0.7230282788767627	False	True
genus.Akkermansia.id.4037	12	13	12	0.8291646875369204	0.8574460661996922	0.8291646875369204		-0.01350669535634582		0.06259677866131622	0.7734873084280548	0.8936144860840611	0.7734873084280548	0.7230082326650344	0.7914965993576281	0.7230082326650344	False	True
genus.Flavonifractor.id.2059	5	6	5	0.8346817857092368	0.5249311549761282	0.8346817857092368		-0.01940979518263039		0.09300295745757767	0.2595080881220427	0.7058618969093395	0.2595080881220424	0.4494192235821516	0.16166590328422065	0.4494192235821516	False	True
genus.Coprococcus1.id.11301	12	13	12	0.8370569187365371	0.9504084911170932	0.8370569187365371		-0.015674943576191473		0.07621795123079182	0.1660790648377537	0.9805813438076124	0.1660790648377537	0.2823085951776469	0.2548005886856805	0.28230859517764684	False	True
genus.Fusicatenibacter.id.11305	18	18	18	0.8399629043006983	0.8399629043006983	0.8399629043006983		0.012962694026595879		0.06419052382390214	0.1763986218900874	0.7147975923037599	0.17639862189008518	0.8319321792822547	0.8319321792822547	0.8319321792822547	True	True
genus.Hungatella.id.11306	6	6	6	0.8454519211683987	0.8454519211683987	0.8454519211683987		-0.010614313728408431		0.054453414015116	0.1573431814626352	0.9845410121880671	0.1573431814626355	0.4455240431675857	0.445524043167586	0.445524043167586	True	True
genus..Eubacteriumeligensgroup.id.14372	7	7	7	0.84919659918064	0.84919659918064	0.84919659918064		0.01806292801184527		0.09499624104601671	0.0806864738477504	0.7380614335026863	0.08068647384775028	0.9667498479184944	0.9667498479184943	0.9667498479184943	True	True
family.Defluviitaleaceae.id.1924	11	12	11	0.8506315283935066	0.8378922984317855	0.8506315283935066		0.015017139020996563		0.07974575707130292	0.1352361974345658	0.7286211666214705	0.13523619743456594	0.0395297402463504	0.059146098488490506	0.039529740246350496	False	True
genus.unknowngenus.id.826	14	14	14	0.8511062029562235	0.802175182281508	0.8511062029562235		0.014674981123037788		0.07818018079386294	0.6578667569170321	0.9483358802253024	0.6578667569170326	0.0398124047673557	0.03981240476735574	0.03981240476735574	False	True
order.Erysipelotrichales.id.2148	13	13	13	0.8535341126310745	0.8387758387845192	0.8535341126310745		0.0159233485029469		0.08625349285471785	0.7724335822662253	0.9068135880856404	0.7724335822662248	0.265478264735949	0.2654782647359491	0.2654782647359491	False	True
family.Erysipelotrichaceae.id.2149	13	13	13	0.8535341126310745	0.8387758387845192	0.8535341126310745		0.0159233485029469		0.08625349285471785	0.7724335822662253	0.9068135880856404	0.7724335822662248	0.265478264735949	0.2654782647359491	0.2654782647359491	False	True
class.Erysipelotrichia.id.2147	13	13	13	0.8535341126310745	0.8387758387845192	0.8535341126310745		0.0159233485029469		0.08625349285471785	0.7724335822662253	0.9068135880856404	0.7724335822662248	0.265478264735949	0.2654782647359491	0.2654782647359491	False	True
genus.Terrisporobacter.id.11348	5	6	5	0.8600742302174675	0.8971725528340807	0.8600742302174675		0.013717920753930938		0.0778190728780207	0.847577928848674	0.7875441551727337	0.8475779288486737	0.6998085767923161	0.8183745296026509	0.6998085767923161	False	True
genus.Streptococcus.id.1853	17	17	17	0.8652728979192663	0.8164255471938122	0.8652728979192663		-0.014808181454898844		0.08727848079659704	0.7712083586005856	0.36764028517075803	0.7712083586005858	0.0182443537416087	0.018244353741608706	0.018244353741608706	False	True
phylum.Verrucomicrobia.id.3982	12	12	12	0.8668636366890653	0.8583714734151423	0.8668636366890653		-0.011068859680337476		0.06602612322265075	0.4397472775174105	0.646861944495482	0.4397472775174107	0.3298301845199109	0.3298301845199108	0.3298301845199108	False	True
genus.Ruminococcus1.id.11373	10	11	10	0.8695314464102741	0.9593535404960506	0.8695314464102741		0.012599249659705039		0.07670604310954213	0.12241919053297	0.6804366128829447	0.12241919053296989	0.3958347794532448	0.4479381621043881	0.3958347794532446	False	True
genus.RuminococcaceaeUCG003.id.11361	12	13	12	0.8764817449519734	0.5702896708944301	0.8764817449519734		0.011646845972924832		0.07493270210721804	0.6946266525130792	0.6943179804880486	0.6946266525130792	0.228785459370864	0.031389959500816786	0.22878545937086414	False	True
genus.ErysipelotrichaceaeUCG003.id.11384	17	17	17	0.8764821425701927	0.8764821425701927	0.8764821425701927		-0.008781826091417283		0.056500111314467416	0.5065402130671453	0.30496253935306433	0.5065402130671455	0.8339384242087957	0.8339384242087957	0.8339384242087957	True	True
genus.Coprobacter.id.949	11	13	11	0.8782419877676411	0.8513120875479747	0.8782419877676411		-0.010505108914493869		0.06857201873985845	0.0820143352628884	0.9524209567915843	0.08201433526288843	0.0506899577651962	0.06689048775419164	0.05068995776519633	False	True
genus.Methanobrevibacter.id.123	6	7	6	0.88039035869291	0.9027247237224032	0.88039035869291		0.01013927264280396		0.06738205087111751	0.3058828583128776	0.623151568424015	0.3058828583128776	0.1728332707556548	0.2567213571051789	0.17283327075565458	False	True
genus.Ruminiclostridium5.id.11355	11	14	11	0.8855225056275011	0.35488819892626955	0.8855225056275011		-0.011633617415293871		0.08080466898554986	0.8757590478262659	0.32717034241824433	0.8757590478262662	0.8989900428045035	0.9449762941746744	0.8989900428045035	False	True
genus.Eisenbergiella.id.11304	11	12	11	0.8882912614991116	0.4514849825446028	0.8882912614991116		0.006624753358011281		0.047162447602763044	0.1143684981073395	0.31238331086139826	0.11436849810733912	0.4163857328586346	0.2639035068743728	0.41638573285863456	False	True
genus.RikenellaceaeRC9gutgroup.id.11191	11	12	11	0.8990139514308542	0.8811811363165404	0.8990139514308542		-0.004638525391254604		0.036550567423851286	0.1464076593287209	0.9530139819676855	0.146407659328721	0.9693643783615576	0.9836370186991312	0.9693643783615576	False	True
phylum.Euryarchaeota.id.55	11	13	11	0.9155286922401292	0.7294561762421397	0.9155286922401293		-0.00505752645361511		0.04768209078413904	0.7930407981704106	0.7120548689626495	0.793040798170411	0.101675721453135	0.16636958638067906	0.10167572145313507	False	True
genus.Erysipelatoclostridium.id.11381	15	15	15	0.916135744395881	0.9090440699505088	0.916135744395881		0.005892089967636759		0.05595391853688448	0.6983772013172774	0.6908447481932485	0.6983772013172777	0.2850289558609733	0.2850289558609733	0.2850289558609733	False	True
genus.LachnospiraceaeND3007group.id.11317	3	3	3	0.91749272433158	0.908751340732094	0.91749272433158		0.01754637868506342		0.16937881979256486	0.4006133200770273	0.8897693006674803	0.40061332007702766	0.2940228803369533	0.2940228803369532	0.2940228803369532	False	True
genus.RuminococcaceaeUCG014.id.11371	11	13	11	0.9241136463280116	0.9025562736585042	0.9241136463280117		-0.006276594090103621		0.0658937277706929	0.2518997424472603	0.8277878549507965	0.25189974244726027	0.76571741665591	0.8675293757241345	0.7657174166559101	False	True
genus.Dialister.id.2183	11	12	11	0.9296577315944952	0.9087789897864426	0.9296577315944952		-0.0060004002059501245		0.06797358224574374	0.1713009218251319	0.9033247814716684	0.17130092182513174	0.604495356565219	0.6543298803994457	0.6044953565652191	False	True
genus.RuminococcaceaeUCG002.id.11360	21	21	21	0.9412040631617736	0.9412040631617736	0.9412040631617736		0.003869802172584106		0.05246720033884466	0.4686504012470629	0.9199806813029702	0.468650401247063	0.7156337131999932	0.7156337131999932	0.7156337131999932	True	True
genus.unknowngenus.id.2755	13	14	13	0.9415915187590168	0.9666080782387902	0.9415915187590169		0.003983329209999338		0.05436531475262552	0.8996586324549661	0.8323586796045239	0.8996586324549662	0.2393899145519251	0.30313146205519487	0.23938991455192526	False	True
genus.RuminococcaceaeUCG009.id.11366	11	12	11	0.9459690681948948	0.4190089022015526	0.9459690681948947		0.0035472121653618714		0.05234225625916617	0.7497710524576648	0.4750063855854255	0.7497710524576646	0.7886323536260644	0.31966207325201573	0.7886323536260645	False	True
genus.Gordonibacter.id.821	11	12	11	0.9467570393717378	0.7995149760710597	0.9467570393717378		0.003019362852001437		0.04521374453243634	0.8781393100705855	0.7250838967050935	0.8781393100705853	0.1609906685773215	0.17701129486348868	0.16099066857732136	False	True
genus.CandidatusSoleaferrea.id.11350	10	11	10	0.9496742545980766	0.5247577516409628	0.9496742545980766		-0.0040999893570656835		0.064959744475946	0.4728278382867042	0.7166695652087895	0.4728278382867045	0.0938093184924779	0.05915216740734589	0.09380931849247802	False	True
genus.FamilyXIIIUCG001.id.11294	8	9	8	0.952456508570006	0.9668497934240898	0.9524565085700061		0.006833978570916981		0.11462130735914221	0.6228350665780242	0.7063020830198077	0.622835066578024	0.0397131851273413	0.06432233506455444	0.03971318512734138	False	True
genus.Tyzzerella3.id.11335	13	13	13	0.952823954589887	0.952823954589887	0.952823954589887		0.0024888258557433218		0.04206876457621998	0.9538496579806308	0.9511178987183196	0.9538496579806316	0.6644227375460832	0.6644227375460832	0.6644227375460832	True	True
genus.RuminococcaceaeUCG004.id.11362	11	11	11	0.9585365360241612	0.9255530034702115	0.9585365360241611		-0.005617245896315412		0.1080444101655551	0.901311452212694	0.9424369189356507	0.9013114522126942	0.0003565102909649	0.00035651029096492483	0.00035651029096492483	False	True
genus.Lachnoclostridium.id.11308	13	15	13	0.9588264865985834	0.9875093455729231	0.9588264865985834		-0.0038098900366084192		0.07379750690216108	0.8114758284812833	0.9239949740969252	0.8114758284812834	0.9554520764202112	0.9791277065636826	0.9554520764202113	False	True
genus..Eubacteriumhalliigroup.id.11338	14	14	14	0.9593821236872752	0.9538200893912678	0.9593821236872753		0.003596518717916127		0.07061833332658508	0.6293396526715473	0.5630421762389358	0.6293396526715472	0.2082140410897105	0.2082140410897106	0.2082140410897106	False	True
order.Rhodospirillales.id.2667	14	14	14	0.9651339590510488	0.9623085774210555	0.9651339590510488		0.0022890013029999096		0.05236549088982573	0.9996840624962192	0.831114928946887	0.9996840624962198	0.2954037853188894	0.29540378531888944	0.29540378531888944	False	True
genus.LachnospiraceaeUCG001.id.11321	13	14	13	0.9674986202126578	0.6415402569130106	0.9674986202126578		0.0025081496767508506		0.06155616512374793	0.8662557574438374	0.6648137212857832	0.8662557574438372	0.2149713967517706	0.15884030329152624	0.21497139675177074	False	True
genus.RuminococcaceaeUCG005.id.11363	14	16	14	0.969274976139546	0.9924071368529379	0.969274976139546		-0.0023770182639070037		0.061712476497669345	0.5898644470656346	0.6819630067671889	0.5898644470656347	0.9354050658239056	0.48046900559143935	0.9354050658239055	False	True
genus..Eubacteriumxylanophilumgroup.id.14375	9	11	9	0.9697347114208404	0.9145919824489037	0.9697347114208404		0.004956099711694246		0.13062644016385902	0.0536241833590711	0.3485474673597407	0.05362418335907112	0.000803189504006	0.0018689296819675498	0.0008031895040060682	False	True
genus..Ruminococcusgauvreauiigroup.id.11342	12	13	12	0.9709482280775292	0.6765273013510489	0.9709482280775291		0.0024357435307803994		0.06688103689012097	0.3722459605504823	0.716689652233516	0.3722459605504819	0.4331891166374987	0.39767210981365453	0.4331891166374987	False	True
