taxon	n_snp	or_displayed	lci	uci	b_recon	se_recon	p_stored	p_recon	log10p_delta	qc
phylum.Cyanobacteria.id.1500	8	0.79	0.71	0.89	-0.229512	0.057643	0.0001162682260157	6.844986416263928e-05	0.2301	FAIL
genus.Sutterella.id.2896	12	0.81	0.71	0.93	-0.207531	0.068858	0.0023188454026624	0.002579320443204943	0.0462	PASS
class.Actinobacteria.id.419	16	1.27	1.08	1.49	0.237869	0.082097	0.0037332398017813	0.003762670636682941	0.0034	PASS
family.Enterobacteriaceae.id.3469	7	1.46	1.11	1.93	0.38094	0.141115	0.0068360025120357	0.006944299307033554	0.0068	PASS
order.Enterobacteriales.id.3468	7	1.46	1.11	1.93	0.38094	0.141115	0.0068360025120357	0.006944299307033554	0.0068	PASS
order.Bifidobacteriales.id.432	14	1.3	1.07	1.57	0.259367	0.097812	0.00869229958451	0.008009155737260031	0.0355	PASS
family.Bifidobacteriaceae.id.433	14	1.3	1.07	1.57	0.259367	0.097812	0.00869229958451	0.008009155737260031	0.0355	PASS
genus.FamilyXIIIAD3011group.id.11293	13	0.82	0.71	0.95	-0.196892	0.074286	0.0093476198001255	0.008038580206058707	0.0655	PASS
genus.Actinomyces.id.423	8	1.16	1.03	1.31	0.149793	0.061345	0.0116094437157692	0.014613890905277671	0.1	PASS
genus.Bifidobacterium.id.436	15	1.21	1.03	1.41	0.186574	0.080111	0.021302169098876	0.019862495826296126	0.0304	PASS
genus.Ruminococcus2.id.11374	15	0.88	0.79	0.98	-0.127963	0.054981	0.0254142508024446	0.019943125032384722	0.1053	PASS
phylum.Bacteroidetes.id.905	11	0.83	0.71	0.98	-0.181347	0.082218	0.0259641256411945	0.02740599195595073	0.0235	PASS
genus.RuminococcaceaeUCG010.id.11367	6	1.25	1.03	1.51	0.220834	0.097591	0.0270683073175017	0.0236450857518633	0.0587	PASS
genus.Blautia.id.1992	13	0.84	0.71	1.0	-0.171245	0.087372	0.046335373858253	0.049999998192884795	0.0331	PASS
family.Methanobacteriaceae.id.121	10	1.08	1.0	1.17	0.078502	0.040053	0.0536338800828032	0.04999999819288484	0.0305	PASS
class.Methanobacteria.id.119	10	1.08	1.0	1.17	0.078502	0.040053	0.0536338800828032	0.04999999819288484	0.0305	PASS
order.Methanobacteriales.id.120	10	1.08	1.0	1.17	0.078502	0.040053	0.0536338800828032	0.04999999819288484	0.0305	PASS
class.Coriobacteriia.id.809	17	1.18	0.99	1.4	0.163211	0.0884	0.0593321347254895	0.06485261590651206	0.0386	PASS
family.Coriobacteriaceae.id.811	17	1.18	0.99	1.4	0.163211	0.0884	0.0593321347254895	0.06485261590651206	0.0386	PASS
order.Coriobacteriales.id.810	17	1.18	0.99	1.4	0.163211	0.0884	0.0593321347254895	0.06485261590651206	0.0386	PASS
class.Betaproteobacteria.id.2867	10	0.85	0.72	1.01	-0.159277	0.086342	0.0672218184818802	0.06507816899306841	0.0141	PASS
genus.Haemophilus.id.3698	9	1.1	0.99	1.23	0.098482	0.055375	0.0825110604295732	0.07532721469945236	0.0396	PASS
genus.Anaerotruncus.id.2054	12	1.14	0.98	1.32	0.128715	0.07598	0.0921110338624145	0.09025247116959238	0.0089	PASS
genus.LachnospiraceaeFCS020group.id.11314	11	0.89	0.77	1.02	-0.120781	0.071728	0.0946744611068276	0.0922042126754085	0.0115	PASS
family.Actinomycetaceae.id.421	6	1.12	0.98	1.29	0.11722	0.070115	0.0987173030663297	0.09455855996408805	0.0187	PASS
order.Actinomycetales.id.420	6	1.12	0.98	1.29	0.11722	0.070115	0.0988446677652781	0.09455855996408805	0.0193	PASS
order.Bacillales.id.1674	8	0.94	0.86	1.02	-0.06551	0.043528	0.1124263961279448	0.13231866064613035	0.0708	PASS
genus.Anaerofilum.id.2053	10	0.93	0.84	1.02	-0.077275	0.049531	0.1159917896933985	0.11872271077967558	0.0101	PASS
class.Gammaproteobacteria.id.3303	7	1.18	0.96	1.44	0.161911	0.103437	0.1183722556924748	0.11751073229934168	0.0032	PASS
family.Prevotellaceae.id.960	16	0.89	0.77	1.03	-0.115903	0.074217	0.129885649513473	0.11836191398118423	0.0403	PASS
genus.Howardella.id.2000	10	0.94	0.87	1.02	-0.05973	0.040578	0.1324919347508834	0.14103281019214123	0.0271	PASS
family.Peptostreptococcaceae.id.2042	13	0.9	0.78	1.03	-0.109451	0.070925	0.1338824958076868	0.12278189259623264	0.0376	PASS
genus.Roseburia.id.2012	14	0.85	0.69	1.05	-0.161137	0.107108	0.1376505498152619	0.13246837345106288	0.0167	PASS
genus.Coprococcus2.id.11302	9	0.89	0.76	1.04	-0.117608	0.080016	0.1399514170867796	0.14161483050058538	0.0051	PASS
genus.Turicibacter.id.2162	10	0.92	0.82	1.03	-0.084446	0.058167	0.1539824226418205	0.1465597057472782	0.0215	PASS
order.Bacteroidales.id.913	12	0.89	0.76	1.04	-0.117608	0.080016	0.1548519472051473	0.14161483050058538	0.0388	PASS
class.Bacteroidia.id.912	12	0.89	0.76	1.04	-0.117608	0.080016	0.1548519472051473	0.14161483050058538	0.0388	PASS
order.Selenomonadales.id.2165	12	0.89	0.76	1.05	-0.112823	0.082457	0.1552247453590418	0.1712299476575896	0.0426	PASS
class.Negativicutes.id.2164	12	0.89	0.76	1.05	-0.112823	0.082457	0.1552247453590418	0.1712299476575896	0.0426	PASS
genus.DefluviitaleaceaeUCG011.id.11287	9	1.1	0.97	1.24	0.092326	0.062647	0.1555105391067045	0.14054676847210784	0.0439	PASS
genus.RuminococcaceaeNK4A214group.id.11358	13	1.1	0.96	1.26	0.095145	0.069372	0.1587900921648609	0.170214649948911	0.0302	PASS
phylum.Firmicutes.id.1672	16	0.91	0.81	1.04	-0.08575	0.063762	0.1599823912317156	0.17867329909127183	0.048	PASS
genus.unknowngenus.id.2001	10	1.09	0.97	1.23	0.088277	0.060581	0.1609595064229287	0.14506679974516412	0.0451	PASS
family.unknownfamily.id.1000005471	13	1.08	0.97	1.21	0.080081	0.056399	0.1693612537808303	0.15563782976146232	0.0367	PASS
genus.unknowngenus.id.1000005472	13	1.08	0.97	1.21	0.080081	0.056399	0.1693612537808303	0.15563782976146232	0.0367	PASS
order.MollicutesRF9.id.11579	13	1.08	0.97	1.21	0.080081	0.056399	0.1693612537808303	0.15563782976146232	0.0367	PASS
genus.Enterorhabdus.id.820	6	0.9	0.78	1.04	-0.10462	0.07339	0.1723942884167909	0.153999326476153	0.049	PASS
genus.Intestinibacter.id.11345	14	1.08	0.96	1.22	0.079014	0.061142	0.1792966128516786	0.19625087929852347	0.0392	PASS
genus.Phascolarctobacterium.id.2168	9	0.91	0.79	1.05	-0.093466	0.072581	0.1810911787998129	0.1978337936637904	0.0384	PASS
order.Desulfovibrionales.id.3156	12	0.9	0.77	1.05	-0.106287	0.079123	0.1811146120205606	0.17916707953965827	0.0047	PASS
family.Lactobacillaceae.id.1836	9	1.13	0.94	1.36	0.122805	0.094226	0.1827572163825014	0.19247388059879722	0.0225	PASS
genus.Oscillibacter.id.2063	13	0.93	0.83	1.04	-0.073554	0.057539	0.194408106543139	0.20113250729073273	0.0148	PASS
order.Burkholderiales.id.2874	10	0.88	0.72	1.07	-0.130423	0.101064	0.1956879977906147	0.19687742229092442	0.0026	PASS
genus.unknowngenus.id.1868	9	0.91	0.78	1.06	-0.095096	0.078249	0.2107980895181731	0.22425037016152338	0.0269	PASS
genus.Olsenella.id.822	11	1.05	0.97	1.15	0.054651	0.043425	0.2215683093819211	0.208198017778347	0.027	PASS
genus.Lactobacillus.id.1837	8	1.12	0.93	1.35	0.113767	0.095072	0.2260563744416283	0.23144679933704615	0.0102	PASS
genus.Coprococcus3.id.11303	10	1.15	0.91	1.46	0.142063	0.120601	0.236724171889422	0.23881334433725598	0.0038	PASS
genus.LachnospiraceaeUCG010.id.11330	10	0.91	0.77	1.07	-0.096853	0.083936	0.2395281190026164	0.24854503556543595	0.016	PASS
genus..Ruminococcustorquesgroup.id.14377	9	0.87	0.69	1.1	-0.137877	0.118975	0.2452280768260226	0.24650895219996105	0.0023	PASS
class.Deltaproteobacteria.id.3087	13	0.92	0.8	1.06	-0.082437	0.07179	0.2469349512489591	0.2508411639432854	0.0068	PASS
genus.Sellimonas.id.14369	10	1.04	0.97	1.12	0.041435	0.036681	0.2474624331801685	0.25864953265905843	0.0192	PASS
order.Clostridiales.id.1863	13	0.91	0.78	1.07	-0.090401	0.080644	0.2573657599987221	0.2622928774054446	0.0082	PASS
family.Porphyromonadaceae.id.943	10	1.17	0.89	1.54	0.157624	0.139879	0.2616353148569381	0.25980146371321455	0.0031	PASS
family.Rikenellaceae.id.967	18	0.92	0.8	1.07	-0.077742	0.074186	0.2702071387440753	0.2946637879593951	0.0376	PASS
family.Ruminococcaceae.id.2050	10	1.09	0.94	1.26	0.084618	0.074743	0.2749727772853787	0.2575832620089398	0.0284	PASS
family.unknownfamily.id.1000001214	9	0.94	0.85	1.05	-0.056864	0.053906	0.279712768256565	0.2914833510911973	0.0179	PASS
order.Gastranaerophilales.id.1591	9	0.94	0.85	1.05	-0.056864	0.053906	0.279712768256565	0.2914833510911973	0.0179	PASS
genus.unknowngenus.id.1000001215	9	0.94	0.85	1.05	-0.056864	0.053906	0.279712768256565	0.2914833510911973	0.0179	PASS
genus.Collinsella.id.815	10	1.14	0.9	1.45	0.133102	0.121667	0.2869778888452773	0.2739610092610828	0.0202	PASS
genus.Victivallis.id.2256	11	1.04	0.97	1.12	0.041435	0.036681	0.2897036030376352	0.25864953265905843	0.0492	PASS
family.Acidaminococcaceae.id.2166	7	0.92	0.8	1.07	-0.077742	0.074186	0.2908214817433057	0.2946637879593951	0.0057	PASS
family.FamilyXI.id.1936	8	1.05	0.96	1.13	0.040698	0.041593	0.2950378556514889	0.32783241146311426	0.0458	PASS
class.Melainabacteria.id.1589	10	0.95	0.86	1.05	-0.051016	0.050923	0.2967266930631541	0.3164205674649826	0.0279	PASS
genus.Prevotella7.id.11182	11	1.04	0.97	1.12	0.041435	0.036681	0.2981816926091983	0.25864953265905843	0.0618	PASS
phylum.Actinobacteria.id.400	16	1.13	0.9	1.42	0.122648	0.116333	0.2990336798689089	0.291752719246698	0.0107	PASS
family.Oxalobacteraceae.id.2966	14	1.04	0.97	1.12	0.041435	0.036681	0.3058711560909692	0.25864953265905843	0.0728	PASS
genus.Lachnospira.id.2004	6	1.15	0.88	1.52	0.145438	0.139427	0.3094215608854593	0.2968946629253577	0.0179	PASS
class.Alphaproteobacteria.id.2379	8	1.07	0.94	1.23	0.072569	0.068596	0.314886401847385	0.2900866622597763	0.0356	PASS
genus.Slackia.id.825	6	1.07	0.94	1.23	0.072569	0.068596	0.3172300477484225	0.2900866622597763	0.0388	PASS
family.Christensenellaceae.id.1866	11	0.94	0.83	1.06	-0.06403	0.062399	0.3235965778292493	0.3048217206637849	0.026	PASS
genus.Prevotella9.id.11183	16	1.05	0.95	1.15	0.044234	0.048739	0.3326288978492758	0.36410720994519297	0.0393	PASS
family.Clostridiaceae1.id.1869	10	0.93	0.79	1.08	-0.079381	0.079768	0.3346195781602139	0.31966400399599604	0.0199	PASS
phylum.Proteobacteria.id.2375	12	1.07	0.93	1.24	0.07127	0.07339	0.3362462127682497	0.33148714008191305	0.0062	PASS
genus.LachnospiraceaeNK4A136group.id.11319	15	1.06	0.94	1.21	0.064372	0.064413	0.3364916988074934	0.31761781195637784	0.0251	PASS
genus.Escherichia.Shigella.id.3504	10	1.07	0.93	1.24	0.07127	0.07339	0.3406956844384534	0.33148714008191305	0.0119	PASS
genus.Bilophila.id.3170	13	0.93	0.79	1.09	-0.074772	0.082119	0.3537630235244993	0.3625390209427891	0.0106	PASS
genus.Intestinimonas.id.2062	16	0.94	0.84	1.07	-0.053347	0.061739	0.3543429883126912	0.38754374737040953	0.0389	PASS
genus..Eubacteriumventriosumgroup.id.11341	15	0.91	0.73	1.12	-0.100691	0.109196	0.3709220726573821	0.35646858408481075	0.0173	PASS
genus.unknowngenus.id.2041	12	0.95	0.84	1.07	-0.053347	0.061739	0.3760956066374858	0.38754374737040953	0.013	PASS
genus..Ruminococcusgnavusgroup.id.14376	11	0.96	0.87	1.05	-0.045236	0.047973	0.3858232403137361	0.345712404029499	0.0477	PASS
genus.Holdemanella.id.11393	11	0.96	0.87	1.06	-0.040497	0.050391	0.4051190249720142	0.42160525661732107	0.0173	PASS
order.Lactobacillales.id.1800	15	1.06	0.93	1.21	0.059025	0.067142	0.405640599396092	0.3793432615433744	0.0291	PASS
family.ClostridialesvadinBB60group.id.11286	15	1.04	0.94	1.16	0.043272	0.053648	0.4079167354456287	0.4198969014781625	0.0126	PASS
genus.unknowngenus.id.1000000073	15	1.04	0.94	1.16	0.043272	0.053648	0.4079167354456287	0.4198969014781625	0.0126	PASS
phylum.Lentisphaerae.id.2238	9	1.07	0.91	1.24	0.0604	0.078936	0.4176237693913404	0.44416157288161073	0.0268	PASS
phylum.Tenericutes.id.3919	13	0.95	0.85	1.07	-0.04743	0.05872	0.4199118316058932	0.419242525506749	0.0007	PASS
class.Mollicutes.id.3920	13	0.95	0.85	1.07	-0.04743	0.05872	0.4199118316058932	0.419242525506749	0.0007	PASS
genus.LachnospiraceaeUCG004.id.11324	14	0.94	0.82	1.09	-0.056137	0.072611	0.4319303672608775	0.4394525650357246	0.0075	PASS
genus.Parabacteroides.id.954	6	0.92	0.75	1.13	-0.082732	0.104568	0.4352188796469131	0.4288391081307662	0.0064	PASS
family.Veillonellaceae.id.2172	19	1.04	0.94	1.15	0.038943	0.051439	0.4484834449989495	0.44900428288171	0.0005	PASS
genus..Eubacteriumoxidoreducensgroup.id.11339	5	1.05	0.92	1.2	0.04947	0.067783	0.4497923041131856	0.4654927365181383	0.0149	PASS
family.Desulfovibrionaceae.id.3169	10	0.94	0.8	1.1	-0.063917	0.08124	0.4581601390088228	0.43141842271787245	0.0261	PASS
genus..Eubacteriumbrachygroup.id.11296	10	1.04	0.94	1.14	0.034576	0.049211	0.4583341193052064	0.48229537544052237	0.0221	PASS
genus.Paraprevotella.id.962	13	0.97	0.88	1.06	-0.034782	0.047476	0.4639453775250614	0.4637850110367351	0.0002	PASS
genus.Faecalibacterium.id.2057	10	1.05	0.92	1.19	0.045286	0.065648	0.4814981472369256	0.4903012892747337	0.0079	PASS
order.Victivallales.id.2254	8	1.06	0.89	1.27	0.061242	0.090703	0.4846954401149825	0.49955836943141474	0.0131	PASS
class.Lentisphaeria.id.2250	8	1.06	0.89	1.27	0.061242	0.090703	0.4846954401149825	0.49955836943141474	0.0131	PASS
class.Clostridia.id.1859	12	0.95	0.81	1.11	-0.053181	0.080379	0.4909415934357025	0.5082151116220133	0.015	PASS
genus.RuminococcaceaeUCG011.id.11368	8	1.04	0.94	1.14	0.034576	0.049211	0.4923700066628886	0.48229537544052237	0.009	PASS
family.Pasteurellaceae.id.3689	14	1.03	0.94	1.14	0.034576	0.049211	0.5084281168516309	0.48229537544052237	0.0229	PASS
order.Pasteurellales.id.3688	14	1.03	0.94	1.14	0.034576	0.049211	0.5084281168516309	0.48229537544052237	0.0229	PASS
genus.Dorea.id.1997	11	0.94	0.78	1.13	-0.063122	0.094563	0.5110578524984108	0.5044443134941168	0.0057	PASS
genus.Adlercreutzia.id.812	8	0.96	0.84	1.1	-0.039522	0.068793	0.5248823183981597	0.5656291954460037	0.0325	PASS
genus..Eubacteriumcoprostanoligenesgroup.id.11375	13	0.95	0.82	1.11	-0.047045	0.077249	0.5264345395108369	0.5425179781145772	0.0131	PASS
genus.LachnospiraceaeUCG008.id.11328	10	0.95	0.82	1.11	-0.047045	0.077249	0.5266113687835006	0.5425179781145772	0.0129	PASS
genus..Eubacteriumrectalegroup.id.14374	9	0.94	0.77	1.14	-0.065168	0.100102	0.5344426891679638	0.5150349860873578	0.0161	PASS
genus.Oxalobacter.id.2978	11	1.03	0.93	1.14	0.029229	0.051939	0.5391725500469686	0.5736070724967623	0.0269	PASS
genus.LachnospiraceaeNC2004group.id.11316	9	0.96	0.85	1.09	-0.038171	0.063444	0.548201733588786	0.5474131784726357	0.0006	PASS
genus.Butyricicoccus.id.2055	8	1.07	0.85	1.35	0.068793	0.118018	0.5669520340430234	0.5599610639572539	0.0054	PASS
genus.Catenibacterium.id.2153	4	1.03	0.92	1.16	0.032519	0.059134	0.5691104896724648	0.58237255461283	0.01	PASS
genus.Butyrivibrio.id.1993	15	0.98	0.92	1.05	-0.017296	0.033718	0.5746105260341852	0.6079837803215495	0.0245	PASS
genus.Alistipes.id.968	12	0.95	0.81	1.13	-0.044252	0.084935	0.5776692181679863	0.6023616845716834	0.0182	PASS
genus.Desulfovibrio.id.3173	10	0.97	0.85	1.09	-0.038171	0.063444	0.5777664190473538	0.5474131784726357	0.0234	PASS
genus.Parasutterella.id.2892	14	0.96	0.84	1.1	-0.039522	0.068793	0.5800656606968908	0.5656291954460037	0.0109	PASS
family.Victivallaceae.id.2255	12	1.02	0.95	1.09	0.017442	0.03507	0.5881871396674138	0.6189372596826951	0.0221	PASS
genus..Eubacteriumnodatumgroup.id.11297	11	0.98	0.91	1.05	-0.02276	0.036506	0.5907747446204353	0.5329780598086526	0.0447	PASS
genus.Senegalimassilia.id.11160	5	1.04	0.89	1.23	0.04524	0.082539	0.596192407735095	0.5836198793717368	0.0093	PASS
genus.Oscillospira.id.2064	9	0.96	0.84	1.11	-0.034997	0.071102	0.6012847142110291	0.6225735203309146	0.0151	PASS
genus.Lactococcus.id.1851	9	1.02	0.94	1.12	0.025727	0.044696	0.6031955007139221	0.564889031006506	0.0285	PASS
genus..Clostridiuminnocuumgroup.id.14397	8	0.98	0.9	1.07	-0.018851	0.044138	0.6107035016363606	0.6693156806796272	0.0398	PASS
genus.Eggerthella.id.819	10	1.03	0.9	1.18	0.030077	0.069102	0.6189136219897066	0.6633777597070794	0.0301	PASS
family.Peptococcaceae.id.2024	10	1.03	0.9	1.18	0.030077	0.069102	0.6217773952301734	0.6633777597070794	0.0281	PASS
genus.ChristensenellaceaeR.7group.id.11283	9	0.96	0.8	1.14	-0.046058	0.090352	0.6265925318398231	0.610219560063261	0.0115	PASS
genus.Veillonella.id.2198	6	1.05	0.87	1.27	0.049877	0.096502	0.636112260009339	0.6052564491772785	0.0216	PASS
family.Alcaligenaceae.id.2875	13	0.96	0.78	1.17	-0.045729	0.103437	0.6555622069802366	0.6584213063224029	0.0019	PASS
family.Lachnospiraceae.id.1987	16	0.97	0.84	1.11	-0.034997	0.071102	0.6566907249878664	0.6225735203309146	0.0232	PASS
genus.Marvinbryantia.id.2005	10	0.97	0.84	1.12	-0.030512	0.07339	0.6590221336355981	0.6775868518168675	0.0121	PASS
family.Streptococcaceae.id.1850	16	0.97	0.85	1.11	-0.029079	0.068083	0.661390910904508	0.6692918086341463	0.0052	PASS
genus.Holdemania.id.2157	15	1.02	0.93	1.13	0.024823	0.049692	0.6707317688348045	0.6173930317792832	0.036	PASS
genus.Butyricimonas.id.945	12	0.97	0.82	1.14	-0.033711	0.084052	0.6838873658909383	0.6883645761401092	0.0028	PASS
genus.RuminococcaceaeUCG013.id.11370	11	0.95	0.76	1.2	-0.046058	0.116522	0.684135649997053	0.6926440307129649	0.0054	PASS
genus..Eubacteriumfissicatenagroup.id.14373	10	0.98	0.9	1.07	-0.018851	0.044138	0.6847980826139889	0.6693156806796272	0.0099	PASS
genus.Allisonella.id.2174	8	0.98	0.89	1.08	-0.019786	0.049362	0.6859484447886748	0.6885351263816618	0.0016	PASS
family.Rhodospirillaceae.id.2717	15	0.98	0.89	1.08	-0.019786	0.049362	0.6867097159638947	0.6885351263816618	0.0012	PASS
genus.Anaerostipes.id.1991	13	1.03	0.89	1.2	0.032894	0.07624	0.6929830616795054	0.6661401004175169	0.0172	PASS
genus.Bacteroides.id.918	9	1.05	0.83	1.32	0.045651	0.11836	0.6954944281459343	0.6997203563351049	0.0026	PASS
family.Bacteroidaceae.id.917	9	1.05	0.83	1.32	0.045651	0.11836	0.6954944281459343	0.6997203563351049	0.0026	PASS
family.FamilyXIII.id.1957	10	1.03	0.88	1.21	0.031393	0.08124	0.7093563223239081	0.6991778611444661	0.0063	PASS
genus.unknowngenus.id.2071	16	1.02	0.91	1.14	0.018359	0.057485	0.713131143467554	0.7494505236217335	0.0216	PASS
genus.Ruminiclostridium6.id.11356	17	1.02	0.91	1.14	0.018359	0.057485	0.7391993851458468	0.7494505236217335	0.006	PASS
genus.unknowngenus.id.959	13	0.99	0.91	1.07	-0.013326	0.041319	0.7436289283312418	0.7470649915010902	0.002	PASS
genus.Peptococcus.id.2037	13	1.01	0.93	1.1	0.01137	0.042828	0.7500883334542338	0.7906417256021473	0.0229	PASS
genus.unknowngenus.id.1000005479	8	0.98	0.87	1.11	-0.017451	0.06215	0.7634272438120875	0.7788710934657221	0.0087	PASS
family.BacteroidalesS24.7group.id.11173	8	0.98	0.87	1.11	-0.017451	0.06215	0.7634272438120875	0.7788710934657221	0.0087	PASS
genus.unknowngenus.id.1000006162	12	1.01	0.93	1.1	0.01137	0.042828	0.7639597687642738	0.7906417256021473	0.0149	PASS
order.NB1n.id.3953	12	1.01	0.93	1.1	0.01137	0.042828	0.7639597687642738	0.7906417256021473	0.0149	PASS
family.unknownfamily.id.1000006161	12	1.01	0.93	1.1	0.01137	0.042828	0.7639597687642738	0.7906417256021473	0.0149	PASS
genus.Barnesiella.id.944	13	0.98	0.82	1.16	-0.025015	0.088489	0.7799322152215513	0.7774103238818095	0.0014	PASS
genus.Romboutsia.id.11347	14	1.02	0.9	1.15	0.017201	0.062532	0.7919207535958961	0.7832633263486395	0.0048	PASS
genus.Clostridiumsensustricto1.id.1873	7	0.98	0.83	1.15	-0.023284	0.083188	0.7922071970271891	0.7795592312967127	0.007	PASS
genus.Subdoligranulum.id.2070	10	0.98	0.81	1.17	-0.026859	0.093809	0.8107455975133289	0.7746393291081444	0.0198	PASS
genus..Eubacteriumruminantiumgroup.id.11340	18	0.99	0.91	1.08	-0.008675	0.043693	0.8131477624473064	0.8426208603193384	0.0155	PASS
genus.Alloprevotella.id.961	5	1.01	0.9	1.15	0.017201	0.062532	0.8214028554754125	0.7832633263486395	0.0206	PASS
genus.Odoribacter.id.952	7	0.98	0.8	1.2	-0.020411	0.103437	0.8224921828188833	0.8435708290958926	0.011	PASS
class.Bacilli.id.1673	18	0.99	0.88	1.11	-0.011737	0.059234	0.8245466660218198	0.8429350734252937	0.0096	PASS
genus.Ruminiclostridium9.id.11357	9	1.02	0.84	1.24	0.020379	0.099355	0.825167442174739	0.8374840178628877	0.0064	PASS
class.Verrucomicrobiae.id.4029	12	0.99	0.87	1.12	-0.012967	0.064438	0.8275003233826146	0.8405197932566287	0.0068	PASS
order.Verrucomicrobiales.id.4030	12	0.99	0.87	1.12	-0.012967	0.064438	0.8275003233826146	0.8405197932566287	0.0068	PASS
family.Verrucomicrobiaceae.id.4036	12	0.99	0.87	1.12	-0.012967	0.064438	0.8287580406985832	0.8405197932566287	0.0061	PASS
genus.Akkermansia.id.4037	12	0.99	0.87	1.12	-0.012967	0.064438	0.8291646875369204	0.8405197932566287	0.0059	PASS
genus.Flavonifractor.id.2059	5	0.98	0.82	1.18	-0.016468	0.09285	0.8346817857092368	0.8592224836567647	0.0126	PASS
genus.Coprococcus1.id.11301	12	0.98	0.85	1.14	-0.015745	0.074886	0.8370569187365371	0.8334665041504685	0.0019	PASS
genus.Fusicatenibacter.id.11305	18	1.01	0.89	1.15	0.011614	0.065383	0.8399629043006983	0.8590121058621691	0.0097	PASS
genus.Hungatella.id.11306	6	0.99	0.89	1.1	-0.010612	0.054043	0.8454519211683987	0.8443288590294779	0.0006	PASS
genus..Eubacteriumeligensgroup.id.14372	7	1.02	0.85	1.23	0.022248	0.09427	0.84919659918064	0.8134342303516514	0.0187	PASS
family.Defluviitaleaceae.id.1924	11	1.02	0.87	1.19	0.017346	0.079903	0.8506315283935066	0.8281440403733091	0.0116	PASS
genus.unknowngenus.id.826	14	1.01	0.87	1.18	0.013126	0.077751	0.8511062029562235	0.8659347869792415	0.0075	PASS
order.Erysipelotrichales.id.2148	13	1.02	0.86	1.2	0.015749	0.084987	0.8535341126310745	0.852982937847947	0.0003	PASS
family.Erysipelotrichaceae.id.2149	13	1.02	0.86	1.2	0.015749	0.084987	0.8535341126310745	0.852982937847947	0.0003	PASS
class.Erysipelotrichia.id.2147	13	1.02	0.86	1.2	0.015749	0.084987	0.8535341126310745	0.852982937847947	0.0003	PASS
genus.Terrisporobacter.id.11348	5	1.01	0.87	1.18	0.013126	0.077751	0.8600742302174675	0.8659347869792415	0.0029	PASS
genus.Streptococcus.id.1853	17	0.99	0.83	1.17	-0.014663	0.087587	0.8652728979192663	0.8670471420614297	0.0009	PASS
phylum.Verrucomicrobia.id.3982	12	0.99	0.87	1.13	-0.008522	0.066705	0.8668636366890653	0.8983394151675983	0.0155	PASS
genus.Ruminococcus1.id.11373	10	1.01	0.87	1.18	0.013126	0.077751	0.8695314464102741	0.8659347869792415	0.0018	PASS
genus.RuminococcaceaeUCG003.id.11361	12	1.01	0.87	1.17	0.008871	0.075579	0.8764817449519734	0.9065659518241687	0.0147	PASS
genus.ErysipelotrichaceaeUCG003.id.11384	17	0.99	0.89	1.11	-0.006087	0.056352	0.8764821425701927	0.9139824851398498	0.0182	PASS
genus.Coprobacter.id.949	11	0.99	0.87	1.13	-0.008522	0.066705	0.8782419877676411	0.8983394151675983	0.0098	PASS
genus.Methanobrevibacter.id.123	6	1.01	0.89	1.15	0.011614	0.065383	0.88039035869291	0.8590121058621691	0.0107	PASS
genus.Ruminiclostridium5.id.11355	11	0.99	0.84	1.16	-0.012967	0.082342	0.8855225056275011	0.874871106790746	0.0053	PASS
genus.Eisenbergiella.id.11304	11	1.01	0.92	1.1	0.005964	0.045585	0.8882912614991116	0.8959039344764363	0.0037	PASS
genus.RikenellaceaeRC9gutgroup.id.11191	11	1.0	0.93	1.07	-0.002456	0.035773	0.8990139514308542	0.9452643253629672	0.0218	PASS
phylum.Euryarchaeota.id.55	11	0.99	0.91	1.09	-0.004066	0.046044	0.9155286922401292	0.9296240122878587	0.0066	PASS
genus.Erysipelatoclostridium.id.11381	15	1.01	0.9	1.12	0.003984	0.055789	0.916135744395881	0.9430687951325675	0.0126	PASS
genus.LachnospiraceaeND3007group.id.11317	3	1.02	0.73	1.42	0.017973	0.16974	0.91749272433158	0.9156728032160586	0.0009	PASS
genus.RuminococcaceaeUCG014.id.11371	11	0.99	0.87	1.13	-0.008522	0.066705	0.9241136463280116	0.8983394151675983	0.0123	PASS
genus.Dialister.id.2183	11	0.99	0.87	1.14	-0.004117	0.068953	0.9296577315944952	0.9523897728788918	0.0105	PASS
genus.RuminococcaceaeUCG002.id.11360	21	1.0	0.91	1.11	0.005025	0.050682	0.9412040631617736	0.9210266182901231	0.0094	PASS
genus.unknowngenus.id.2755	13	1.0	0.9	1.12	0.003984	0.055789	0.9415915187590168	0.9430687951325675	0.0007	PASS
genus.RuminococcaceaeUCG009.id.11366	11	1.0	0.91	1.11	0.005025	0.050682	0.9459690681948948	0.9210266182901231	0.0116	PASS
genus.Gordonibacter.id.821	11	1.0	0.92	1.1	0.005964	0.045585	0.9467570393717378	0.8959039344764363	0.024	PASS
genus.CandidatusSoleaferrea.id.11350	10	1.0	0.88	1.13	-0.002808	0.06379	0.9496742545980766	0.9648903722405979	0.0069	PASS
genus.FamilyXIIIUCG001.id.11294	8	1.01	0.8	1.26	0.003984	0.115884	0.952456508570006	0.9725740801257169	0.0091	PASS
genus.Tyzzerella3.id.11335	13	1.0	0.92	1.09	0.001398	0.043256	0.952823954589887	0.9742165131736651	0.0096	PASS
genus.RuminococcaceaeUCG004.id.11362	11	0.99	0.8	1.23	-0.008065	0.109736	0.9585365360241612	0.9414148749936679	0.0078	PASS
genus.Lachnoclostridium.id.11308	13	1.0	0.86	1.15	-0.00553	0.07413	0.9588264865985834	0.9405290581339245	0.0084	PASS
genus..Eubacteriumhalliigroup.id.11338	14	1.0	0.87	1.15	0.00025	0.071181	0.9593821236872752	0.9971983934674169	0.0168	PASS
order.Rhodospirillales.id.2667	14	1.0	0.9	1.11	-0.0005	0.053501	0.9651339590510488	0.9925396686526008	0.0122	PASS
genus.LachnospiraceaeUCG001.id.11321	13	1.0	0.89	1.13	0.002842	0.060907	0.9674986202126578	0.962784434470148	0.0021	PASS
genus.RuminococcaceaeUCG005.id.11363	14	1.0	0.88	1.13	-0.002808	0.06379	0.969274976139546	0.9648903722405979	0.002	PASS
genus..Eubacteriumxylanophilumgroup.id.14375	9	1.0	0.78	1.3	0.006951	0.130315	0.9697347114208404	0.9574582730561991	0.0055	PASS
genus..Ruminococcusgauvreauiigroup.id.11342	12	1.0	0.88	1.14	0.001597	0.066037	0.9709482280775292	0.9807010293231124	0.0043	PASS
