taxon	n	OR	b	se	p	qp	or_eg	p_eg	pleio_p	p_wm	fdr
family.Oxalobacteraceae.id.2966	14	0.9277965596823471	-0.07494279470936474	0.02364088927391261	0.001524128489569751	0.13554272343134668	1.0001940639225175	0.9984440202149707	0.44179840716251256	0.0017585166948438516	0.1497528005935714
genus.Oxalobacter.id.2978	10	0.9222176833386606	-0.08097398422674912	0.026865624956353223	0.0025779647216299492	0.09093560259131346	0.8949359779693293	0.4299558459994512	0.8237647040892111	0.014231909278300755	0.1497528005935714
genus..Eubacteriumbrachygroup.id.11296	10	1.065240097175085	0.06320021710974089	0.0212591140555656	0.002950458960812058	0.6568170653090255	0.9639309298800947	0.6276244201643854	0.19518816444094145	0.016916579959403936	0.1497528005935714
order.Clostridiales.id.1863	13	1.1475105878416247	0.13759488978722875	0.046884974295899336	0.0033383461443003437	0.09045751018546755	0.9585018309164972	0.8587294042871405	0.44593956151103104	0.007533438311180511	0.1497528005935714
family.Victivallaceae.id.2255	12	1.0531657373339984	0.051800616145401324	0.01776595421019152	0.0035486445638287065	0.5086970197381671	0.977756474425238	0.7765900444984697	0.3466085663118481	0.255601475728915	0.1497528005935714
genus.Gordonibacter.id.821	12	0.9337569804409416	-0.06853906685655593	0.02605068715552411	0.008513683475714996	0.012958080564273701	0.8503778408914313	0.1783512224634659	0.4101513870363513	0.11064722185504597	0.29939786889597736
genus.FamilyXIIIUCG001.id.11294	8	1.1083211477204145	0.1028463908412954	0.04206367925029093	0.014484550537916857	0.2796848990404001	1.2220865536967127	0.14871239446649523	0.4213555102898274	0.3239233061299678	0.43660573764292243
phylum.Cyanobacteria.id.1500	8	1.0948605303736336	0.09062698563448206	0.04148332756864486	0.02891375109012971	0.060852690022214904	1.178779681420017	0.32637958552589424	0.6345081550557728	0.00275443910482173	0.6681724913637144
genus.Oscillibacter.id.2063	14	0.9242718854080458	-0.07874900234588095	0.036852491300120804	0.032608524147978	0.010865914966125635	0.695592719250269	0.011397627602569665	0.032376900934263694	0.016242842627757895	0.6681724913637144
class.Clostridia.id.1859	12	1.122292639542354	0.11537359264946237	0.05575060687126048	0.038503039118819346	0.02200443754607066	1.1184461776776984	0.7196662170242201	0.9910192598422207	0.012577584762660436	0.6681724913637144
genus.Butyricimonas.id.945	12	1.0867030126163435	0.08314835334411574	0.04036862664750278	0.03942463941568806	0.041820288771036544	1.1670756637678747	0.30043167823477296	0.6091183509062816	0.22046521015480014	0.6681724913637144
class.Actinobacteria.id.419	16	1.0923810375349632	0.08835975193046766	0.04405003074467328	0.04486741426066003	0.007362929473034036	1.2495329839611655	0.13109153222839923	0.32497680486529	0.1017329877800281	0.6681724913637144
genus.Alistipes.id.968	14	0.9334142164600026	-0.06890621474889509	0.034820755275742264	0.047829135136623055	0.6080219216770449	0.7332141186123571	0.03831036920293979	0.08821708702047236	0.27762286113666335	0.6681724913637144
genus.Slackia.id.825	6	1.0622829326859107	0.060420302296068484	0.031330669263953566	0.05379650767206632	0.6566990106237542	1.013574659151752	0.9354876215301459	0.7756966463193447	0.04428095702928335	0.6681724913637144
phylum.Tenericutes.id.3919	13	0.9462765580034231	-0.05522040804212034	0.02914525699743014	0.05813720819673089	0.7195366389456226	1.0113004970024995	0.9053062180525832	0.46961233178076206	0.23096752731657444	0.6681724913637144
class.Mollicutes.id.3920	13	0.9462765580034231	-0.05522040804212034	0.02914525699743014	0.05813720819673089	0.7195366389456226	1.0113004970024995	0.9053062180525832	0.46961233178076206	0.22233051214951172	0.6681724913637144
class.Bacteroidia.id.912	14	1.0735661421029443	0.07098594994862646	0.03785685074874003	0.06077689982605466	0.12108431535476068	0.9944121280989748	0.9465719571019345	0.3128410755933761	0.5927076981580803	0.6681724913637144
order.Bacteroidales.id.913	14	1.0735661421029443	0.07098594994862646	0.03785685074874003	0.06077689982605466	0.12108431535476068	0.9944121280989748	0.9465719571019345	0.3128410755933761	0.5814621810457659	0.6681724913637144
genus.Parabacteroides.id.954	7	1.0931294996118346	0.08904468306523942	0.04759221368691402	0.061346096701083444	0.5623488414837299	1.2983320861303258	0.11059180032139458	0.23885709437382802	0.5679202169552713	0.6681724913637144
genus.Clostridiumsensustricto1.id.1873	7	0.9318982509272776	-0.07053164308114182	0.03830602540068971	0.0655823547074135	0.850349454371123	0.8681779277606797	0.04290610451293824	0.19221194439075986	0.18605772707396429	0.6681724913637144
genus.Ruminococcus2.id.11374	15	0.9488402331217006	-0.05251484742006551	0.029750365893098103	0.0775329735300048	0.41823756308018006	0.892220596338742	0.13437512050879705	0.3603318046312511	0.11152786686141959	0.6681724913637144
family.unknownfamily.id.1000005471	14	0.9532415251809208	-0.04788697073148409	0.02748480355436129	0.08145470672931099	0.6333985537924676	0.9602993198965273	0.6310427186101717	0.9262046714367305	0.21198015832037853	0.6681724913637144
order.MollicutesRF9.id.11579	14	0.9532415251809208	-0.04788697073148409	0.02748480355436129	0.08145470672931099	0.6333985537924676	0.9602993198965273	0.6310427186101717	0.9262046714367305	0.20986469291418253	0.6681724913637144
genus.unknowngenus.id.1000005472	14	0.9532415251809208	-0.04788697073148409	0.02748480355436129	0.08145470672931099	0.6333985537924676	0.9602993198965273	0.6310427186101717	0.9262046714367305	0.21419943489491033	0.6681724913637144
order.Erysipelotrichales.id.2148	13	1.0792080987877493	0.07622753031963828	0.04621112185243747	0.09903512264838972	0.13030841709559413	1.4226064071071356	0.0984991752100086	0.17433112410171495	0.16685042279298412	0.6681724913637144
class.Erysipelotrichia.id.2147	13	1.0792080987877493	0.07622753031963828	0.04621112185243747	0.09903512264838972	0.13030841709559413	1.4226064071071356	0.0984991752100086	0.17433112410171495	0.1897474997311268	0.6681724913637144
family.Erysipelotrichaceae.id.2149	13	1.0792080987877493	0.07622753031963828	0.04621112185243747	0.09903512264838972	0.13030841709559413	1.4226064071071356	0.0984991752100086	0.17433112410171495	0.1748704663945556	0.6681724913637144
genus..Clostridiuminnocuumgroup.id.14397	9	1.038643534346232	0.037915567923803184	0.02299557539791517	0.09918448696064633	0.9358196792254562	1.0566010401715784	0.49706973607846017	0.8266777682217874	0.18038881635670945	0.6681724913637144
genus.RuminococcaceaeUCG009.id.11366	12	1.0505044023774772	0.049270432038998696	0.029950191327585925	0.09995351209171571	0.1472919635696421	1.1705074621549922	0.2657074295857296	0.42493653641538737	0.67597054160211	0.6681724913637144
genus.LachnospiraceaeND3007group.id.11317	3	1.1289092890129508	0.12125193562687755	0.07452224685174702	0.10372501456098195	0.9060691897270623	0.8928379546903482	0.8581652931490307	0.7204271373060176	0.2679518935676346	0.6681724913637144
genus.ErysipelotrichaceaeUCG003.id.11384	17	0.9419259025125066	-0.05982866725279224	0.036893228855128704	0.1048738815119988	0.02419009691751407	0.7976128566510728	0.027575550322250744	0.07275380539013525	0.08432201744656485	0.6681724913637144
genus.RuminococcaceaeUCG004.id.11362	11	1.0644140430479172	0.06242445342774834	0.038841891241524165	0.10802311642881114	0.08282137665942489	0.8648185686498204	0.5297234536035494	0.3672789255057251	0.5003152773362206	0.6681724913637144
phylum.Firmicutes.id.1672	17	1.070370925064197	0.06800524733998951	0.04319800079166593	0.11542541334923136	0.030447964186763293	1.031533877215689	0.8111279472339796	0.7616564951222895	0.3314344698015994	0.6681724913637144
phylum.Bacteroidetes.id.905	13	1.061100605582569	0.059306676609306656	0.03833304595889359	0.12182893759955879	0.1459047780831473	1.0089994312183086	0.917890806915938	0.5176382136015156	0.4146716138688178	0.6681724913637144
family.unknownfamily.id.1000001214	9	1.0453094983225175	0.044313012210464506	0.028940428690672357	0.12572485589978183	0.21053317524506499	1.0891798404060187	0.36890798202619896	0.6379181608580035	0.5469549033432566	0.6681724913637144
order.Gastranaerophilales.id.1591	9	1.0453094983225175	0.044313012210464506	0.028940428690672357	0.12572485589978183	0.21053317524506499	1.0891798404060187	0.36890798202619896	0.6379181608580035	0.5589120598224655	0.6681724913637144
genus.unknowngenus.id.1000001215	9	1.0453094983225175	0.044313012210464506	0.028940428690672357	0.12572485589978183	0.21053317524506499	1.0891798404060187	0.36890798202619896	0.6379181608580035	0.5351226865518293	0.6681724913637144
genus.unknowngenus.id.1000006162	13	1.0294343439495772	0.029009470755149494	0.019045377082352037	0.12771455442334906	0.8825799216803967	1.033091492856123	0.5758455786943826	0.9492896460484659	0.118967126497617	0.6681724913637144
order.NB1n.id.3953	13	1.0294343439495772	0.029009470755149494	0.019045377082352037	0.12771455442334906	0.8825799216803967	1.033091492856123	0.5758455786943826	0.9492896460484659	0.11343427324219588	0.6681724913637144
family.unknownfamily.id.1000006161	13	1.0294343439495772	0.029009470755149494	0.019045377082352037	0.12771455442334906	0.8825799216803967	1.033091492856123	0.5758455786943826	0.9492896460484659	0.10773148884935894	0.6681724913637144
genus.Veillonella.id.2198	8	1.05622535854456	0.054701570228534474	0.036227518553325455	0.13105739037136263	0.5889016934706335	0.8896409126650013	0.5792264637122368	0.4166823914277696	0.03868615928989024	0.6681724913637144
family.Porphyromonadaceae.id.943	10	1.0866901503007929	0.08313651718324976	0.05533685250050686	0.13300115941836968	0.11487043584902028	0.983168696084177	0.9418561152360387	0.6582628045101017	0.04810411262017338	0.6681724913637144
genus.Enterorhabdus.id.820	6	0.9544443971697933	-0.046625890871122934	0.03129144704784356	0.13621049976724886	0.3701346926980177	0.9346914724431461	0.4925137182200666	0.8124015469368426	0.5300227519816966	0.6683817546718491
genus.RuminococcaceaeUCG005.id.11363	14	0.9547961303505539	-0.04625743736338538	0.03134562908808355	0.14001851251470482	0.7933424125012922	0.9338923645164752	0.40883185387100923	0.7739199918598685	0.24619862919710722	0.6714524122864254
genus.Dialister.id.2183	11	1.0747971789677484	0.07213197305138958	0.04928046833659333	0.1432750949074326	0.02979240023569802	1.3189985112790075	0.23428805422889817	0.3582703727519852	0.05845701361708437	0.6718010005659617
genus.Bifidobacterium.id.436	15	1.0641073469690492	0.06213627583890284	0.043448158081874334	0.15268128641035433	0.0021871891756561697	1.1575689900627941	0.2505364924325795	0.4709146895258989	0.3805202874684934	0.6924099627596749
genus.Lachnospira.id.2004	6	1.0780702090038305	0.07517259931204713	0.05276247239894741	0.15423349881376647	0.9372646801876601	1.2238216102677784	0.289569769062117	0.4806645216898828	0.24346243307157656	0.6924099627596749
order.Lactobacillales.id.1800	15	0.9485889516989818	-0.05277971256096035	0.037681711050677656	0.16131221925425354	0.18810766354887953	1.1882271229164538	0.05663810192532689	0.01153630416581161	0.26554122481980524	0.7091016304718228
family.Acidaminococcaceae.id.2166	7	0.9334319404902847	-0.06888722654227016	0.05091174751875546	0.1760328399184209	0.15875388634055623	0.7492460443340926	0.0671741345643089	0.11742267583382583	0.23101677794023	0.7580189637303429
class.Melainabacteria.id.1589	11	1.0368690317292664	0.036205625928420734	0.02703883959364334	0.1805632117217315	0.24060554716798851	1.0797424143322447	0.37771089671656993	0.614983366837844	0.5602694323963074	0.7619767534657069
genus..Eubacteriumnodatumgroup.id.11297	11	0.972171206935952	-0.02822335120932315	0.021632795256239665	0.19201008778880746	0.15912076257191618	0.9650171986659958	0.7351688230350072	0.9424360109660046	0.24500165770134774	0.7845346669590059
genus.Faecalibacterium.id.2057	10	0.9352269820928661	-0.06696601755863014	0.05148273468204913	0.19334503640695877	0.028320616899856925	0.9668301807263024	0.7562319116509449	0.72138382916766	0.26529030477617843	0.7845346669590059
genus.Victivallis.id.2256	11	1.0303342128059905	0.029883228062214235	0.023455273645319245	0.20264514264146183	0.06005078622846872	1.0733733919155048	0.6759401806125814	0.8063128173394295	0.561109750303316	0.790886576961241
family.Clostridiaceae1.id.1869	10	0.9456776282336203	-0.055853541544154214	0.04390842402851831	0.20335672406995198	0.1881448131508735	0.8480523064681439	0.25787794641356876	0.4184815293728989	0.5274522150630612	0.790886576961241
class.Gammaproteobacteria.id.3303	7	0.9206950507487861	-0.08262640423359192	0.06535821950216042	0.20615526887615288	0.055882923472199454	1.0255638890877186	0.9247189156201543	0.6771016613189762	0.827987235257652	0.790886576961241
genus..Ruminococcusgauvreauiigroup.id.11342	12	0.9443686309426035	-0.05723869018160426	0.04600413746664771	0.2134232256353129	0.030277409333166687	1.3967930083789306	0.09976300561093596	0.05462700145003603	0.818088647605552	0.8041482251616253
genus.Marvinbryantia.id.2005	10	0.9503991271917192	-0.050873248733059644	0.042401789072910694	0.23022085186604035	0.15740998764905823	1.0235187289545113	0.8971411592875853	0.6715672683425122	0.0798765479359307	0.8286374233376539
genus.Ruminiclostridium5.id.11355	12	1.0484786848266685	0.04734024194639483	0.039917853924948496	0.23564537914074668	0.3151347138583341	0.9518371542103657	0.7710539318845818	0.5587576179557766	0.14677271649464343	0.8286374233376539
family.Alcaligenaceae.id.2875	14	0.9603329352268153	-0.04047524711615277	0.035371707290797215	0.2525062468057159	0.8797144780519719	0.9162491705792172	0.4990618792626377	0.7077648569385234	0.3241412366030898	0.8286374233376539
family.Lachnospiraceae.id.1987	17	1.0494985306934854	0.04831246027136335	0.04251356067599549	0.25578870460577785	0.01728600421560533	0.9060169420384188	0.33975924415129266	0.12901357095963892	0.7001465843162635	0.8286374233376539
genus.Fusicatenibacter.id.11305	18	0.9560621599930879	-0.04493234713123194	0.039605257610445165	0.25658294329929	0.05806403151134057	0.8923072822305339	0.464831338473436	0.6443152039585827	0.10805484390606261	0.8286374233376539
genus.LachnospiraceaeUCG008.id.11328	11	0.9402524008805719	-0.06160692818579216	0.05441409479423165	0.2575558441283047	2.7532259079255055e-07	0.8297796235446074	0.5624672829438223	0.6915970101178822	0.4341348291800279	0.8286374233376539
phylum.Proteobacteria.id.2375	12	0.9567796969762693	-0.04418211572634873	0.039332163783876516	0.26130690712378535	0.8858433680088036	1.037644983205699	0.694916596552014	0.37247563580213855	0.5934808040397109	0.8286374233376539
genus.Parasutterella.id.2892	15	0.964369092465333	-0.036281181648521135	0.03239229393821061	0.26268991922578144	0.08939580069797998	1.0601282187099652	0.573153034365826	0.3405083583745798	0.045021699208990434	0.8286374233376539
class.Bacilli.id.1673	18	0.9674000491272988	-0.033143167810436844	0.029646691582353592	0.2635934061063746	0.4792477710842342	1.0818348998411167	0.3485715899500294	0.16245692512660656	0.2571396092285033	0.8286374233376539
order.Burkholderiales.id.2874	12	0.9525972749884237	-0.0485630512236847	0.043582942531974485	0.2651644963291183	0.257681354509612	0.9759494419820033	0.8807213652674559	0.8761048847783787	0.5464468479831561	0.8286374233376539
genus.Roseburia.id.2012	14	0.9261813078630593	-0.07668526667329717	0.06893819901088358	0.26597609147995105	2.046178436867379e-06	1.2258157032324608	0.34261396839119607	0.17639300141158465	0.3570126521036091	0.8286374233376539
genus.Allisonella.id.2174	8	0.9787330399352794	-0.02149636011816305	0.019450462232254283	0.26907941250146583	0.7353476084852625	1.0936282200668748	0.4143092429481408	0.31365564957100023	0.23873953989602748	0.8286374233376539
phylum.Actinobacteria.id.400	16	1.046587250817727	0.04553463335848713	0.042009331271795645	0.2784015482177674	0.06436136585671598	1.1364733284599853	0.5049452178338676	0.6574979294357098	0.6271877802849463	0.8286374233376539
genus.unknowngenus.id.2001	10	0.961628635571155	-0.03912693655644259	0.03626906308639561	0.2806784770943306	0.1269012542887331	0.9622300055319462	0.7448126336954234	0.9955060475923145	0.16993775802400068	0.8286374233376539
genus.Intestinimonas.id.2062	17	0.9739170909913165	-0.02642910114820747	0.024529377195715737	0.2812806660292324	0.6385276080055777	0.9916358688689184	0.8862993762319938	0.7379953070980584	0.5141882083045177	0.8286374233376539
phylum.Lentisphaerae.id.2238	9	1.030743727218366	0.030280606938395432	0.028229439290153917	0.28342342978784596	0.11350430750472247	0.9146990855257447	0.42223951054547537	0.2752203231712829	0.4246832492339425	0.8286374233376539
genus.Eggerthella.id.819	11	1.039813805838473	0.03904166427736586	0.03664431806574859	0.2866849853253495	0.001994644025685107	0.9194144237976161	0.619020946524409	0.4583245776245254	0.7526707434005054	0.8286374233376539
genus.LachnospiraceaeUCG004.id.11324	14	1.0534040822736659	0.05202690339063386	0.05109566579246279	0.3085708637451797	0.0026671367786756063	1.1851671385726632	0.4296679672188128	0.5687479027231431	0.518477266408581	0.8759028804263334
class.Lentisphaeria.id.2250	8	1.033144812263285	0.03260736643362808	0.03248500558130098	0.31549108489289734	0.07417418342229262	0.9146287548667881	0.4542069759581775	0.2978706514072804	0.4207819536618467	0.8759028804263334
order.Victivallales.id.2254	8	1.033144812263285	0.03260736643362808	0.03248500558130098	0.31549108489289734	0.07417418342229262	0.9146287548667881	0.4542069759581775	0.2978706514072804	0.4377335700983037	0.8759028804263334
genus.RuminococcaceaeUCG014.id.11371	11	1.0351926084677474	0.034587504541700474	0.03528037686778306	0.3269079677776885	0.7322376275097107	1.0812969325671586	0.3950850176603249	0.6082015195223315	0.13563468549165028	0.88912609420296
genus.RuminococcaceaeUCG003.id.11361	12	1.0520312036330017	0.050722775123732536	0.05237682255358591	0.33283453465015156	0.0016313279425481666	0.9021530279593573	0.525742014854097	0.3225040664560681	0.2054957951256995	0.88912609420296
genus.LachnospiraceaeUCG001.id.11321	13	1.0273979742470607	0.027029367321483623	0.028278807224851175	0.3391646509087948	0.7294632484187207	1.125560998491275	0.3256735437164921	0.4339018528372003	0.5143421830469788	0.88912609420296
genus.FamilyXIIIAD3011group.id.11293	13	0.9494944995508451	-0.051825541741999784	0.054312654535425456	0.33997862422306235	0.0008337689136577301	0.9128109690476917	0.7476060379220253	0.886858310284377	0.9365128888078738	0.88912609420296
genus.LachnospiraceaeNC2004group.id.11316	9	0.9455016836596035	-0.05603961017700984	0.060109893558663134	0.3511887585394998	1.9094601867853858e-06	1.2981030920629026	0.3012401174895356	0.20490688629141066	0.41668778796395456	0.88912609420296
class.Alphaproteobacteria.id.2379	8	0.9680084750402335	-0.032514436537033904	0.03564303779276883	0.36165078243388604	0.566219632359009	0.8879040026630727	0.451574379281591	0.5699004455376271	0.7487654545769324	0.88912609420296
order.Rhodospirillales.id.2667	14	0.9727034994121554	-0.027675971485830887	0.030485129395133703	0.36395666682924266	0.10323573676756596	1.0447271256417432	0.7888963530781763	0.6566042814248202	0.9580031125828316	0.88912609420296
genus.Lachnoclostridium.id.11308	13	0.9672792604890824	-0.033268034642653405	0.03668690490150984	0.36450753442137607	0.43474094684865383	0.9402220991953437	0.6732097604145755	0.8397666811458581	0.25989887467336437	0.88912609420296
genus.Ruminiclostridium6.id.11356	17	1.0284356663619902	0.028038877218158918	0.031143117116189452	0.3679481695882787	0.1615648311110055	0.8659731559291485	0.05768248323858192	0.018051395718402162	0.9692829386799469	0.88912609420296
genus.Anaerostipes.id.1991	13	0.9671104243235088	-0.03344259736631538	0.037210471970722955	0.3687903382927773	0.5815588487074383	0.8140562022389228	0.10309648543445943	0.14892076281277608	0.8428571903104742	0.88912609420296
genus.unknowngenus.id.826	15	1.0404596793716954	0.039662614896183286	0.04434620351256942	0.37111550511353664	0.0022205435695146153	1.2090272041227386	0.13120400769163237	0.1942483630049946	0.33581919368758195	0.88912609420296
genus.Ruminiclostridium9.id.11357	9	1.0677662845090994	0.0655688818608822	0.0736264523218147	0.37316447556670773	0.001762716572098563	0.807211911835942	0.5130999177953273	0.3849829169263721	0.4098978108741711	0.88912609420296
genus.Phascolarctobacterium.id.2168	9	0.9623248268885899	-0.0384032274216791	0.04372823372479295	0.37982163547974346	0.13769389817643768	0.8072149110744363	0.35247956525268953	0.4310528080661696	0.8666463342133541	0.88912609420296
genus.Escherichia.Shigella.id.3504	10	0.9623607381634426	-0.038365910910858884	0.04394787506727498	0.38267032108487464	0.1382897525958626	0.9455309309770448	0.6993727823505405	0.8969136485025043	0.7053918545856992	0.88912609420296
family.Ruminococcaceae.id.2050	10	1.0336012636270828	0.033049076594875375	0.038473573698346926	0.3903365468820953	0.9652020144025895	1.069275372118474	0.19683308969398658	0.44132715611465784	0.5401965917000894	0.88912609420296
family.Bifidobacteriaceae.id.433	15	1.0433519299293965	0.04243853993858185	0.049680627736425266	0.3929791550159255	0.0008841484715307292	1.410699048982103	0.06608085958164596	0.09092855450177535	0.520714298119656	0.88912609420296
order.Bifidobacteriales.id.432	15	1.0433519299293965	0.04243853993858185	0.049680627736425266	0.3929791550159255	0.0008841484715307292	1.410699048982103	0.06608085958164596	0.09092855450177535	0.5366777113990138	0.88912609420296
family.ClostridialesvadinBB60group.id.11286	15	1.0263382658359361	0.025997386208729205	0.03140605579132808	0.4077936360898803	0.07375743696821534	1.0037221425409844	0.9690097695014267	0.8040535049393063	0.4012261406167902	0.88912609420296
genus.unknowngenus.id.1000000073	15	1.0263382658359361	0.025997386208729205	0.03140605579132808	0.4077936360898803	0.07375743696821534	1.0037221425409844	0.9690097695014267	0.8040535049393063	0.3989894168230853	0.88912609420296
order.Selenomonadales.id.2165	12	1.044325360717412	0.043371089104989866	0.05250076964983369	0.4087451712686593	0.034116607877595635	0.8827710458327198	0.5121850693091429	0.3614747316243151	0.5415846015460045	0.88912609420296
class.Negativicutes.id.2164	12	1.044325360717412	0.043371089104989866	0.05250076964983369	0.4087451712686593	0.034116607877595635	0.8827710458327198	0.5121850693091429	0.3614747316243151	0.5384364074718294	0.88912609420296
genus.Prevotella9.id.11183	15	1.0223712597860086	0.022124693708083263	0.027036594454549968	0.41317221414609206	0.7071418414499637	1.1019898750646595	0.24512638460787334	0.3428853598465318	0.3326653354670549	0.8895850733145452
class.Betaproteobacteria.id.2867	13	0.9665588716251485	-0.03401307000553451	0.04204830500553477	0.41856998632886866	0.2565961207952653	0.953133452329856	0.7701156571017508	0.9293175552760521	0.6482186212639811	0.8921037082362757
genus.Lactococcus.id.1851	9	1.0158972552035683	0.015772217274492344	0.019939963673366055	0.42895259523355045	0.8794460846031936	0.9698077564814963	0.6135150540180317	0.4368831467852556	0.2316189580428739	0.9050899759427915
genus..Eubacteriumoxidoreducensgroup.id.11339	5	1.0256414380425225	0.025318210075668573	0.03302267120803792	0.44326480094624	0.5853621847371682	1.0599862230411354	0.610083819874233	0.7582234651011411	0.5354861703651336	0.919171421014196
genus.Collinsella.id.815	10	1.0418057996114218	0.04095555322785886	0.05354457485809968	0.44433879120117536	0.04742593905789929	0.9379030390390242	0.7696584367304776	0.6206437507377829	0.7504935280598912	0.919171421014196
class.Deltaproteobacteria.id.3087	13	0.9673469286489395	-0.03319807987799173	0.04446232283174421	0.45527096745916973	0.02955339211922361	0.8857795873686303	0.34339761945860825	0.45537524751601866	0.10756928083417497	0.919268607280968
genus.RuminococcaceaeUCG013.id.11370	12	1.0344417233124859	0.03386188342430961	0.04576658996521662	0.4593715004322263	0.06900268588635658	0.9328024030119606	0.6120077870741185	0.4255095960034344	0.7459878219685139	0.919268607280968
genus.Bacteroides.id.918	9	1.037215881375968	0.03654008634298088	0.050047009201599116	0.46531971958816853	0.29546213503500196	1.9511643016400577	0.003865484650048558	0.004729750928466118	0.7148105285794694	0.919268607280968
family.Bacteroidaceae.id.917	9	1.037215881375968	0.03654008634298088	0.050047009201599116	0.46531971958816853	0.29546213503500196	1.9511643016400577	0.003865484650048558	0.004729750928466118	0.7102934666325339	0.919268607280968
genus.Eisenbergiella.id.11304	11	0.9796049718666203	-0.02060587851212435	0.028276585828602915	0.4661693885263677	0.09164900247538295	0.8727721868868045	0.5475187345963203	0.6054810094149505	0.08096194839700718	0.919268607280968
genus.Sutterella.id.2896	12	1.0247723879499155	0.024470527394612078	0.03392294201576889	0.47069033593983134	0.7519796353660774	1.0354864659425504	0.8239281605455131	0.9460123828046787	0.8530337341698206	0.919589452623189
genus.Flavonifractor.id.2059	5	0.9539893948227663	-0.047102724133620454	0.06700683703775819	0.48208441680908254	0.08182054556906816	1.1680462619750716	0.6490451701208514	0.5478509442277965	0.33684847206864255	0.9278624315599997
order.Desulfovibrionales.id.3156	12	0.9666948267304277	-0.03387242099954114	0.048366206798913514	0.4837197510502368	0.013218979126697181	0.9094767614184752	0.481205222808111	0.6211277142832466	0.1218650907033982	0.9278624315599997
genus.Paraprevotella.id.962	13	0.9739601611218697	-0.026384878515068266	0.03817611035557832	0.4894801723706981	0.0005131451907767419	1.0061785717637957	0.9667699953964317	0.8191184571799314	0.48790451954981506	0.9283938441518149
genus.ChristensenellaceaeR.7group.id.11283	10	0.9636105180939228	-0.03706809288596349	0.054045567928702604	0.4927967324407738	0.07012372109522802	1.185969731087552	0.2866217464930313	0.17770618941232819	0.7261816998874033	0.9283938441518149
genus.unknowngenus.id.1868	12	0.9638361861966546	-0.036833930142827216	0.05512527348451557	0.5040149385809045	1.1287673677489401e-05	1.2841455962559563	0.189585891350269	0.1227283387479935	0.8586127171996412	0.9411252392970871
genus.Coprococcus1.id.11301	11	0.9672212570980352	-0.03332800194743019	0.05129402909119947	0.515857416986486	0.02683988392173789	1.227365208322304	0.08846956890064979	0.03895407788050012	0.628539735543838	0.9495056541724328
genus.Holdemania.id.2157	15	1.0231817553841294	0.022917140185416282	0.03571249455711628	0.5210601257447369	0.004404581034735133	0.9240358794758188	0.4675204140600152	0.3236952088646549	0.20616288218417667	0.9495056541724328
genus..Eubacteriumrectalegroup.id.14374	9	0.9723421553442839	-0.028047524792196587	0.04395919983409024	0.5234506492092866	0.7058906036675892	0.9635120947716838	0.7978232584098304	0.9476904506633511	0.9773162527966797	0.9495056541724328
genus.Howardella.id.2000	10	1.0121802624598917	0.01210667996327386	0.019567811622651303	0.5361114875194697	0.5259451379569436	1.0231556875714973	0.7899165153901211	0.8970318897641053	0.9897581789256131	0.9495056541724328
genus.RuminococcaceaeUCG011.id.11368	8	1.0141776910472051	0.014078127535793067	0.023222857744697862	0.5443696253074928	0.3117948283084024	0.9259898789003305	0.544344749287108	0.46739422363800504	0.8229853607921964	0.9495056541724328
genus..Eubacteriumcoprostanoligenesgroup.id.11375	13	1.023319407955341	0.02305166497717799	0.0389963553021662	0.5544376246189351	0.3174708025100332	0.9123075293945075	0.5805027087233423	0.477608349190165	0.4997137352056852	0.9495056541724328
genus.Coprococcus2.id.11302	9	0.9732432841845767	-0.027121192916533917	0.04666383844288327	0.5611032124460844	0.10740044488238037	1.1525282266269148	0.6256118306508577	0.5566789698102749	0.6549845240335377	0.9495056541724328
family.Prevotellaceae.id.960	16	1.0224148559037667	0.02216733495787486	0.03828659060357753	0.5625997650851534	0.023317740578840684	0.9549428724355745	0.707386208312289	0.5581384308234325	0.1674624275870803	0.9495056541724328
genus.Actinomyces.id.423	9	0.983937929497849	-0.01619246369810526	0.028130589276738626	0.5648736482370228	0.5908292319772803	0.9390866170086751	0.43399820271566325	0.5321751053781187	0.6455857398468059	0.9495056541724328
genus.Adlercreutzia.id.812	8	0.9736285582217906	-0.02672540513651544	0.04695133821982451	0.569210254603842	0.05875143671328602	0.7943980802580354	0.3171079471676523	0.3607314315870657	0.3478382245175051	0.9495056541724328
family.Lactobacillaceae.id.1836	10	1.0166964601472561	0.01655860658470052	0.029221065555046936	0.5709406073826024	0.2453427245976033	0.9966595048490579	0.9689194809066105	0.8033015220968379	0.5819217876509857	0.9495056541724328
genus.RikenellaceaeRC9gutgroup.id.11191	11	1.0099719847415214	0.009922592588784265	0.018030259718011914	0.5820930603736041	0.7714686472620909	1.1617072349016184	0.10937224542773132	0.12722704206698268	0.38900297431345787	0.9495056541724328
genus.Peptococcus.id.2037	13	0.9851690411505888	-0.014942037152974787	0.027437446028622636	0.5860385822448871	0.07488410250420832	1.0032296165827455	0.9775004167279295	0.8695144994380147	0.471550162242506	0.9495056541724328
genus.LachnospiraceaeFCS020group.id.11314	11	1.0174627597461159	0.01731203790670857	0.03275887098189116	0.5971740670440555	0.3327830838908987	0.9935569092103846	0.9358411899838617	0.7424245317623045	0.7594534321383362	0.9495056541724328
genus.Intestinibacter.id.11345	13	0.9791397584070797	-0.021080890351184156	0.04014808088938947	0.5995286862467466	0.05153928894340013	1.1417534559661626	0.3695412282219434	0.2826448697390491	0.5339770418607228	0.9495056541724328
genus.Odoribacter.id.952	8	0.9743855380274735	-0.025948224062474583	0.049583051247710994	0.6007456680405353	0.24607891467466575	0.6858311929264164	0.00898982508026046	0.010037162891707333	0.5216554479601461	0.9495056541724328
family.FamilyXIII.id.1957	11	0.9772480051406738	-0.0230148156100319	0.04423393708919061	0.6028561005957654	0.17074834468579703	0.9046333545505355	0.5316296642570763	0.6122802835763125	0.5709995323994284	0.9495056541724328
genus.Subdoligranulum.id.2070	10	0.9772012751263708	-0.0230626347218234	0.04446364902453167	0.6039803149070837	0.18191278246933623	1.0693309154620725	0.5625260114838422	0.4003485750980301	0.5969116098082496	0.9495056541724328
genus.Romboutsia.id.11347	14	0.984005220754427	-0.01612407629921565	0.031243855837667738	0.605804187312904	0.31558030353591743	1.0166776192641311	0.8507317187964039	0.689235123208799	0.7242129144227356	0.9495056541724328
order.Actinomycetales.id.420	7	0.9814606258923682	-0.01871338232871235	0.036559438960044204	0.6087476946432014	0.29378967513723936	0.8374638663498944	0.12814312212923662	0.14541579763941787	0.45841440408846124	0.9495056541724328
family.Actinomycetaceae.id.421	7	0.9815555307060221	-0.01861668947836687	0.036553775794833744	0.6105448057296099	0.2935252895918576	0.838311377151932	0.1306835425973031	0.14815605199709025	0.4595796042250304	0.9495056541724328
genus..Eubacteriumruminantiumgroup.id.11340	18	1.0114071353676677	0.011342564580196009	0.022304714439141667	0.6110833356091752	0.29420696556796994	0.9738319539694352	0.759018033327463	0.6498930792450572	0.2915708093877981	0.9495056541724328
genus.Streptococcus.id.1853	17	1.0186822908409212	0.018509920385936993	0.03649320974353939	0.6120036443955017	0.10435525544140814	1.1310480290678768	0.3864606637035682	0.44374865074319014	0.4197042816690405	0.9495056541724328
genus.LachnospiraceaeNK4A136group.id.11319	15	0.9834355451024447	-0.01670317954622468	0.033532157268875706	0.6183964933534887	0.20791215149965112	0.9781184249866454	0.7657612573903897	0.9336389780074457	0.9587729643814501	0.9498520956858136
genus..Ruminococcustorquesgroup.id.14377	9	0.9704101079402229	-0.030036505144980304	0.06584506170346326	0.6482681367550003	0.002025367762738692	1.0273297846600877	0.8729712104042512	0.709556510035475	0.8227231102525219	0.9498520956858136
genus.Methanobrevibacter.id.123	6	0.9871409436146867	-0.012942449728726838	0.028896463537813284	0.6542322691787124	0.20984357278214116	0.9201381464349726	0.49787078350518826	0.5488086534557122	0.2227354748869942	0.9498520956858136
genus.unknowngenus.id.959	13	1.0088034374450985	0.00876491312222264	0.01963499544550543	0.6553138076637016	0.8343011687991991	1.1054757678927596	0.2989291516263964	0.3346300154935017	0.34312392353702914	0.9498520956858136
genus..Eubacteriumfissicatenagroup.id.14373	10	0.9907979280453976	-0.009244672562702479	0.020739660097064672	0.6557789200306702	0.41086148010809215	0.9752153350018383	0.8353063816500741	0.8935485000309974	0.48796065140156075	0.9498520956858136
genus.Turicibacter.id.2162	10	0.9869106522032589	-0.013175768263014824	0.030101370619344515	0.6615941753104732	0.4615463123038035	1.1386804858653417	0.3314199864840287	0.2754522129263786	0.6827500810689182	0.9498520956858136
genus.Barnesiella.id.944	14	0.9858659581621294	-0.014234878689704359	0.03297779787425455	0.6659955428045183	0.6113315372350252	1.1113047005274819	0.31576766798831124	0.2374810817078658	0.368143839999001	0.9498520956858136
genus.Anaerotruncus.id.2054	12	1.0262682308622293	0.02592914616968944	0.06180239754665543	0.6748148089886754	0.0005889531384173641	1.0945014104902975	0.6417116704491851	0.7234581289556873	0.3803045441865083	0.9498520956858136
genus.Senegalimassilia.id.11160	5	0.9778091413508129	-0.022440779984981594	0.05348893690491516	0.674821098934895	0.08053511456061384	0.9641496478048792	0.8749898727930845	0.9494037226249838	0.5676343552941268	0.9498520956858136
genus.unknowngenus.id.1000005479	8	0.9864489671693808	-0.013643686059415861	0.032706443162214036	0.6765643721466169	0.3327907986449552	0.9388986829500935	0.6558315088643623	0.7168232622393288	0.9471593286737253	0.9498520956858136
family.BacteroidalesS24.7group.id.11173	8	0.9864489671693808	-0.013643686059415861	0.032706443162214036	0.6765643721466169	0.3327907986449552	0.9388986829500935	0.6558315088643623	0.7168232622393288	0.9458751775766031	0.9498520956858136
genus.Bilophila.id.3170	13	0.9868341565765616	-0.013253281451543947	0.031785968352412465	0.6767121740099091	0.8500069351991295	1.0069627105760603	0.9574984478597022	0.8742814722707544	0.9178930052274016	0.9498520956858136
genus.Coprococcus3.id.11303	10	1.0173934888271128	0.017243953569961456	0.04136938622947766	0.6768036007410423	0.8951459780570604	1.040629133352376	0.755966610821389	0.8555640788110456	0.48382816027379594	0.9498520956858136
phylum.Euryarchaeota.id.55	11	1.0113377346379657	0.011273944230928874	0.028058360589338905	0.6878287315888343	0.011752599852436606	0.8348335351789793	0.12055746593727674	0.09344714470884245	0.30124874380913824	0.9498520956858136
genus.Lactobacillus.id.1837	10	0.9899118368320022	-0.01013939352406631	0.02554894780540493	0.691469602776396	0.5538202290738862	1.0227925570220042	0.7695003893490902	0.653293765888693	0.88039693689421	0.9498520956858136
genus.LachnospiraceaeUCG010.id.11330	10	0.9825965106354836	-0.017556710408501066	0.04723967119170975	0.7101520914653843	0.04211599011202939	0.954786421574655	0.7347023711430191	0.8198914486820645	0.7423028889575669	0.9498520956858136
genus.Dorea.id.1997	11	1.0141040530529712	0.01400551632733496	0.038125781764919556	0.7133577591281508	0.5777670485704587	1.1234664437314261	0.20800497808477095	0.22593585604923505	0.8307341493866922	0.9498520956858136
family.Streptococcaceae.id.1850	16	0.9833899199841164	-0.01674957422551508	0.045870437784169486	0.7149997017573494	0.00420771984579899	1.1265142692810801	0.5394791071646878	0.47142947574435184	0.49124148534490986	0.9498520956858136
genus.Ruminococcus1.id.11373	10	1.0148038625789395	0.014695354982237565	0.04037054797837201	0.7158492136808601	0.6137059452886451	1.099130134610293	0.37159345043743514	0.41505783849999106	0.33408385529176976	0.9498520956858136
genus.Desulfovibrio.id.3173	10	0.988993142637951	-0.01106788101546361	0.030641098546087365	0.7179422278627698	0.8100518573038774	1.0066011459456539	0.9325582767893301	0.8103655732139206	0.4819229061013033	0.9498520956858136
order.Coriobacteriales.id.810	17	1.0120408961051854	0.011968981219896304	0.033773172834590554	0.7230442648814871	0.43174641305580214	1.178490302354195	0.24114466561842882	0.26103073687677364	0.8548986244193146	0.9498520956858136
class.Coriobacteriia.id.809	17	1.0120408961051854	0.011968981219896304	0.033773172834590554	0.7230442648814871	0.43174641305580214	1.178490302354195	0.24114466561842882	0.26103073687677364	0.8559860384929023	0.9498520956858136
family.Coriobacteriaceae.id.811	17	1.0120408961051854	0.011968981219896304	0.033773172834590554	0.7230442648814871	0.43174641305580214	1.178490302354195	0.24114466561842882	0.26103073687677364	0.8574586676508434	0.9498520956858136
genus.CandidatusSoleaferrea.id.11350	11	0.9900531590223494	-0.00999664131290798	0.028381854721337266	0.7246736900186612	0.21734895222821277	1.0442456849658408	0.8971289223418457	0.8730584851660419	0.35973209250179483	0.9498520956858136
genus.Erysipelatoclostridium.id.11381	15	1.00893740694752	0.008897704707416274	0.025366926849644207	0.7257683654704721	0.9301209724086988	1.0844970232383266	0.26635218776483777	0.3040208333463991	0.708398776675984	0.9498520956858136
genus.Anaerofilum.id.2053	11	0.9918741891798062	-0.00815900516387085	0.023574377149173945	0.7292703293891081	0.2990204543077792	0.8963792312974628	0.412485878308166	0.43899418654208916	0.807507879484316	0.9498520956858136
genus.Oscillospira.id.2064	10	0.9853859313779277	-0.014721906041446839	0.04496856565691352	0.7433788598943217	0.060456036259528965	0.7043231701534486	0.07275608924221355	0.07659368198982637	0.6327439995003412	0.9537853617126961
genus..Eubacteriumeligensgroup.id.14372	7	1.021228615486291	0.021006427424532688	0.06463374160189889	0.7451756688129767	0.08123990440053538	1.087663672477509	0.7902855876271155	0.8371508954762318	0.3736880903505937	0.9537853617126961
genus.Holdemanella.id.11393	11	0.9876978789639218	-0.012378418520070841	0.03824295236448901	0.7461815079735118	0.01449899039368086	1.0771957044820482	0.5455075932029847	0.45759145749174274	0.2922868472715823	0.9537853617126961
phylum.Verrucomicrobia.id.3982	12	0.9889102365523215	-0.011151713306313047	0.03678320715757645	0.7617572360339698	0.0892907688947837	1.0406764179172658	0.7011046822641945	0.5972121095746459	0.8658976233617967	0.9537853617126961
genus.Prevotella7.id.11182	11	1.0061694448127012	0.006150491701555362	0.020663134379751803	0.7659662543473945	0.22889306605219484	1.117767552412149	0.43139873557306874	0.4510526934947203	0.8569751013253365	0.9537853617126961
family.Peptococcaceae.id.2024	10	1.0088307594281254	0.008791996310117485	0.030903508867599988	0.776028522427159	0.6195579984748343	0.9810917686068431	0.8068073477764344	0.6997705076496219	0.7853925963181494	0.9537853617126961
genus.Terrisporobacter.id.11348	5	1.0095539271391765	0.009508576996454137	0.03408198118077938	0.7802514842693179	0.5011898342219246	1.0066654687204746	0.9479786263153469	0.9756799842912544	0.6376756527204188	0.9537853617126961
genus.RuminococcaceaeNK4A214group.id.11358	13	1.009382666543869	0.00933892273761915	0.034206098715169476	0.7848384334170843	0.8500268214809923	1.0070756519030477	0.9438998004849044	0.9810143275273425	0.9923814322217704	0.9537853617126961
family.Verrucomicrobiaceae.id.4036	12	0.9904662796365522	-0.009579457202385707	0.03557938291643761	0.7877436134875634	0.2153148740521752	1.0484512211630523	0.7506472534200412	0.6930752619699695	0.9657470808181715	0.9537853617126961
genus.Akkermansia.id.4037	12	0.9904945529818439	-0.009550912119789333	0.035573281505856785	0.7883255946310711	0.21528744977890216	1.0486710496864866	0.7491004836122767	0.6915371231170505	0.9665462478664378	0.9537853617126961
order.Verrucomicrobiales.id.4030	12	0.9905034981686717	-0.009541881129756105	0.035575422960233895	0.7885334171618275	0.2152776769087158	1.0490052446945366	0.7478626630834568	0.6904503010576193	0.965903445233539	0.9537853617126961
class.Verrucomicrobiae.id.4029	12	0.9905034981686717	-0.009541881129756105	0.035575422960233895	0.7885334171618275	0.2152776769087158	1.0490052446945366	0.7478626630834568	0.6904503010576193	0.9664856609172188	0.9537853617126961
genus.unknowngenus.id.2071	16	0.9901538571048519	-0.009894936711551361	0.037347570296960925	0.7910542099512883	0.025020091529354048	1.1464891266143327	0.45587316047747733	0.4142252832064929	0.792154087101273	0.9537853617126961
genus.Butyricicoccus.id.2055	8	1.0170363825903854	0.016892890851691194	0.07040012367088624	0.8103648210012504	0.0001610880000819044	0.9528640593476786	0.7246221128351806	0.5680156208037779	0.9656282512246899	0.969206676576514
family.Rikenellaceae.id.967	22	1.0080273039472718	0.007995256531601559	0.03393361412547146	0.8137317063384958	0.051404671352662766	1.0143169410286819	0.9083912902396105	0.95810192371737	0.27098136152170793	0.969206676576514
genus.Tyzzerella3.id.11335	13	1.006646607135115	0.006624615833157667	0.02922668920971329	0.8206856197115214	0.008803327157581238	0.956073093920474	0.7966853898657226	0.763950832022661	0.3949972125289908	0.969206676576514
genus.DefluviitaleaceaeUCG011.id.11287	9	0.9924747004428326	-0.007553757483386071	0.0336181016455424	0.8222179862900285	0.261159262136029	0.8788734029996607	0.31502374952066053	0.32382707546099654	0.9430170325737987	0.969206676576514
family.Christensenellaceae.id.1866	11	0.9902927802045083	-0.009754641994928348	0.04631961106971985	0.8332039291577407	0.015357707300199419	0.9379615970718951	0.5237549241659817	0.5338843224092851	0.6891997938695544	0.9767001614015739
order.Bacillales.id.1674	9	0.9953736935798267	-0.004637040895831015	0.023057627535712753	0.8406152275422446	0.1831410471892345	0.9730747123392814	0.8120778029635286	0.8394961481603226	0.46450834314162115	0.9799437182951029
genus..Eubacteriumventriosumgroup.id.11341	15	0.9935737450552721	-0.0064469922107479455	0.03325916595700476	0.8463003301452614	0.6595372200760186	0.9939621067813609	0.967245607880657	0.997835281705566	0.923590809642905	0.981150382750825
genus.unknowngenus.id.2041	12	0.9926750579294562	-0.007351901188707189	0.040379899850202204	0.8555290972945693	0.004390188557060819	1.107149129586471	0.45930974094942495	0.40593572895898317	0.6557080754859501	0.9837455022348355
family.Enterobacteriaceae.id.3469	7	1.0073653624013403	0.00733837057504707	0.04429033850958781	0.868402615087305	0.434095988020045	0.9327504792241713	0.820516191415664	0.7994466375519816	0.9756312564832	0.9837455022348355
order.Enterobacteriales.id.3468	7	1.0073653624013403	0.00733837057504707	0.04429033850958781	0.868402615087305	0.434095988020045	0.9327504792241713	0.820516191415664	0.7994466375519816	0.9750079816805504	0.9837455022348355
genus.Olsenella.id.822	11	0.9962176643473354	-0.003789506772257848	0.024397897346783264	0.8765682299401175	0.06397577498817092	0.977066815223155	0.8079120120079762	0.832286722055874	0.9672116458786175	0.9837455022348355
genus.Hungatella.id.11306	6	1.0043398574115094	0.004330467388105758	0.028947912524926768	0.8810840329080138	0.40022334534156023	1.2174799273051191	0.3701404386133593	0.3749089448913065	0.38308657741596575	0.9837455022348355
genus..Eubacteriumhalliigroup.id.11338	17	1.0060322414693703	0.006014120338307959	0.04083346737532581	0.8829077849477013	0.004257847058480192	1.0390827984722382	0.6532162404085997	0.6615479335584037	0.6972014086341147	0.9837455022348355
genus.Blautia.id.1992	13	1.0063313312597895	0.006311372581068278	0.044099296560665545	0.8861975363381904	0.06955089420991298	1.0942908336832742	0.4010472143379782	0.3872921357450433	0.9856268096856614	0.9837455022348355
family.Peptostreptococcaceae.id.2042	14	1.0039473432020565	0.003939572884241074	0.03012542307183991	0.8959553831200617	0.8000547348380349	1.0449473144246033	0.4586068056427161	0.45392215378039824	0.9157267235163123	0.9837455022348355
genus..Ruminococcusgnavusgroup.id.14376	12	0.9959325336437707	-0.004075760997264861	0.03200600112106658	0.8986684139812398	0.028947305156918464	1.1673702402539778	0.32837313292376974	0.3059699034791966	0.30545561921804365	0.9837455022348355
class.Methanobacteria.id.119	10	1.0030908498422757	0.0030860829858011768	0.02734386967023997	0.9101399875409748	0.036130546727019625	0.8933442046415853	0.3427821678149844	0.31672652646123123	0.2866405244441522	0.9837455022348355
family.Methanobacteriaceae.id.121	10	1.0030908498422757	0.0030860829858011768	0.02734386967023997	0.9101399875409748	0.036130546727019625	0.8933442046415853	0.3427821678149844	0.31672652646123123	0.3103622799042617	0.9837455022348355
order.Methanobacteriales.id.120	10	1.0030908498422757	0.0030860829858011768	0.02734386967023997	0.9101399875409748	0.036130546727019625	0.8933442046415853	0.3427821678149844	0.31672652646123123	0.2930713876515718	0.9837455022348355
genus.Alloprevotella.id.961	6	1.004757059909842	0.004745780856294059	0.04329289401222168	0.9127104954627787	0.0018928882961806504	0.9482649056440566	0.9121413363553653	0.9037965439312601	0.5776002541202214	0.9837455022348355
family.Desulfovibrionaceae.id.3169	10	1.00476716951729	0.00475584254880799	0.04457309461491659	0.9150288808086329	0.10790315227902768	0.8508335330113184	0.13511334830496396	0.09815372487659733	0.19867257279657546	0.9837455022348355
family.FamilyXI.id.1936	8	0.9975305891164297	-0.0024724649074221185	0.026476050735943096	0.9255977394285871	0.08088218960489829	1.1901973084270823	0.3540887776176476	0.34258265368768437	0.7119408386642339	0.9837455022348355
family.Pasteurellaceae.id.3689	14	0.9976425884322185	-0.0023601946371850893	0.027845254443630008	0.9324513130317154	0.17632080866964323	0.9655228977784766	0.6064933323877317	0.5944616010519141	0.8092710571756725	0.9837455022348355
order.Pasteurellales.id.3688	14	0.9976425884322185	-0.0023601946371850893	0.027845254443630008	0.9324513130317154	0.17632080866964323	0.9655228977784766	0.6064933323877317	0.5944616010519141	0.8169837651278833	0.9837455022348355
genus..Eubacteriumxylanophilumgroup.id.14375	9	1.0051292884237266	0.005116178434693098	0.060367929263413125	0.9324601916917872	0.019770063703680528	1.013649025246597	0.951066652218428	0.9680195749065739	0.876804692634864	0.9837455022348355
family.Defluviitaleaceae.id.1924	11	0.9981120485745447	-0.0018897358520419735	0.031057952163031973	0.95148227357086	0.2654310156754621	0.9414114562395711	0.5941938060811385	0.5892630630881448	0.9760368722504648	0.998819700116674
genus.Butyrivibrio.id.1993	15	0.9993392529479638	-0.0006609654415750166	0.01905023529020469	0.9723222142563445	0.08076606882828721	1.0322603006749431	0.7321581280046565	0.720491557930087	0.8768655019795476	0.9992702417245659
genus.Catenibacterium.id.2153	5	1.0014345037204992	0.0014334758029542374	0.04205750863321104	0.9728104008376766	0.03414909275943765	0.5970833320985901	0.19340213744083434	0.19039243044286355	0.9885487981982566	0.9992702417245659
family.Veillonellaceae.id.2172	19	0.9991706330981363	-0.0008297110168708862	0.03097817681700279	0.9786322328946238	0.09277340955454641	0.9440002913412712	0.3949562837082293	0.3435088321375875	0.2934694875150784	0.9992702417245659
genus.unknowngenus.id.2755	13	0.9992560804569494	-0.0007441963885028921	0.03683479307993449	0.9838809352318661	0.008750594088777746	1.2516082917130484	0.14247421442668373	0.13054489038366332	0.5569685425610722	0.9992702417245659
genus.Coprobacter.id.949	11	1.0007187574591965	0.0007184992767601252	0.035665414926276236	0.9839272666109364	0.01616216866297232	1.121247203308579	0.4092868347353927	0.3947039446825686	0.8167130496926229	0.9992702417245659
genus.RuminococcaceaeUCG002.id.11360	22	0.9993772281892803	-0.0006229658136342895	0.04021160696122305	0.9876395160493419	0.00021346269777328542	1.0492820336497914	0.6761256821948055	0.6500986994914908	0.9825356619296293	0.9992702417245659
genus.Sellimonas.id.14369	11	0.9997842370456705	-0.00021578623450445742	0.021814964785299908	0.9921077251795397	0.1562697862547432	1.0849052068448248	0.5654083480629346	0.559101437088911	0.40310128434256765	0.9992702417245659
family.Rhodospirillaceae.id.2717	15	1.0002256919863588	0.00022566652175384818	0.024299068222003332	0.9925901172955431	0.6648783612636172	0.9859032380538519	0.9072493386981513	0.9040590697762015	0.7900308769622235	0.9992702417245659
genus.Haemophilus.id.3698	9	0.9997449601995227	-0.0002550723286579239	0.03899155943064054	0.9947804903333842	0.04112205801636589	0.9543663160167489	0.6413644689250563	0.6092865852338387	0.6019632320895419	0.9992702417245659
genus.RuminococcaceaeUCG010.id.11367	6	0.9999493934210752	-5.060785948080972e-05	0.055332327792113944	0.9992702417245659	0.20099128034835614	1.172226111583359	0.4791067148438652	0.46194773438416376	0.9624642217895699	0.9992702417245659
