taxon	n_snp	or_ivw	b_ivw	se_ivw	p_ivw	q	q_p	or_egger	p_egger	egger_intercept	egger_intercept_p	or_wmedian	p_wmedian	fdr_ivw
genus.unknowngenus.id.959	13	1.3160125914593583	0.27460640083558846	0.0735169711801726	0.00018750716362479113	9.36776133110856	0.6712390358690621	1.711739025419489	0.16169533537783837	-0.02986325425338462	0.47093733450237973	1.2633537349165522	0.023947530482680144	0.03956401152483093
genus.LachnospiraceaeUCG004.id.11324	14	0.6790505904686092	-0.3870596468814339	0.12994621008432816	0.0028955495787390084	12.699855525515003	0.471253826613667	0.48929458524491626	0.21435902444659713	0.02165076168280406	0.5471987040106696	0.6815421652666713	0.03505238025380442	0.30548048055696536
genus.Butyricicoccus.id.2055	8	1.4534525655811958	0.3739418058652125	0.15603633152071011	0.016552280044652617	5.0522847667220905	0.6535826064224309	1.247663660028722	0.4470430776858749	0.015160380012957626	0.538644904287776	1.3103698209844612	0.19464996643190935	0.8853304016296438
genus.Alistipes.id.968	12	0.6822635202839861	-0.3823393023910937	0.15987986609153537	0.01678351472283685	4.1146262548620305	0.9664430656396098	0.7067983385693245	0.4943516773715113	-0.0021662767842649997	0.9425837251276415	0.6594143629453026	0.03467842056646099	0.8853304016296438
genus.Howardella.id.2000	10	0.8618580549154191	-0.1486646913496215	0.07683574887047097	0.05301023479952125	10.870331987356858	0.28470188867738244	0.6396195800217577	0.19148627507842422	0.04671825316843169	0.35474149730468946	0.8892854511707265	0.2551226247870543	0.962678992039221
genus.Lactococcus.id.1851	9	0.8510546098686077	-0.16127898105919003	0.0842262906780701	0.055514258604589264	5.977540295464752	0.649747827524007	1.1754726538602214	0.6352067361536675	-0.0437161131969247	0.34345817728111877	0.8767603408257508	0.2569655565014237	0.962678992039221
genus.unknowngenus.id.2041	12	1.2164794436856483	0.19596098518304883	0.10765275986374859	0.06871238921849	13.023148982930383	0.2918150963512243	1.2706453852777035	0.5202403902918382	-0.004300629211787378	0.9009558325232315	1.226506636986451	0.16295260703076409	0.962678992039221
genus.Methanobrevibacter.id.123	6	0.8330362714141456	-0.18267809464904786	0.1022941009522371	0.07412960550003915	5.001694714202755	0.4156733965489404	0.6404547480669074	0.33388101587527286	0.03906727208524123	0.5382667153526737	0.8920859101262796	0.4068287772894843	0.962678992039221
genus.unknowngenus.id.1000001215	9	0.8026409402056738	-0.21984781297396558	0.1259647215539873	0.08093047359464114	12.913875135515609	0.11484745161458378	0.7133903382853322	0.4255927517117389	0.014250081212864208	0.7631552000159869	0.7101851186416341	0.028645651190848578	0.962678992039221
family.unknownfamily.id.1000001214	9	0.8026409402056738	-0.21984781297396558	0.1259647215539873	0.08093047359464114	12.913875135515609	0.11484745161458378	0.7133903382853322	0.4255927517117389	0.014250081212864208	0.7631552000159869	0.7101851186416341	0.026143978664169926	0.962678992039221
order.Gastranaerophilales.id.1591	9	0.8026409402056738	-0.21984781297396558	0.1259647215539873	0.08093047359464114	12.913875135515609	0.11484745161458378	0.7133903382853322	0.4255927517117389	0.014250081212864208	0.7631552000159869	0.7101851186416341	0.022705419272433906	0.962678992039221
genus.Oscillospira.id.2064	9	1.299566115835139	0.26203045170831796	0.1520546193755414	0.08484055689107106	11.256529913889164	0.18758320395761696	2.001265507938225	0.3401314200012469	-0.041797940049956586	0.5334319317657682	1.318584699353078	0.13731257063702745	0.962678992039221
family.Peptococcaceae.id.2024	10	1.2112428461104694	0.19164697800145034	0.11572645283861599	0.09771486818379452	6.164859439220157	0.7233118011803319	1.1920933353525458	0.552186008018486	0.0015873167175671458	0.9534048045008818	1.0943154923186678	0.549576557653175	0.962678992039221
genus.Sutterella.id.2896	12	1.2401094650175182	0.21519965396058505	0.13221745158460815	0.10360566953427314	11.881237648498189	0.37263614989791033	1.9747363629001928	0.2706724390199149	-0.031975728844982114	0.4317641133784993	1.291858485329789	0.1426918646522226	0.962678992039221
genus.Ruminiclostridium9.id.11357	9	1.3263240339521996	0.28241123140668856	0.17485521188352823	0.10628584783843041	6.597319880957584	0.5806342503518174	0.6847349003430899	0.6176623176865795	0.04411813607661219	0.38110765629489873	1.375505875588814	0.16236819332044528	0.962678992039221
genus.Victivallis.id.2256	11	1.1168944148497688	0.11055198996996601	0.06954476739048235	0.11191323190682106	6.684040783097553	0.7548986633293671	0.7479935013952745	0.4473533452871524	0.05438440358264145	0.29569650928234203	1.1245601561652998	0.19914807669585677	0.962678992039221
genus.Coprococcus3.id.11303	10	1.2796446561128718	0.24658242697824817	0.15915143545228386	0.12129586955095081	5.584640649670383	0.7806610745950948	0.5796646232678246	0.4684502966472475	0.04722313465449627	0.2943877597335873	1.244859779686563	0.31524863125560554	0.962678992039221
genus.LachnospiraceaeUCG010.id.11330	10	0.8048758028799329	-0.21706729560301616	0.14370852063301978	0.13092374024257622	6.428024088298403	0.6964323866897916	0.43368317053274463	0.030257724943205774	0.05012431406576711	0.07346685635355199	0.8610775414579006	0.4248671629092031	0.962678992039221
genus.Bilophila.id.3170	13	0.7895717683613591	-0.23626454585698234	0.1566018645693896	0.13137658750005407	18.16986225729907	0.11062941786203784	0.6227366219840352	0.5678789069956548	0.017549532364456534	0.7687774500505881	0.681780767998782	0.0585202192855551	0.962678992039221
genus.unknowngenus.id.2071	16	0.8550988717940607	-0.15653817720589405	0.10755854912349848	0.14556507801950253	10.184409247234138	0.8079824642392851	1.6152137004507738	0.25860429316293226	-0.052434907963712585	0.13265845615225796	0.8763394145063114	0.3528215198511133	0.962678992039221
genus.RuminococcaceaeUCG014.id.11371	11	1.1967249118457808	0.1795885854992205	0.12382263314276164	0.146955473914258	3.378271816527987	0.9710708044253522	1.2229798234160885	0.2916775223841716	-0.0020527490193761643	0.8969795572266284	1.287523799240648	0.09997937873272714	0.962678992039221
family.Lachnospiraceae.id.1987	16	0.774792943894267	-0.25515945449351823	0.17871406550506233	0.15336310806987202	26.472756061464352	0.033337601266954786	0.7615839907993445	0.6804217981880826	0.0010740771897433377	0.9782840465846924	0.5758458106014245	0.00932776232355147	0.962678992039221
genus.Flavonifractor.id.2059	5	1.2797399621983068	0.24665690276027558	0.17531098004459147	0.15943693911534706	0.807331052868715	0.9374625409581615	2.057595139845817	0.05117545619234981	-0.04014496161205535	0.12155561163295103	1.2760876576510245	0.24953806283352398	0.962678992039221
genus.Ruminiclostridium5.id.11355	11	1.2324398664703817	0.20899583586239984	0.15193619620541998	0.16896099328870517	8.401341101316063	0.5896966524866164	0.7637443807015835	0.6590443765623523	0.031029165491120683	0.4257352397726539	1.3525827432681885	0.135548316570386	0.962678992039221
family.Lactobacillaceae.id.1836	9	0.8539933882071126	-0.15783182736977597	0.1159949665378745	0.17361539287159644	11.294512910624816	0.18556353429053268	1.2799983927310963	0.36611001818444305	-0.05205460243803047	0.12663793510623372	0.9664315406299702	0.8205599950709886	0.962678992039221
genus.LachnospiraceaeUCG008.id.11328	10	1.1487197495855272	0.13864806100960797	0.10326239648380822	0.17937653424130695	10.241347979919057	0.3313024980981813	1.4146579470213179	0.5459989089732172	-0.022068835040245118	0.7095366641477729	1.1283329484516842	0.39566072161382715	0.962678992039221
genus.Alloprevotella.id.961	5	1.1365147005080078	0.1279662991216654	0.09574235024678421	0.18136322105106484	0.8095120042108759	0.9371683175200343	2.1728772370465523	0.03474111896205161	-0.09015174572452564	0.053531160408947634	1.0911881925004652	0.43692366244111613	0.962678992039221
genus.ErysipelotrichaceaeUCG003.id.11384	17	0.8700935821256426	-0.13915450745662045	0.10623781950765264	0.1902500894061805	14.082981685058664	0.5925318372947511	0.9356103829728021	0.821426400904296	-0.006808083744930276	0.7923884718662747	0.84564678266131	0.2514284940815926	0.962678992039221
genus..Eubacteriumeligensgroup.id.14372	7	1.2593706067723482	0.23061207772784711	0.17920301591742563	0.19813747781046942	2.1942986979267474	0.9009896952325578	2.8985418213202214	0.0076670456962318456	-0.06876161856065069	0.017421753493520955	1.25803536084986	0.3158270275922961	0.962678992039221
genus.unknowngenus.id.2755	13	0.8900387180688621	-0.11649031375403932	0.09129606874092921	0.201968955063617	8.287707566587434	0.762262235511832	1.0577773707724443	0.8500370960149534	-0.017653659848812744	0.5493429924369919	0.9186351237328257	0.4743556061598211	0.962678992039221
genus.LachnospiraceaeFCS020group.id.11314	11	0.8506730691256249	-0.16172739681229284	0.1278674373387833	0.2059411748562331	8.87516564293295	0.5439904714789238	0.9442022843230479	0.8653467690173388	-0.008602402550765526	0.7393038371377173	0.8642146559495413	0.40047165083969694	0.962678992039221
order.Bacillales.id.1674	8	0.8998613279949838	-0.1055146075349434	0.08372549602318828	0.20758112409782636	8.257494004068356	0.31043700299779914	1.11264733459504	0.7733703114859017	-0.03302143422929874	0.5590847754427897	0.9037630138451165	0.34240445938370845	0.962678992039221
family.Clostridiaceae1.id.1869	10	0.7943343752393789	-0.23025077887878678	0.18385895224968565	0.21045222255622387	15.359227497065095	0.0815295292973656	1.382308306088565	0.5582528549956323	-0.04322539690638363	0.2982235577257282	0.7922729520482017	0.3112275758510846	0.962678992039221
phylum.Verrucomicrobia.id.3982	12	0.8648640925966404	-0.14518290278003104	0.1166438497700994	0.21325370113950126	5.919803605539353	0.8786612006648642	1.1190565641856947	0.6170602636687409	-0.024576012774111776	0.22983555088656218	0.9678475204666765	0.8325276272915	0.962678992039221
order.Erysipelotrichales.id.2148	13	1.2499564266546916	0.22310869203038527	0.18195189356203717	0.22012490975655608	18.33740639354718	0.10582316349133956	1.7125157985647197	0.5237814944553546	-0.01964616942935717	0.6996124485072902	1.3749301090958652	0.16740185229470905	0.962678992039221
family.Erysipelotrichaceae.id.2149	13	1.2499564266546916	0.22310869203038527	0.18195189356203717	0.22012490975655608	18.33740639354718	0.10582316349133956	1.7125157985647197	0.5237814944553546	-0.01964616942935717	0.6996124485072902	1.3749301090958652	0.1455648274639191	0.962678992039221
class.Erysipelotrichia.id.2147	13	1.2499564266546916	0.22310869203038527	0.18195189356203717	0.22012490975655608	18.33740639354718	0.10582316349133956	1.7125157985647197	0.5237814944553546	-0.01964616942935717	0.6996124485072902	1.3749301090958652	0.16248033296161224	0.962678992039221
genus.Subdoligranulum.id.2070	10	0.8376153259832991	-0.17719632209643163	0.14474080930893107	0.22086474256933486	6.265974930499081	0.7130314549970691	1.3762371384262944	0.26360361828940027	-0.0409112678083334	0.07663750836758751	0.9531853659250524	0.8119365438626082	0.962678992039221
order.Victivallales.id.2254	8	0.8923411344528832	-0.11390678178534816	0.09362882638114128	0.2237647708438476	4.9669786278568955	0.6639931347071881	0.5905936936710502	0.0768794667317086	0.06128407787993169	0.13214249167342118	0.9533702710845463	0.7047859968209045	0.962678992039221
class.Lentisphaeria.id.2250	8	0.8923411344528832	-0.11390678178534816	0.09362882638114128	0.2237647708438476	4.9669786278568955	0.6639931347071881	0.5905936936710502	0.0768794667317086	0.06128407787993169	0.13214249167342118	0.9533702710845463	0.7054506891796573	0.962678992039221
genus.RuminococcaceaeUCG009.id.11366	11	0.8892006678906278	-0.11743234577831133	0.09834789160980993	0.23245822790352544	8.589624971552967	0.5714409523154372	0.8193500645403089	0.6010610187681351	0.008305932200363146	0.8228890661286815	0.799450443330026	0.07924100886614094	0.962678992039221
genus.Enterorhabdus.id.820	6	1.1788366705851723	0.16452807980030526	0.13901590344332143	0.23660318829622584	1.69801674495669	0.8891495210824811	1.0360766634927898	0.8859387117033692	0.01809264039485334	0.5807252678616643	1.1151237266738574	0.5287583189629621	0.962678992039221
genus.Phascolarctobacterium.id.2168	9	0.8522332174477706	-0.15989506021108613	0.13576937473294623	0.2389177908175829	4.221681292162647	0.8365891022584798	1.0277150994054551	0.9569456458413895	-0.01623004884033151	0.7065591692365734	0.7877556635929588	0.15926332790719244	0.962678992039221
genus.Adlercreutzia.id.812	8	1.1617166705931756	0.14989879960492045	0.12739175472464226	0.23932491573876724	6.761534404039232	0.4541240777218819	1.1510386891395277	0.8238450853410185	0.0008368511018975468	0.9880119035569366	1.2801740850397276	0.1627103285979251	0.962678992039221
family.Pasteurellaceae.id.3689	14	1.107165011784051	0.10180270475339112	0.08787527725571131	0.24666378301040548	7.856005563248276	0.8528529963934977	1.1234696361738243	0.4643698585622187	-0.001947072307250475	0.9165850813992159	1.1630921349052847	0.19850041955428543	0.962678992039221
order.Pasteurellales.id.3688	14	1.107165011784051	0.10180270475339112	0.08787527725571131	0.24666378301040548	7.856005563248276	0.8528529963934977	1.1234696361738243	0.4643698585622187	-0.001947072307250475	0.9165850813992159	1.1630921349052847	0.2077943160929634	0.962678992039221
genus.Olsenella.id.822	11	0.9234449387965433	-0.07964410343050884	0.06976767818267367	0.2536362867183525	6.792995332571647	0.7448322654987762	0.9789344730471184	0.9177406123576223	-0.008238988338638	0.7671100193309005	0.9321344063403663	0.45341657414716663	0.962678992039221
genus.Anaerotruncus.id.2054	12	0.8511002589192102	-0.16122534428212523	0.14130023467854608	0.25386469105491816	8.439410523191361	0.6734847993610288	0.34565909279416146	0.0004995407563471291	0.06608074332041529	0.0010198810917304733	1.0181642600680116	0.9308317933345825	0.962678992039221
genus.Actinomyces.id.423	8	1.136483668964807	0.12793899462059782	0.112938119910337	0.2572882381058017	6.685379357627475	0.4623562578076146	1.1025692771939029	0.7601085410995327	0.003730515686779863	0.9177595293777566	1.1509249781939241	0.3249121958457746	0.962678992039221
genus.Lachnospira.id.2004	6	1.271898386063941	0.2405105765570825	0.21423925341969094	0.26159632765982666	2.077522770140179	0.8383176635181386	3.6011319913809716	0.1598719119139744	-0.06290098774430793	0.22847272915290995	1.3521207061705625	0.24763613158479092	0.962678992039221
genus.Intestinimonas.id.2062	16	0.878801946167152	-0.12919572390067932	0.11542362978656502	0.2630045827011096	19.114211622126987	0.2086049569122136	0.8394159631747943	0.6074130669876568	0.004229567045981161	0.884865052046634	0.7784233283252712	0.09652338373483144	0.962678992039221
genus.LachnospiraceaeNC2004group.id.11316	9	0.8946778609007813	-0.11129155745276925	0.10179419233630373	0.27426224531479926	5.134581039777581	0.7430998727057627	0.9812856516868649	0.9587512037861174	-0.010975695907009052	0.794593663096026	0.8622358921113958	0.27073928712535844	0.962678992039221
genus.Lactobacillus.id.1837	8	0.8880404656667827	-0.11873796758364742	0.11068775020199632	0.2833926923848321	8.863454971622215	0.2626087060442666	1.264654539965264	0.4085289159951913	-0.04440873600079459	0.1966809688246334	0.9721746577785014	0.833760440187055	0.962678992039221
genus.Haemophilus.id.3698	9	1.117383850680641	0.11099010535268428	0.10567604047282966	0.2935864680723437	3.0318866784767513	0.9323405625937033	1.376139521270249	0.041029315794080055	-0.02743265359571461	0.11091091592736385	1.1758404267983456	0.22306553377110017	0.962678992039221
genus.Barnesiella.id.944	13	0.8552768408974297	-0.156330071930906	0.149361158373227	0.2952572774639848	16.52630412457484	0.16830144026372326	0.4630149172228215	0.22940166411628723	0.04788193446216831	0.3178476593424949	0.9537713232025503	0.80011009101698	0.962678992039221
genus.Tyzzerella3.id.11335	13	0.920754586421675	-0.08256174248916213	0.0791385515305513	0.29682989700236495	2.5524129122526014	0.9979633359996922	1.2212694451262542	0.34161991824139765	-0.04050464413352152	0.18155729180737815	0.907103988156173	0.3381264066233718	0.962678992039221
family.Peptostreptococcaceae.id.2042	13	0.8889836458841667	-0.11767643971824478	0.1158982952338097	0.3099426952411032	9.384930594500407	0.6697479226987543	0.5484712313425969	0.0074184563639246096	0.04234852780491426	0.013761425467542492	0.7792488995246774	0.1110386708062888	0.962678992039221
phylum.Lentisphaerae.id.2238	9	0.9165800196439491	-0.0871059054820898	0.08760529032863054	0.32007702844169306	5.589542481958987	0.6931005272601157	0.6280988415471928	0.11549308492263334	0.05668040819853618	0.17404830163348436	1.013084562220796	0.9095576399416365	0.962678992039221
genus..Eubacteriumventriosumgroup.id.11341	15	1.152610657111671	0.142029506126973	0.14381414849963778	0.32335317500274796	19.423636192206832	0.14938494117188544	1.2421187428691887	0.7499592201682127	-0.005737041962661539	0.9100354467370286	1.0085436964923515	0.9620002449272707	0.962678992039221
class.Melainabacteria.id.1589	10	0.8912726256213914	-0.11510492118439734	0.12196008997742151	0.3452761006132151	14.968945001142336	0.09179254389210414	0.5816360609863408	0.1681375662126998	0.049596705337063195	0.2416568694789168	0.8751688823205587	0.3703780522699215	0.962678992039221
family.Enterobacteriaceae.id.3469	7	1.1875653512255933	0.17190528802344657	0.1847921598469172	0.3522349887229963	6.580388414764469	0.36139955499209947	0.45783186755857075	0.5198193646511575	0.07037991205622367	0.4309941662344848	1.402021190025863	0.1476837631116031	0.962678992039221
order.Enterobacteriales.id.3468	7	1.1875653512255933	0.17190528802344657	0.1847921598469172	0.3522349887229963	6.580388414764469	0.36139955499209947	0.45783186755857075	0.5198193646511575	0.07037991205622367	0.4309941662344848	1.402021190025863	0.11910901018154169	0.962678992039221
genus.Odoribacter.id.952	7	1.2146070000156022	0.19442056769180308	0.2114712222108428	0.3579014074660489	9.203320770415994	0.16246220584080942	1.6170404964702307	0.5312942945314223	-0.02228364780651707	0.6904165628667397	1.0852716238199347	0.7374814691304612	0.962678992039221
genus.Prevotella9.id.11183	16	0.9140930112159592	-0.08982294988713528	0.101723318831774	0.3772295825410147	19.06625578328848	0.21074718418348362	1.9440299141432178	0.010125305124346059	-0.07823636263687112	0.002985014204710213	1.0362836836246831	0.7972258251258281	0.962678992039221
genus..Eubacteriumhalliigroup.id.11338	14	0.904195169062627	-0.10071004691114606	0.11679966571082091	0.38855215024500467	11.54767896011706	0.5650361670516775	1.0089796965055944	0.9703690380194943	-0.010180730287294638	0.6054729388254854	0.958580351335372	0.7856753768391115	0.962678992039221
class.Alphaproteobacteria.id.2379	8	0.8904047798399298	-0.11607911084121934	0.13510607307387676	0.39024662575838065	7.586614906915594	0.3704516589537469	0.5497792033477553	0.30268596430904926	0.04454775330716798	0.3834853804947271	0.9543319345549225	0.7942993215717908	0.962678992039221
genus.Collinsella.id.815	10	1.1420288035672435	0.13280633295361458	0.157284476220823	0.3984625397589959	5.777440719052059	0.7619697787365005	1.509172250500919	0.429558975171208	-0.019573806215834377	0.575101314862477	1.1769695833858784	0.42095191727097003	0.962678992039221
genus.RuminococcaceaeUCG010.id.11367	6	1.1536524037290816	0.14293291277294512	0.1695494771643663	0.3992195260430893	5.395754731653122	0.36951218461809604	0.857939231363222	0.7719588021518429	0.022630025153515455	0.5547133499762028	0.9963211332595967	0.986308951577704	0.962678992039221
genus.Ruminococcus1.id.11373	10	1.1900321208769562	0.17398029909272827	0.2095376297212742	0.40636593712322344	20.032631249127846	0.017712089694551576	1.1986974073020957	0.7671702800588265	-0.0006052809521293793	0.9897665251299579	1.382977473282172	0.18914468947084961	0.962678992039221
family.Victivallaceae.id.2255	12	1.0567175995404452	0.05516749951726114	0.06677141239780499	0.40868250579203735	8.789945422018972	0.6412742618821081	1.0435284475640527	0.8890670748249266	0.0018474682272941387	0.9664381111591934	1.1047607803064021	0.2830885549047176	0.962678992039221
genus.DefluviitaleaceaeUCG011.id.11287	9	0.9057893488933402	-0.09894850671328291	0.1219316823634226	0.4170741370181692	2.7915945522842973	0.9467475816906281	1.1072575207408402	0.7136782078035211	-0.020912087580396827	0.458762051283543	0.9066671832444004	0.5342020312133557	0.962678992039221
genus.Romboutsia.id.11347	14	1.1018787884276482	0.09701671232871405	0.11981732780554243	0.4181096336896927	7.855335577730822	0.8528954409248357	0.974744541023602	0.9300251683902316	0.010479779026811553	0.6562009323160808	1.0805794174316279	0.6326089701342399	0.962678992039221
order.Rhodospirillales.id.2667	14	0.9190512959007988	-0.0844133410995096	0.10442671696621468	0.4188891021994934	17.132385774832972	0.19332263392467225	1.1286068978620503	0.7856925660977186	-0.020690249184357093	0.6348758958548373	0.9274062931873996	0.5493418017859546	0.962678992039221
phylum.Firmicutes.id.1672	16	0.9083574379797151	-0.09611732367963378	0.11965986107596092	0.42182764202262524	12.509953470135411	0.6400913583221276	0.634076324146319	0.13202376421078507	0.027020619249610068	0.19521934617288042	0.9326076192142148	0.679491835263025	0.962678992039221
genus..Eubacteriumfissicatenagroup.id.14373	10	1.065552885215196	0.06349380550142689	0.07948167941060606	0.4243783725718113	5.399250108467999	0.798209123687993	1.1596622049241068	0.6686412767166325	-0.011370543256062697	0.8023320623181681	1.0507523883289611	0.6379517440893414	0.962678992039221
genus..Ruminococcusgauvreauiigroup.id.11342	12	0.8874649594932824	-0.11938624067310145	0.15023900173722035	0.42682170277612175	15.858585772048219	0.1464625630646198	0.7545633541618686	0.6728278269570765	0.01197398406787261	0.8014285485979424	0.9799904452587331	0.9113732122697821	0.962678992039221
family.Rhodospirillaceae.id.2717	15	0.9260888668117975	-0.07678508046137462	0.09739949569544676	0.4304908797738397	16.866271808697938	0.2633743593611328	1.2616465638156487	0.5887947396269106	-0.03153216988522485	0.46150010470456493	0.9243124090366737	0.5098678592582996	0.962678992039221
genus.Veillonella.id.2198	6	1.1286563782516827	0.12102787945345714	0.1536486779226717	0.4308767146214485	1.1458715548893954	0.9499636454399304	3.272081421757741	0.03471157506647905	-0.0814369228643647	0.046605641313729594	1.0998136201314268	0.6051991709058242	0.962678992039221
genus.Akkermansia.id.4037	12	0.9131044601371491	-0.09090499076203726	0.1176434957645903	0.43969057965845537	8.22451608778389	0.6930620106774674	0.9845134844398431	0.9669926681559698	-0.00605971126760376	0.8349711306912155	0.9928734452364153	0.9654624293309331	0.962678992039221
family.Verrucomicrobiaceae.id.4036	12	0.9132894634824422	-0.09070240210519448	0.1176675762604043	0.44080415450115995	8.227417715861993	0.6927988534600584	0.9871597673538788	0.9726903905834912	-0.00625778758040262	0.829782023111599	0.9929815224483631	0.964591614706865	0.962678992039221
order.Verrucomicrobiales.id.4030	12	0.9133752566232554	-0.09060846790924505	0.11765495927098989	0.44122855858838395	8.228520616388293	0.6926988187433254	0.9881494991497602	0.9748025826320426	-0.006331582947073186	0.8277980848519876	0.9929910022872176	0.965800405614639	0.962678992039221
class.Verrucomicrobiae.id.4029	12	0.9133752566232554	-0.09060846790924505	0.11765495927098989	0.44122855858838395	8.228520616388293	0.6926988187433254	0.9881494991497602	0.9748025826320426	-0.006331582947073186	0.8277980848519876	0.9929910022872176	0.9660723617255839	0.962678992039221
genus.Oxalobacter.id.2978	11	1.0808426505050293	0.07774096886251479	0.10331968497285858	0.45179170639853683	18.74815732362702	0.043580552514164546	0.9892274967655269	0.9835811791634455	0.013497625593261052	0.8633791337608842	1.1494211246078132	0.19478212419690688	0.962678992039221
genus.Terrisporobacter.id.11348	5	1.1168317444036715	0.11049587705222616	0.1468854565053521	0.4518954399396812	2.3800665832593633	0.6662325159923345	1.0624040027108745	0.8880175684795028	0.005234347977242293	0.9019730337102757	1.1848713958721913	0.34299073933745317	0.962678992039221
class.Bacilli.id.1673	18	1.0885293096506328	0.0848275279726989	0.1138821759490158	0.4563497202675607	15.660273892384872	0.5480331386655153	1.3072357850156076	0.39591737515140324	-0.014433084941429378	0.5314910895976991	1.0082750247918426	0.956874644563221	0.962678992039221
family.Desulfovibrionaceae.id.3169	10	1.1352729282047747	0.12687308740485698	0.1708967553957898	0.4578473722423222	14.547111191774151	0.10415107577663046	0.9528335116281784	0.9131645335410742	0.015018141055016494	0.6653575912972398	1.3152092289283162	0.14916459223159406	0.962678992039221
genus.Anaerofilum.id.2053	10	1.0661850286904169	0.06408688356193926	0.08696552034931529	0.4611692363451453	9.017591225072985	0.43565194879541846	0.7552768730624493	0.5793403416198053	0.038527346473197485	0.49087597111007963	0.9958765048195726	0.9741115332860113	0.962678992039221
genus.Butyricimonas.id.945	12	1.1241248428324444	0.11700481543929517	0.1588013815857094	0.4612441460305562	18.562302405793634	0.06941723920933311	1.440925092034072	0.5439712328591878	-0.022711900707172928	0.6656272117499968	1.389844994832115	0.0820144038696295	0.962678992039221
genus.Allisonella.id.2174	8	0.932074246740543	-0.07034280358484188	0.09584843966409318	0.46301201634238276	11.391385423394187	0.1224347190124267	1.0156672302604488	0.983014123937071	-0.012339116140119741	0.9053891951342252	0.8982172437845589	0.3482958192121858	0.962678992039221
order.Lactobacillales.id.1800	15	1.0966016754605243	0.09221601185507745	0.12602940247250113	0.4643502525707739	12.55370627173573	0.5619261432579545	1.4395908605952812	0.2628904264472319	-0.021505717087615138	0.360911797240242	1.0101265846553402	0.9524962369528692	0.962678992039221
genus.LachnospiraceaeND3007group.id.11317	3	1.2348853726252391	0.21097815008423246	0.28863767405285595	0.46481299055159364	1.9966640544193945	0.3684935660988811	0.0013751869156307939	0.11014698363639272	0.40014479608053355	0.10661156102520278	1.586957213790093	0.19984451766262723	0.962678992039221
genus.Prevotella7.id.11182	11	1.0527976419311362	0.05145104177935584	0.07139546020921364	0.47112571543048265	5.6153263722513325	0.8464806469476707	0.7498770643839943	0.37221388877696904	0.048065831531915355	0.29020915319689283	1.1248835986188968	0.18437731515317513	0.962678992039221
genus.Gordonibacter.id.821	11	1.0521690919144107	0.050853835158176985	0.0712753477528234	0.47554618074611177	6.616060893578833	0.7611255677841436	1.1866085043266055	0.5202057928234547	-0.01849474408023901	0.6400034920631014	1.0762919008588516	0.4196731029507914	0.962678992039221
genus.ChristensenellaceaeR.7group.id.11283	9	0.8835082629780254	-0.12385463471600718	0.17507179311632748	0.47928653830216517	8.190595762357937	0.4150772366875799	0.9805070933809931	0.975903474405297	-0.007598825220570992	0.8672004302522826	0.8450318012558354	0.5012503615523871	0.962678992039221
order.Desulfovibrionales.id.3156	12	1.1121546996373157	0.10629930453120752	0.15250466466253865	0.4857882127697716	15.896738077901833	0.1450079455543615	0.9822384595830773	0.9648672102564497	0.009982898058619967	0.7396653619705001	1.2989924926192988	0.153929627285723	0.962678992039221
family.Christensenellaceae.id.1866	11	0.9199591930466271	-0.08342596530688112	0.12039917610025001	0.4883651360814426	10.702741072808532	0.38114128048246343	1.2437937066974067	0.3393276516010007	-0.029831440936067353	0.13791670663404637	0.9859617556677366	0.9258737263630279	0.962678992039221
genus.Lachnoclostridium.id.11308	13	0.9097600806794299	-0.09457436183740314	0.13879951875391425	0.495634967950759	5.989373902321973	0.9166167643156751	0.5645383368701705	0.09575817493210412	0.03345168741109975	0.13993832445039675	0.9368571877906092	0.7177323726121183	0.962678992039221
genus.Anaerostipes.id.1991	13	0.9059488006846056	-0.09877248592163122	0.14681428425212087	0.5010925865190369	12.727479805936603	0.3891558732526028	0.6018548301103903	0.3673490643954871	0.027047972899079186	0.44741251182722186	0.7437214899017071	0.14824042773086454	0.962678992039221
genus.Intestinibacter.id.11345	14	1.077852612677559	0.07497074020575432	0.11145900573577751	0.5011823160818568	9.50623190928138	0.7337265709684057	1.1857515382415844	0.630036240308863	-0.007734468961473433	0.7775754095276184	1.1132761965060611	0.5050509433036278	0.962678992039221
genus.Coprococcus1.id.11301	12	0.9103664710117176	-0.09390804514183093	0.14067844184306577	0.5044292742370435	12.610985156217819	0.3195093879258045	1.2065481546242143	0.61228966943897	-0.022568774943625615	0.41260189534834	1.0880651990484327	0.6767330570718565	0.962678992039221
order.Coriobacteriales.id.810	17	0.9142070050518436	-0.08969825062003703	0.1351199642514831	0.5067917097673785	19.246895983010003	0.25606808162778694	0.7121607643168295	0.5530052826439774	0.017118734296246482	0.6514931441196311	1.0092209871007787	0.9595264330596143	0.962678992039221
family.Coriobacteriaceae.id.811	17	0.9142070050518436	-0.08969825062003703	0.1351199642514831	0.5067917097673785	19.246895983010003	0.25606808162778694	0.7121607643168295	0.5530052826439774	0.017118734296246482	0.6514931441196311	1.0092209871007787	0.9610605157772687	0.962678992039221
class.Coriobacteriia.id.809	17	0.9142070050518436	-0.08969825062003703	0.1351199642514831	0.5067917097673785	19.246895983010003	0.25606808162778694	0.7121607643168295	0.5530052826439774	0.017118734296246482	0.6514931441196311	1.0092209871007787	0.9578616208749675	0.962678992039221
order.Methanobacteriales.id.120	10	0.9506578657150964	-0.050601043821854715	0.07663541464900687	0.5090723853187621	9.056356967128211	0.43208830171596635	0.7289549810983184	0.35400179769729406	0.04429829045405347	0.41912009781678117	0.9268901926033436	0.4785867928617237	0.962678992039221
class.Methanobacteria.id.119	10	0.9506578657150964	-0.050601043821854715	0.07663541464900687	0.5090723853187621	9.056356967128211	0.43208830171596635	0.7289549810983184	0.35400179769729406	0.04429829045405347	0.41912009781678117	0.9268901926033436	0.49636982192245893	0.962678992039221
family.Methanobacteriaceae.id.121	10	0.9506578657150964	-0.050601043821854715	0.07663541464900687	0.5090723853187621	9.056356967128211	0.43208830171596635	0.7289549810983184	0.35400179769729406	0.04429829045405347	0.41912009781678117	0.9268901926033436	0.4941599928131595	0.962678992039221
genus.RuminococcaceaeUCG013.id.11370	11	0.9025888757999899	-0.102488116282967	0.16116428102520897	0.5248264360413277	13.151134663316181	0.21534406914289864	0.7131183128542063	0.4984122043350511	0.01928506794471053	0.6125460346539573	0.8031099786008279	0.2750488965073359	0.962678992039221
genus.RikenellaceaeRC9gutgroup.id.11191	11	0.950911627521769	-0.050334146599237746	0.07973978291915958	0.5278901209312188	13.448650180533287	0.19965730649528896	1.1454003320863615	0.7999591679607627	-0.02616406492351488	0.725358393012268	0.9319904087307647	0.49811274683163054	0.962678992039221
genus.Peptococcus.id.2037	13	0.9530257325460414	-0.04811337407018316	0.07775109227906443	0.536039663849321	7.254711530819675	0.8403322666647337	0.9572664427069222	0.8601008114518048	-0.0006072070713476386	0.9851815744242717	0.9772942007396093	0.8277437831306008	0.962678992039221
genus.Slackia.id.825	6	1.0823976418542358	0.07917861924516102	0.12900429398723115	0.5393690981787322	0.9631521930271255	0.9654827139367684	0.9973570776711994	0.9951779450307049	0.0082261543971194	0.850386688334169	1.0436623847146345	0.7813487393029113	0.962678992039221
genus.Faecalibacterium.id.2057	10	1.0795834873357262	0.07657530687590575	0.12486130093216949	0.5396892656268337	8.394242191887177	0.4949553536088769	0.7960811219722648	0.32191808471308003	0.03675565475778262	0.13924665386677923	0.9087861623161114	0.5804536366357396	0.962678992039221
genus..Eubacteriumrectalegroup.id.14374	9	0.9069362061122201	-0.09768316638779224	0.16513586095476093	0.5541639384283625	7.273485349572314	0.5074336785063018	2.7716880720807553	0.06496864073022394	-0.07146490242673623	0.041954393337357974	0.7974997719195523	0.32249451571837295	0.962678992039221
family.FamilyXIII.id.1957	10	1.0867140083013989	0.0831584716830721	0.14551048979491038	0.5676643614342749	4.53919645717825	0.8724883496898557	1.2111280705581022	0.5950843255137207	-0.008104115543416284	0.7499305173670169	1.0618450515780151	0.7453740202019385	0.962678992039221
family.Defluviitaleaceae.id.1924	11	0.9396855341022771	-0.06220999787753758	0.108945798174344	0.567987527906046	4.627891491628008	0.9146106008595342	0.9013165497013321	0.705657810428687	0.004445243985350531	0.8736419403059383	0.9457009765058659	0.7013534318305781	0.962678992039221
genus.Coprobacter.id.949	11	0.9415219667102924	-0.06025759954766272	0.10603596447304418	0.5698481759850382	12.321460363784976	0.2641182712082175	0.5765629381990707	0.20335888313099723	0.053796216427631514	0.23799297538507172	1.008228249278721	0.9522923155130285	0.962678992039221
order.MollicutesRF9.id.11579	13	1.06144266755474	0.05962898992038145	0.10691958922295758	0.57704967282033	5.026493468480136	0.9570882013764097	1.4131867845246435	0.12473195543306038	-0.024681063643965863	0.17475181628873868	1.0228513190197552	0.8744106136760718	0.962678992039221
family.unknownfamily.id.1000005471	13	1.06144266755474	0.05962898992038145	0.10691958922295758	0.57704967282033	5.026493468480136	0.9570882013764097	1.4131867845246435	0.12473195543306038	-0.024681063643965863	0.17475181628873868	1.0228513190197552	0.8654327572966868	0.962678992039221
genus.unknowngenus.id.1000005472	13	1.06144266755474	0.05962898992038145	0.10691958922295758	0.57704967282033	5.026493468480136	0.9570882013764097	1.4131867845246435	0.12473195543306038	-0.024681063643965863	0.17475181628873868	1.0228513190197552	0.8718777070543595	0.962678992039221
genus.Catenibacterium.id.2153	4	1.085594223753647	0.08212750873737983	0.14810773406001634	0.5792285282307112	5.122146205862044	0.16306840590346172	24.271828313068784	0.02735166962741532	-0.4005029119383519	0.028578104102978886	1.2090842546514509	0.2190534977485552	0.962678992039221
genus.Roseburia.id.2012	14	1.1098084946290285	0.10418747307845004	0.18866263274478312	0.5807824045796555	24.723316563309066	0.025092538981055346	0.6646318023172079	0.49523700244092966	0.03876591096450687	0.3687485015924675	1.428737103770042	0.11037083186164068	0.962678992039221
genus..Ruminococcustorquesgroup.id.14377	9	1.1025055417275238	0.09758535483645674	0.178845859852014	0.5853138078795774	3.746063094637223	0.8792770563968598	1.879644816863976	0.13720201689728692	-0.03467797136477576	0.18014801454327847	1.153662082190266	0.5361266669091527	0.962678992039221
genus.RuminococcaceaeUCG005.id.11363	14	0.9390514034678091	-0.06288505849498577	0.11592533588990152	0.5875004630010279	12.015163423764765	0.526400844504683	1.049110945898537	0.8809746441312634	-0.010005906687062992	0.7104072100097425	0.9429870376641158	0.7276045330228258	0.962678992039221
genus.RuminococcaceaeUCG003.id.11361	12	1.069974106333544	0.06763444849272086	0.12472048427417566	0.5876199745453816	7.25025165988273	0.7784705866678893	1.375565219161026	0.36710354812634743	-0.01951716503208658	0.4525429895829423	0.9992852067988075	0.9965527269569796	0.962678992039221
family.Acidaminococcaceae.id.2166	7	0.9149554272683365	-0.08887992826108866	0.16552903811528238	0.5913058609380919	8.088307418971569	0.23170482725741234	1.5090433392797327	0.4431379462796927	-0.05264111156674559	0.332512387910402	0.9941198983397467	0.9751021035387497	0.962678992039221
family.Ruminococcaceae.id.2050	10	0.891709387521526	-0.11461499822875207	0.21510392861924063	0.5941474930830952	20.781473913262037	0.013656854431011499	0.5409984085090063	0.20906227312668793	0.04916991265727659	0.2451337096902182	0.9645879442854322	0.8626074402128643	0.962678992039221
genus.unknowngenus.id.1000000073	15	1.0536728146491154	0.05228197939407645	0.09835362634419029	0.5950228454907196	7.288892038757398	0.9230006167485011	1.1259297216661814	0.5647502337118182	-0.00648840085440504	0.7283480445433602	1.0550100440239731	0.6931759154465373	0.962678992039221
family.ClostridialesvadinBB60group.id.11286	15	1.0536728146491154	0.05228197939407645	0.09835362634419029	0.5950228454907196	7.288892038757398	0.9230006167485011	1.1259297216661814	0.5647502337118182	-0.00648840085440504	0.7283480445433602	1.0550100440239731	0.6792525963680224	0.962678992039221
genus.RuminococcaceaeUCG002.id.11360	21	1.053714384434198	0.05232143088652738	0.09865687519138781	0.5958780188873684	18.23579242621956	0.5718787247189873	0.9017764541571225	0.6824685991700145	0.0128310284026736	0.5062096992801591	1.108524878784413	0.47266523382807735	0.962678992039221
genus.Dorea.id.1997	11	0.9114247537553696	-0.09274624037704451	0.17493366402055802	0.5959874915050658	15.312977190312282	0.12106106078526215	1.2211052245396976	0.6570209593161388	-0.02360555329073495	0.4794904194979812	0.9283734342285247	0.7029348162774218	0.962678992039221
genus..Eubacteriumcoprostanoligenesgroup.id.11375	13	1.07788419067315	0.07500003691353806	0.1456932685319184	0.6067064934012324	6.703830910612253	0.8765491367551393	1.0023059894755173	0.9958537294789552	0.0047105603572781055	0.8651357501533988	1.1017691449140123	0.6226622827961623	0.962678992039221
genus.Marvinbryantia.id.2005	10	1.0727616931006962	0.07023634494726312	0.137471538635691	0.6094102014434228	8.754356972848031	0.46025135319304333	1.709869501769169	0.3475155026878852	-0.04150837412077605	0.3959271225230568	1.0329397434209027	0.863725752575901	0.962678992039221
genus.FamilyXIIIAD3011group.id.11293	13	0.9371805433936735	-0.06487933292072474	0.12708017771310828	0.6096741962882191	10.217053989054106	0.5969251022089206	1.025104043157325	0.9666054328448133	-0.007411940616816684	0.876951109394767	1.0237173431324582	0.8909954897249538	0.962678992039221
genus.Bacteroides.id.918	9	1.0830981407619817	0.07982558326864495	0.16346701378662598	0.6253172571458622	7.036461350354141	0.5327039244942346	0.9963103767827802	0.9966484222832065	0.005525560722228277	0.9229686017513341	0.9877590591295052	0.9533323361308776	0.962678992039221
family.Bacteroidaceae.id.917	9	1.0830981407619817	0.07982558326864495	0.16346701378662598	0.6253172571458622	7.036461350354141	0.5327039244942346	0.9963103767827802	0.9966484222832065	0.005525560722228277	0.9229686017513341	0.9877590591295052	0.9532483641971108	0.962678992039221
family.FamilyXI.id.1936	8	0.95839480806922	-0.04249546892567163	0.09095372450974396	0.6403419372567078	10.166188388535781	0.1793497196854589	1.217444422782336	0.7609455214181244	-0.03202402233312616	0.7085488792190537	0.9843881599660055	0.882301454439947	0.962678992039221
phylum.Bacteroidetes.id.905	11	0.919850739161178	-0.08354386214358824	0.1798423129954061	0.6422612504900806	13.659127743439397	0.18911521258384317	1.194014129027608	0.683258629015485	-0.02086249290409464	0.5074399688841961	0.9184481381225252	0.6785918929023078	0.962678992039221
genus.RuminococcaceaeNK4A214group.id.11358	13	0.9424113706069799	-0.05931340057294733	0.1287989322560752	0.6451490571981308	7.6370306514659285	0.8128133511870345	0.9991983724828593	0.9982292692678093	-0.0044792508644165415	0.8651544731901187	0.9998041355764384	0.999104048847304	0.962678992039221
genus.RuminococcaceaeUCG004.id.11362	11	0.9515864271143657	-0.04962476388081637	0.11580644253904875	0.6682764278726909	10.508438170441423	0.39707322656438	0.2679804359726588	0.0329910341235924	0.10818610952977098	0.036075307919074075	1.0948241482327423	0.5562786518517364	0.962678992039221
genus.unknowngenus.id.2001	10	0.9542691185172183	-0.046809552433350235	0.11090138681680954	0.6729646835199141	7.258682799102159	0.6102064661248331	0.9177210863566083	0.7778005252370284	0.004348999830092319	0.8904233632079419	0.8760685448940021	0.37263487737768675	0.962678992039221
order.Selenomonadales.id.2165	12	1.0928608213299016	0.08879886470025228	0.21125243090656565	0.674233573380149	22.79057668998238	0.018916149026022264	1.2272044136266067	0.7929278915854532	-0.007665291824513174	0.8763632418158621	1.6526726561484015	0.02896284213082283	0.962678992039221
class.Negativicutes.id.2164	12	1.0928608213299016	0.08879886470025228	0.21125243090656565	0.674233573380149	22.79057668998238	0.018916149026022264	1.2272044136266067	0.7929278915854532	-0.007665291824513174	0.8763632418158621	1.6526726561484015	0.035353724758435595	0.962678992039221
phylum.Proteobacteria.id.2375	12	1.0844214593085464	0.08104662755441586	0.19827403262558538	0.6827153011610705	21.765962447471207	0.026250357389453218	1.8261634469562735	0.3001661883293262	-0.03685325625418488	0.33481565496828525	1.0670177619265735	0.7850714230362829	0.962678992039221
family.Alcaligenaceae.id.2875	13	1.0784511838011137	0.07552592277317069	0.18794042941116623	0.6877863501637063	20.923206106647267	0.051516350152196924	2.321300433312185	0.33168198501393886	-0.049669928789417235	0.36284028220040565	1.0306702143357231	0.8887880932778793	0.962678992039221
genus.Senegalimassilia.id.11160	5	0.9402223862380199	-0.06163885059470739	0.1558226250897693	0.6924218233176387	1.6979505822753826	0.7910898698454788	0.8799135484441654	0.7940115162601804	0.006202978179978937	0.8880414058765741	0.9593983132865498	0.8271747522164219	0.962678992039221
genus.RuminococcaceaeUCG011.id.11368	8	0.9704598708704737	-0.029985226150709764	0.07983619627661082	0.7072259247689525	7.128621477354046	0.4156119452249562	0.685406315795587	0.3880848398209305	0.04700876484498135	0.41563659580471235	1.0181668390178198	0.8617533829676591	0.962678992039221
genus.Desulfovibrio.id.3173	10	0.9565360379456415	-0.04443681392121304	0.11930582170487426	0.709549342874483	2.8865000013331126	0.9686251888099937	0.6360220799608735	0.014199974003780601	0.04253121869522438	0.017265030982439387	0.917682771970708	0.5674754910162824	0.962678992039221
genus.Erysipelatoclostridium.id.11381	15	0.9628325344596503	-0.03787578214055651	0.10356714979264378	0.7145797555271671	15.965524501102095	0.3154841987178751	1.3206749920943868	0.5100661074575713	-0.02622759300640123	0.44032023999429265	0.932384063733799	0.6240938332778844	0.962678992039221
genus.unknowngenus.id.826	14	0.9613737145607569	-0.039392064689930166	0.1103725363575191	0.7211659475230384	8.615925199667464	0.8012929321230358	1.5302138206886593	0.07639017655801206	-0.04395039059611264	0.04262602031474289	1.0013481142561078	0.9928450799004542	0.962678992039221
genus.Paraprevotella.id.962	13	0.9635121531727374	-0.03717017763929805	0.1103718226996098	0.7362885214138982	20.819672103794865	0.0530842534530169	1.784594506222411	0.16676085949565117	-0.06794198450743029	0.13056538270604756	0.9592503177797465	0.7491779007345065	0.962678992039221
class.Bacteroidia.id.912	12	0.951225300796778	-0.050004335140154545	0.1490243781831662	0.7372142573068231	8.449047498959954	0.672603145929792	1.1371203107237582	0.6916476908243185	-0.013552308529787989	0.5445487453982437	0.9005408248691796	0.6084310976890137	0.962678992039221
order.Bacteroidales.id.913	12	0.951225300796778	-0.050004335140154545	0.1490243781831662	0.7372142573068231	8.449047498959954	0.672603145929792	1.1371203107237582	0.6916476908243185	-0.013552308529787989	0.5445487453982437	0.9005408248691796	0.6101412133626096	0.962678992039221
family.Streptococcaceae.id.1850	16	0.9600639078780082	-0.04075542602972772	0.12387095618834448	0.7421442076476512	13.635468382458303	0.5533361357380066	1.7189948980320375	0.2557157865083366	-0.04728287492955003	0.20905094965795695	0.997985672930167	0.9909668053374238	0.962678992039221
phylum.Euryarchaeota.id.55	11	0.9765103570401333	-0.02376992243375077	0.07362251451254959	0.7467996515208379	10.724069271752938	0.3794157741661828	0.8141879095384847	0.548285125090231	0.026860922375048866	0.5845812763081233	1.0403524920570686	0.6959480125894604	0.962678992039221
genus..Clostridiuminnocuumgroup.id.14397	8	0.9735645371719299	-0.02679116240530942	0.08433359882609401	0.7507271013277041	7.008271000501358	0.42801919191305604	0.808506251456366	0.6539217781464854	0.02563186037222885	0.6887499163667521	0.9206998401212497	0.48023214627667166	0.962678992039221
genus.unknowngenus.id.1868	9	0.9611010379506413	-0.03967573719235229	0.12686088994806446	0.7544706419463396	4.7249825059334505	0.7865251690256727	0.6449397444078767	0.17160684250215624	0.03766195011719637	0.18757183237478955	1.0487030149073284	0.762801620008575	0.962678992039221
genus.Holdemania.id.2157	15	0.9612716967668327	-0.039498187008085064	0.12962640624851002	0.7605886500198497	26.529140736444674	0.022151826070582713	0.9705289578830969	0.9431529559265227	-0.0009757547643010571	0.9807117443484852	0.9350288587801169	0.6234249626326096	0.962678992039221
genus.Dialister.id.2183	11	0.9492417480371311	-0.052091773047719954	0.17403013501292525	0.7646911918419392	18.503533223339932	0.047040955575730604	1.3752310938079264	0.6769620335417664	-0.028119847460835554	0.6179418457302153	0.999151018115396	0.9963805810018893	0.962678992039221
phylum.Actinobacteria.id.400	16	1.040079890879857	0.03929752835662657	0.13432487127364637	0.769861656113014	17.02956998770774	0.3170997836611325	1.7283897337757712	0.3588913421417305	-0.031162936299510467	0.38040710375961045	1.0672641443702109	0.7352526827704201	0.962678992039221
genus..Eubacteriumxylanophilumgroup.id.14375	9	1.0393530634915746	0.03859846526218665	0.1377853747743532	0.7793741597646371	8.393341348166686	0.39602013861556556	1.4725368833945385	0.3864373999866648	-0.03021249495709639	0.4070694477039724	1.0297165201858913	0.8792182180172994	0.962678992039221
class.Actinobacteria.id.419	16	0.9709741131086475	-0.029455471078486055	0.10861520748822716	0.7862441039047279	9.864940332541694	0.8281484049498228	1.0860743000754352	0.7662882614318309	-0.008393737844445906	0.6694934618598352	1.0163478491370133	0.9147405634582118	0.962678992039221
genus.Fusicatenibacter.id.11305	18	1.0327522566609542	0.03222733239131266	0.12078266249915835	0.7896071018801902	15.453417422511544	0.5628576976526358	0.5033940564536514	0.09828964608616478	0.04969969459252274	0.07407986625877062	1.1309079826248276	0.4952712913556545	0.962678992039221
family.unknownfamily.id.1000006161	12	0.9803774008930815	-0.019817678498505426	0.07896557255974368	0.8018403509568401	11.12431432914592	0.43290818799235875	0.5894903355709772	0.1011720824213203	0.06077958766964521	0.10326208350478346	0.998749039403809	0.9906774783544463	0.962678992039221
order.NB1n.id.3953	12	0.9803774008930815	-0.019817678498505426	0.07896557255974368	0.8018403509568401	11.12431432914592	0.43290818799235875	0.5894903355709772	0.1011720824213203	0.06077958766964521	0.10326208350478346	0.998749039403809	0.9908534732290505	0.962678992039221
genus.unknowngenus.id.1000006162	12	0.9803774008930815	-0.019817678498505426	0.07896557255974368	0.8018403509568401	11.12431432914592	0.43290818799235875	0.5894903355709772	0.1011720824213203	0.06077958766964521	0.10326208350478346	0.998749039403809	0.9907965294377863	0.962678992039221
family.Oxalobacteraceae.id.2966	14	0.9737199690508789	-0.0266315227853337	0.10729861215812951	0.803979614090994	29.62876463447947	0.0053251633783408525	0.9999112733316257	0.9998394219434341	-0.00371011910318498	0.9503098123724895	1.0293405556288195	0.7984280251063498	0.962678992039221
genus.LachnospiraceaeUCG001.id.11321	13	1.0253887657975873	0.025071824385452576	0.10184426915067661	0.8055444002480363	11.087248494349325	0.5214566571577368	0.8439917410370404	0.7058598148533376	0.01823139482584235	0.6565297105571061	1.047400090994029	0.7395217411791042	0.962678992039221
class.Deltaproteobacteria.id.3087	13	1.0415245506434376	0.04068555383034759	0.16672428718300736	0.807208393648314	21.724148161455048	0.04073028941111543	0.9467883541358294	0.9065063923327349	0.007536288221175069	0.824746510031994	1.2695000877222462	0.19260064718354108	0.962678992039221
genus.Oscillibacter.id.2063	13	0.9715094460727998	-0.028904287028381697	0.11922751019930936	0.808447239608138	17.837276044278624	0.12072145203965436	0.4430072058901292	0.07136276455206128	0.07612275053055657	0.07153634340845869	0.8997652562670352	0.4518101113976585	0.962678992039221
order.Actinomycetales.id.420	6	1.03219500076996	0.031687603444225505	0.1321190241206831	0.8104532594472962	4.932986862894271	0.4241132503175138	1.2385754282076094	0.5719412288565265	-0.02179139983368427	0.5973756261242062	1.0941292578198585	0.5870246695310326	0.962678992039221
family.Actinomycetaceae.id.421	6	1.0319108264517862	0.031412254848992086	0.13216224350016847	0.8121296912080749	4.934019189285703	0.42398559398333757	1.2352307708652794	0.5762020474995979	-0.02150426050636029	0.6015365546846704	1.094086853420678	0.590939247405347	0.962678992039221
genus..Eubacteriumnodatumgroup.id.11297	11	1.0257484856014298	0.025422575957328154	0.1094554177564797	0.8163328099118603	25.2244554137503	0.004935906466680896	0.6831150246694302	0.4624306263026361	0.060466248883110765	0.42264823534196033	1.128781777571152	0.2623573399159803	0.962678992039221
family.Porphyromonadaceae.id.943	10	1.0453575460262656	0.04435897620447931	0.1984920035635564	0.8231620129057877	12.727796321683838	0.17531493275643137	0.9242124344163823	0.9211045047480058	0.007943798881387713	0.8722559409513538	1.069926424228615	0.77204109555312	0.962678992039221
genus.LachnospiraceaeNK4A136group.id.11319	15	1.0317409304514709	0.031247599160229865	0.14064486926141426	0.8241786216322493	23.143560753387998	0.05797344870503767	0.9022240004598852	0.7274835931773539	0.011499941613700123	0.6010629255908229	1.150592202270458	0.38822853414082736	0.962678992039221
genus.Eggerthella.id.819	10	1.0257073049178211	0.02538242819123491	0.11737020457200963	0.828785433638582	15.064664950270657	0.08917498724423945	1.4116640192202299	0.5584334927239422	-0.035887750723776014	0.5783415991398219	1.069325846219577	0.6341724532824495	0.962678992039221
order.Burkholderiales.id.2874	10	0.96033412667316	-0.040474006457249995	0.18969519413493519	0.8310435468463453	13.799357046401035	0.12964362830011575	0.9166601141392071	0.8946489599324282	0.00342562772479517	0.9404657819002077	0.8115507373051181	0.365637707900784	0.962678992039221
genus.Ruminiclostridium6.id.11356	17	1.0236432254619592	0.02336805327272665	0.10986059368586448	0.8315559611160268	14.93293088956611	0.5295561767438478	0.7151257239026912	0.2255173409845843	0.034232564181676486	0.1632952164237034	0.938731842924939	0.6879903075235616	0.962678992039221
family.Rikenellaceae.id.967	18	0.9719427568290714	-0.02845836840706988	0.134170652651586	0.8320245252006335	22.36322109453899	0.1711508826581117	1.4334431525402995	0.411806205894465	-0.028465723157229027	0.3523055670780805	0.996191327339853	0.982509701478675	0.962678992039221
genus.Ruminococcus2.id.11374	15	1.0215487604842222	0.021319868335243956	0.11087353742885885	0.8475150805890909	14.809551922266069	0.3912961770870252	1.2216346267608091	0.4743091096744203	-0.015697719034591513	0.48207015198013925	1.0595385289314052	0.6896460639020658	0.962678992039221
order.Clostridiales.id.1863	13	0.9758339543707317	-0.024462835761089215	0.1406022621706514	0.8618764056944904	10.60813237440774	0.5627661397310812	0.7874519538835776	0.7030472177838479	0.0142672852948774	0.7253239663355942	0.9052242584137216	0.6158248033136924	0.962678992039221
genus.Parabacteroides.id.954	6	1.0344383268556736	0.033858600047091236	0.19586459645740753	0.8627556708857915	1.342063307953992	0.9305444622362724	1.5757813788686421	0.5220505533560544	-0.03800497380837706	0.546621369702918	1.0474776582334329	0.8430301591343599	0.962678992039221
family.BacteroidalesS24.7group.id.11173	8	0.9809315777084993	-0.019252569343128106	0.11430763981595136	0.8662468421715324	4.587506875747018	0.7101559605225098	1.0174930276605605	0.9668494066647813	-0.003679155572771138	0.927859943744608	1.026406946367536	0.8619980889015281	0.962678992039221
genus.unknowngenus.id.1000005479	8	0.9809315777084993	-0.019252569343128106	0.11430763981595136	0.8662468421715324	4.587506875747018	0.7101559605225098	1.0174930276605605	0.9668494066647813	-0.003679155572771138	0.927859943744608	1.026406946367536	0.8578890593629341	0.962678992039221
genus.FamilyXIIIUCG001.id.11294	8	1.0277127903000232	0.027335741129509736	0.18214953566433897	0.8807069615440595	10.489913455656264	0.16246806560410337	0.67870319103035	0.5271497792052627	0.03687968403384225	0.4761892059349434	0.8224231201852265	0.3668157893466555	0.962678992039221
genus.Holdemanella.id.11393	11	0.9860310467255079	-0.014067437323999132	0.09486771986385496	0.8821180400541703	10.762896171703586	0.3762865712698697	0.8604114722004552	0.6066378496604663	0.01586078288761596	0.6182056504887395	0.9264504203204312	0.524262665964471	0.962678992039221
family.Prevotellaceae.id.960	16	0.9834406197059025	-0.016698019482211984	0.11488377175015298	0.8844368536970293	6.256364969814861	0.9751121365257523	0.8757501599677447	0.6417843217374537	0.00831532511324833	0.6722540873199762	0.8701109833283956	0.3527603902765646	0.962678992039221
phylum.Tenericutes.id.3919	13	0.9840849208419988	-0.016043083984960405	0.1126803834410838	0.886782305521101	8.851784649455725	0.7155351717251273	1.9448448928163964	0.029498648513488546	-0.06321839593554925	0.02140312884529793	1.0078468431584062	0.959808189831317	0.962678992039221
class.Mollicutes.id.3920	13	0.9840849208419988	-0.016043083984960405	0.1126803834410838	0.886782305521101	8.851784649455725	0.7155351717251273	1.9448448928163964	0.029498648513488546	-0.06321839593554925	0.02140312884529793	1.0078468431584062	0.9606146025614227	0.962678992039221
genus.Hungatella.id.11306	6	0.9855076906952276	-0.01459834856874396	0.10872559326276966	0.8931907973800826	5.623998275475716	0.34454049461907943	0.6359491068289884	0.5943048549885432	0.057350471338135214	0.6018820708304435	1.0470822491939442	0.7363025275696056	0.962678992039221
class.Gammaproteobacteria.id.3303	7	1.0266746741095902	0.026325107744350932	0.20107754138691908	0.8958384514117397	6.900073412378301	0.33018736566935974	1.6633920570091232	0.4832590622432617	-0.037434725044736473	0.484281187691138	0.9685557998771598	0.8953222266462775	0.962678992039221
genus.Clostridiumsensustricto1.id.1873	7	0.9780040813642492	-0.022241435781948406	0.17151316880541137	0.8968214147125673	8.172250794889793	0.22575349700909306	1.6847840614088088	0.2530592715238473	-0.05873992285390963	0.20366569127818762	1.2031255914530221	0.38437665322409875	0.962678992039221
class.Clostridia.id.1859	12	0.981644326327517	-0.018526229384620178	0.14535528351527066	0.8985804413898013	11.23686355852352	0.4236383587628117	0.691034035895513	0.6033880855668894	0.0232914080756996	0.6129442400015008	0.8541619453633575	0.4223556801849948	0.962678992039221
genus.Streptococcus.id.1853	17	1.015135413300097	0.015022015713467651	0.12422855141940958	0.9037524925378251	17.138505781912947	0.3766896745306003	0.9313252254487295	0.8815174115675515	0.0068593327343002605	0.8511858768500941	0.9955798694372764	0.9807124067142567	0.962678992039221
genus.Coprococcus2.id.11302	9	0.9835779358529282	-0.016558400924104537	0.1370423455996949	0.9038281480676736	3.300644884366503	0.9140991933329403	1.6948704100504852	0.29468076767646384	-0.041684619310726534	0.2733891866998582	0.9879511505619255	0.9440684956589508	0.962678992039221
class.Betaproteobacteria.id.2867	10	0.9769189071563421	-0.02335163227126184	0.1933253028812927	0.9038579079411069	13.940427834948437	0.12446016120926462	0.9072430646619962	0.8846270490177284	0.005356805600357041	0.9074516977370924	0.9131181607919581	0.7036387350963986	0.962678992039221
genus.Turicibacter.id.2162	10	1.013494388909356	0.013404150544672004	0.11219317857108468	0.9048999594323036	7.504450939111967	0.5847493067157135	1.6470549853909784	0.27990632041793656	-0.052380698042453516	0.279548087151422	1.0681452618168508	0.6656583875892863	0.962678992039221
genus.Sellimonas.id.14369	10	1.0120513037550225	0.011979264990406305	0.10369538202938085	0.9080301067802289	21.47657274906447	0.010694449486412214	1.4177148593948241	0.5763472694071913	-0.04802081093090386	0.5832110061210524	1.1315564385186914	0.2454820020682279	0.962678992039221
family.Veillonellaceae.id.2172	19	0.9883073375968482	-0.011761559164494003	0.10183702884564176	0.9080536276776945	19.334408386076262	0.3715082840698575	1.2304507701310217	0.3218732012362616	-0.019549422325208003	0.23186969539159388	1.0676390438889993	0.6640291109993794	0.962678992039221
genus.CandidatusSoleaferrea.id.11350	10	0.9890895369039561	-0.010970418692904263	0.09510280939197474	0.9081651280734168	5.358864000794277	0.8019707356671336	1.1801160371246877	0.8435846980362803	-0.016663289217941326	0.8326478760420032	0.9532217201996459	0.6927965541317664	0.962678992039221
genus..Ruminococcusgnavusgroup.id.14376	11	1.0122615266744024	0.012186963046729903	0.10791049670779954	0.9100814185244905	13.70477063927124	0.1868887922181917	1.0964789448763121	0.8692866266338493	-0.008967961251767888	0.8838943234478077	0.8646525359848313	0.2898405127529532	0.962678992039221
genus.Blautia.id.1992	13	0.9842262161340961	-0.015899513906342564	0.14480161103206668	0.9125663642719672	10.909009870529239	0.5367322718515481	1.3216421448180333	0.46163309385975004	-0.02251291172573619	0.4017197508580943	0.8731586160376357	0.5063234906946898	0.962678992039221
genus..Eubacteriumruminantiumgroup.id.11340	18	1.007398305687484	0.007371072461296455	0.07607677998795571	0.9228138207663051	9.062491619301703	0.9382808593117622	1.0352862339703606	0.8580563776524958	-0.002752530552994793	0.882617803023736	1.0581705670192518	0.5844007559364033	0.962678992039221
genus.Eisenbergiella.id.11304	11	0.9917624634486102	-0.008271652539251915	0.08745117025033232	0.9246437053273688	6.673012218926236	0.7559117733008109	1.2465202169293461	0.6990104332999215	-0.02410426833468534	0.6856863532963595	0.9383138931749415	0.5746390128298957	0.962678992039221
phylum.Cyanobacteria.id.1500	8	0.9857359497002152	-0.014366759736871394	0.15506000785255944	0.926179314615933	13.209107272134819	0.06717449499200283	0.8082678550342595	0.7307911728893414	0.024085178276022048	0.7380763549531306	1.0634693025488176	0.7212228765712407	0.962678992039221
genus.Parasutterella.id.2892	14	0.9925706311763026	-0.007457104039742659	0.10184196215738167	0.9416292107598956	13.423213212847342	0.4156782199376219	1.3099157858628723	0.35583450641381636	-0.024188541149259182	0.3108591948988421	1.087151015589243	0.5694290854083898	0.9713253363472597
order.Bifidobacteriales.id.432	14	1.0094419038710252	0.009397607705140504	0.1545532575181808	0.951514524336059	24.86286490329649	0.02406001108078817	0.9693324635347907	0.9577245321399437	0.002994946745049818	0.942710995997243	1.137583526892141	0.44272707498113173	0.9713253363472597
family.Bifidobacteriaceae.id.433	14	1.0094419038710252	0.009397607705140504	0.1545532575181808	0.951514524336059	24.86286490329649	0.02406001108078817	0.9693324635347907	0.9577245321399437	0.002994946745049818	0.942710995997243	1.137583526892141	0.43335597113167756	0.9713253363472597
genus..Eubacteriumoxidoreducensgroup.id.11339	5	1.0074325626950058	0.00740507730811766	0.12540165121547261	0.952911585895179	1.7506475784771804	0.7814981806619262	0.679654625503205	0.24044772533747105	0.04410731968020658	0.21998239193058544	0.9525004501112466	0.7477769250741596	0.9713253363472597
genus.Escherichia.Shigella.id.3504	10	0.9968185498026022	-0.0031865217695699498	0.1413861449333315	0.9820190210376248	8.9432163166676	0.4425322856983379	0.6373664349909648	0.32872387391716185	0.035240813618009986	0.30711358093304836	0.9974443158197688	0.9889221598914755	0.9898219870206865
genus..Eubacteriumbrachygroup.id.11296	10	1.0017289628697212	0.001727469933991359	0.07907193709161829	0.9825701505935156	8.602233308443772	0.4747709517386257	0.778685748972163	0.4519052889527644	0.03264344225420811	0.4348595395443839	0.9911832446627389	0.9344785285029018	0.9898219870206865
genus.Bifidobacterium.id.436	15	1.0022949136961485	0.0022922844036100654	0.12299809225477461	0.9851308875561334	20.048210713308308	0.12862875974515992	1.2885733581073282	0.447592802997552	-0.02184885917960505	0.415844529911857	1.13420577571056	0.421693831093779	0.9898219870206865
genus.Butyrivibrio.id.1993	15	0.999593041319765	-0.00040704151039171145	0.06527410632473934	0.9950245196727047	18.13150703670251	0.20085680584321344	1.2768174579405414	0.4033832209057481	-0.035965709004499635	0.3898714753359799	1.0677797539654	0.43163638506696667	0.9950245196727047
