# RECONSTRUCTION, NOT THE PUBLISHED RECORD. Produced by src/wp1_stage2_validate.py. The published tables are results/MR_results_*.tsv. See docs/CORRECTIONS.md C13-C19.
taxon	n_snp	b_ivw	se_ivw	p_ivw	or_ivw	lci	uci	fdr_ivw	b_egger	se_egger	p_egger	egger_intercept_p	b_wmedian	se_wmedian	p_wmedian	q_stat	q_p
family.Oxalobacteraceae.id.2966	14	-0.07482593072431104	0.02362894487831485	0.0015417589734073765	0.927904992021425	0.8859111082619658	0.9718894663229337	0.14975280059357138	0.0008699735593895586	0.09736212791266866	0.9930174768860254	0.4380716799868389	-0.08820847311935101	0.02718339670245224	0.0011747564907177083	18.5965671969588	0.13615311375043684
genus.Oxalobacter.id.2978	10	-0.08097398422674912	0.026865624956353223	0.002577964721629949	0.9222176833386606	0.8749131898544774	0.9720798192606808	0.14975280059357138	-0.11100309626105043	0.13354164274570082	0.429955845999454	0.8237647040892162	-0.07899047428352973	0.030175900186720894	0.008853301622579938	15.000013615307921	0.0909356025913135
genus..Eubacteriumbrachygroup.id.11296	10	0.06320021710974089	0.0212591140555656	0.0029504589608120558	1.065240097175085	1.021765847566125	1.1105640958078198	0.14975280059357138	-0.03673563644051603	0.07284061710596026	0.6276244201643861	0.19518816444094186	0.067111533489323	0.027406020107847723	0.014333778202656097	6.810735531701343	0.6568170653090256
order.Clostridiales.id.1863	13	0.13759488978722875	0.046884974295899336	0.0033383461443003437	1.1475105878416247	1.0467606918209493	1.257957582375351	0.14975280059357138	-0.04238380630890681	0.23260462318118175	0.8587294042871405	0.4459395615110295	0.15068805597764462	0.056989722402302025	0.008190195274343325	18.92081110684969	0.09045751018546756
family.Victivallaceae.id.2255	12	0.051800616145401324	0.01776595421019152	0.003548644563828706	1.0531657373339984	1.0171243143143038	1.0904842748174846	0.14975280059357138	-0.022494643609052734	0.077155755359591	0.7765900444984714	0.3466085663118496	0.029122438588124352	0.024934266549639483	0.24281946012596434	10.242704463783426	0.5086970197381671
genus.Gordonibacter.id.821	12	-0.06853906685655593	0.02605068715552411	0.008513683475715	0.9337569804409416	0.8872766833573454	0.9826721640233067	0.29939786889597747	-0.16207450957114	0.11196331693117345	0.17835122246346616	0.4101513870363508	-0.042635040870370254	0.026315050874524952	0.10519425498083053	23.94709978503063	0.012958080564273682
genus.FamilyXIIIUCG001.id.11294	8	0.1028463908412954	0.04206367925029093	0.014484550537916854	1.1083211477204145	1.020611114254685	1.2035688709713244	0.4366057376429223	0.20055968778015487	0.12107936218717132	0.14871239446649548	0.4213555102898275	0.05423409001717187	0.057649150710389646	0.3468271967618839	8.638209665723691	0.2796848990403995
phylum.Cyanobacteria.id.1500	8	0.09062698563448206	0.04148332756864486	0.028913751090129718	1.0948605303736336	1.0093632268913173	1.1875998144512412	0.6681724913637141	0.16447973506845948	0.15393272174861036	0.3263795855258948	0.6345081550557735	0.12663538909165445	0.0432163344420412	0.0033867111080742853	13.498595451842736	0.06085269002221486
genus.Oscillibacter.id.2063	14	-0.07874900234588095	0.036852491300120804	0.032608524147978	0.9242718854080458	0.8598649944167165	0.9935030774630357	0.6681724913637141	-0.3629909634195402	0.12163986782065965	0.011397627602569665	0.032376900934263694	-0.09055711522318124	0.0389786941806681	0.02016591352148356	27.427598799923103	0.010865914966125637
class.Clostridia.id.1859	12	0.11537359264946237	0.05575060687126048	0.03850303911881934	1.122292639542354	1.0061210607768365	1.251877947767478	0.6681724913637141	0.11194038069877532	0.30318588541346664	0.7196662170242198	0.9910192598422212	0.14687476107778946	0.05668884743936088	0.009572713699634507	22.32052137208367	0.02200443754607067
genus.Butyricimonas.id.945	12	0.08314835334411574	0.04036862664750278	0.03942463941568806	1.0867030126163435	1.0040339597151755	1.1761787798138232	0.6681724913637141	0.15450118733621643	0.1414811407416544	0.3004316782347728	0.6091183509062815	0.05612585649830959	0.044055133574051726	0.20266650264840458	20.26624411320757	0.04182028877103656
class.Actinobacteria.id.419	16	0.08835975193046766	0.04405003074467328	0.04486741426066003	1.0923810375349632	1.0020237366673994	1.1908862909123403	0.6681724913637141	0.2227698686724794	0.1389086200919321	0.13109153222839975	0.32497680486529157	0.07935923702068412	0.054712145124802	0.14692285461595264	31.570242990709957	0.0073629294730340284
genus.Alistipes.id.968	14	-0.06890621474889509	0.034820755275742264	0.04782913513662306	0.9334142164600027	0.8718351726858501	0.9993426817199357	0.6681724913637141	-0.3103175070476514	0.13338173648149135	0.03831036920293971	0.08821708702047236	-0.05079113149991711	0.04677701136760826	0.27756131315115595	11.033370928217053	0.6080219216770448
genus.Slackia.id.825	6	0.060420302296068484	0.031330669263953566	0.05379650767206632	1.0622829326859107	0.9990126782618797	1.1295602684833697	0.6681724913637141	0.013483348875399592	0.15651114406569858	0.9354876215301454	0.7756966463193448	0.08105362352171332	0.03831650946491001	0.03439836039369219	3.2813445539224233	0.6566990106237542
class.Mollicutes.id.3920	13	-0.05522040804212034	0.02914525699743014	0.05813720819673089	0.9462765580034231	0.8937357655509022	1.0019061099953335	0.6681724913637141	0.011237123374991276	0.09230994296397214	0.9053062180525842	0.4696123317807632	-0.047605014136165656	0.03917796900267566	0.224329277398863	8.804442949670037	0.7195366389456224
phylum.Tenericutes.id.3919	13	-0.05522040804212034	0.02914525699743014	0.05813720819673089	0.9462765580034231	0.8937357655509022	1.0019061099953335	0.6681724913637141	0.011237123374991276	0.09230994296397214	0.9053062180525842	0.4696123317807632	-0.047605014136165656	0.03917796900267566	0.224329277398863	8.804442949670037	0.7195366389456224
class.Bacteroidia.id.912	14	0.07098594994862646	0.03785685074874003	0.06077689982605466	1.0735661421029443	0.9967916801737893	1.156253893761287	0.6681724913637141	-0.005603542461203093	0.08188965634482419	0.9465719571019333	0.3128410755933761	0.02571455076566854	0.048719551057863575	0.5976328610350592	19.06558087641571	0.12108431535476061
order.Bacteroidales.id.913	14	0.07098594994862646	0.03785685074874003	0.06077689982605466	1.0735661421029443	0.9967916801737893	1.156253893761287	0.6681724913637141	-0.005603542461203093	0.08188965634482419	0.9465719571019333	0.3128410755933761	0.02571455076566854	0.048719551057863575	0.5976328610350592	19.06558087641571	0.12108431535476061
genus.Parabacteroides.id.954	7	0.08904468306523942	0.04759221368691402	0.06134609670108346	1.0931294996118346	0.995772903667749	1.200004638126127	0.6681724913637141	0.2610804300356492	0.13483369452321037	0.11059180032139476	0.23885709437382793	0.034654334781049755	0.06519015042436688	0.5950110260569926	4.8564752204452795	0.5623488414837301
genus.Clostridiumsensustricto1.id.1873	7	-0.07053164308114182	0.03830602540068971	0.06558235470741348	0.9318982509272777	0.8644935344220199	1.0045585253126668	0.6681724913637141	-0.14135859942912504	0.0524012945566153	0.04290610451293823	0.19221194439075986	-0.06585448770813163	0.05354953042979799	0.21877707813341352	2.6582851592932184	0.850349454371123
genus.Ruminococcus2.id.11374	15	-0.05251484742006551	0.029750365893098103	0.0775329735300048	0.9488402331217006	0.895094871570307	1.0058126982796902	0.6681724913637141	-0.11404187166455473	0.07142952152517588	0.1343751205087969	0.36033180463125036	-0.06886575989883868	0.06259666297999575	0.27126648545311116	14.429360674260074	0.41823756308018006
family.unknownfamily.id.1000005471	14	-0.04788697073148409	0.02748480355436129	0.081454706729311	0.9532415251809208	0.9032488467820391	1.0060011795935533	0.6681724913637141	-0.04051025155825955	0.0822030659546297	0.6310427186101715	0.9262046714367318	-0.04759831267174671	0.03771490783036047	0.2069287608553917	10.730313988674004	0.6333985537924676
genus.unknowngenus.id.1000005472	14	-0.04788697073148409	0.02748480355436129	0.081454706729311	0.9532415251809208	0.9032488467820391	1.0060011795935533	0.6681724913637141	-0.04051025155825955	0.0822030659546297	0.6310427186101715	0.9262046714367318	-0.04759831267174671	0.03771490783036047	0.2069287608553917	10.730313988674004	0.6333985537924676
order.MollicutesRF9.id.11579	14	-0.04788697073148409	0.02748480355436129	0.081454706729311	0.9532415251809208	0.9032488467820391	1.0060011795935533	0.6681724913637141	-0.04051025155825955	0.0822030659546297	0.6310427186101715	0.9262046714367318	-0.04759831267174671	0.03771490783036047	0.2069287608553917	10.730313988674004	0.6333985537924676
class.Erysipelotrichia.id.2147	13	0.07622753031963828	0.04621112185243747	0.09903512264838972	1.0792080987877493	0.9857561488450247	1.181519508504912	0.6681724913637141	0.35249068710801823	0.1952914582329563	0.09849917521000878	0.1743311241017149	0.07602802812894677	0.054673787723708	0.164354198716269	17.542377683536813	0.13030841709559393
family.Erysipelotrichaceae.id.2149	13	0.07622753031963828	0.04621112185243747	0.09903512264838972	1.0792080987877493	0.9857561488450247	1.181519508504912	0.6681724913637141	0.35249068710801823	0.1952914582329563	0.09849917521000878	0.1743311241017149	0.07602802812894677	0.054673787723708	0.164354198716269	17.542377683536813	0.13030841709559393
order.Erysipelotrichales.id.2148	13	0.07622753031963828	0.04621112185243747	0.09903512264838972	1.0792080987877493	0.9857561488450247	1.181519508504912	0.6681724913637141	0.35249068710801823	0.1952914582329563	0.09849917521000878	0.1743311241017149	0.07602802812894677	0.054673787723708	0.164354198716269	17.542377683536813	0.13030841709559393
genus..Clostridiuminnocuumgroup.id.14397	9	0.037915567923803184	0.02299557539791517	0.09918448696064636	1.038643534346232	0.9928697816342131	1.0865275702757464	0.6681724913637141	0.05505719019921085	0.07687599479689324	0.49706973607845883	0.8266777682217857	0.038785042957774254	0.02940012816236055	0.18709778056552684	2.9765635617962376	0.9358196792254562
genus.RuminococcaceaeUCG009.id.11366	12	0.049270432038998696	0.029950191327585925	0.09995351209171571	1.0505044023774772	0.9906123982933872	1.1140174515437695	0.6681724913637141	0.15743738311431832	0.13354016234157634	0.2657074295857296	0.42493653641538737	0.014477732028926202	0.034286983485805826	0.6728414159269345	15.83697205588749	0.1472919635696421
genus.LachnospiraceaeND3007group.id.11317	3	0.12125193562687755	0.07452224685174702	0.10372501456098195	1.1289092890129508	0.9754936111947933	1.3064526186478922	0.6681724913637141	-0.1133501762847473	0.5003221432012158	0.858165293149025	0.7204271373060132	0.10390355240805611	0.08433195565684097	0.21791992582517927	0.19727921500581191	0.9060691897270623
genus.ErysipelotrichaceaeUCG003.id.11384	17	-0.05982866725279224	0.036893228855128704	0.10487388151199879	0.9419259025125066	0.8762188453313199	1.012560287365788	0.6681724913637141	-0.22613194129306466	0.09267560745613743	0.027575550322251133	0.07275380539013636	-0.07105154469268643	0.04491854222840651	0.11369831284760844	28.962516260832647	0.02419009691751406
genus.RuminococcaceaeUCG004.id.11362	11	0.06242445342774834	0.038841891241524165	0.10802311642881116	1.0644140430479172	0.98638784143862	1.1486123484502777	0.6681724913637141	-0.14523554127592453	0.22221469040282843	0.5297234536035494	0.3672789255057255	0.02849809578644943	0.04046370803431385	0.48125356430795985	16.63579958214402	0.08282137665942485
phylum.Firmicutes.id.1672	17	0.06800524733998951	0.04319800079166593	0.11542541334923134	1.070370925064197	0.9834752229389216	1.1649443631117666	0.6681724913637141	0.03104689566139618	0.12764821429602913	0.8111279472339813	0.761656495122289	0.04770880819728469	0.05325072127977704	0.3702912589227916	28.137066702472783	0.0304479641867633
phylum.Bacteroidetes.id.905	13	0.059306676609306656	0.03833304595889359	0.12182893759955872	1.061100605582569	0.984298481105052	1.1438953902515734	0.6681724913637141	0.008959177662996476	0.08493406921122368	0.9178908069159374	0.5176382136015152	0.037870568887286966	0.056723725389146266	0.5043685861133298	17.099170439031337	0.14590477808314747
family.unknownfamily.id.1000001214	9	0.044313012210464506	0.028940428690672357	0.12572485589978183	1.0453094983225175	0.9876664612847906	1.1063167477225944	0.6681724913637141	0.08542497302151913	0.08895969782066275	0.36890798202619934	0.6379181608580039	0.02154472017088954	0.035617947368829145	0.5452561926041009	10.846775559186042	0.21053317524506499
genus.unknowngenus.id.1000001215	9	0.044313012210464506	0.028940428690672357	0.12572485589978183	1.0453094983225175	0.9876664612847906	1.1063167477225944	0.6681724913637141	0.08542497302151913	0.08895969782066275	0.36890798202619934	0.6379181608580039	0.02154472017088954	0.035617947368829145	0.5452561926041009	10.846775559186042	0.21053317524506499
order.Gastranaerophilales.id.1591	9	0.044313012210464506	0.028940428690672357	0.12572485589978183	1.0453094983225175	0.9876664612847906	1.1063167477225944	0.6681724913637141	0.08542497302151913	0.08895969782066275	0.36890798202619934	0.6379181608580039	0.02154472017088954	0.035617947368829145	0.5452561926041009	10.846775559186042	0.21053317524506499
family.unknownfamily.id.1000006161	13	0.029009470755149494	0.019045377082352037	0.12771455442334903	1.0294343439495772	0.9917150426796345	1.0685882767689705	0.6681724913637141	0.03255575626005636	0.0564656506737283	0.575845578694382	0.9492896460484643	0.04042171445162225	0.025363513615386128	0.11100427967706133	6.604933276917447	0.8825799216803967
genus.unknowngenus.id.1000006162	13	0.029009470755149494	0.019045377082352037	0.12771455442334903	1.0294343439495772	0.9917150426796345	1.0685882767689705	0.6681724913637141	0.03255575626005636	0.0564656506737283	0.575845578694382	0.9492896460484643	0.04042171445162225	0.025363513615386128	0.11100427967706133	6.604933276917447	0.8825799216803967
order.NB1n.id.3953	13	0.029009470755149494	0.019045377082352037	0.12771455442334903	1.0294343439495772	0.9917150426796345	1.0685882767689705	0.6681724913637141	0.03255575626005636	0.0564656506737283	0.575845578694382	0.9492896460484643	0.04042171445162225	0.025363513615386128	0.11100427967706133	6.604933276917447	0.8825799216803967
genus.Veillonella.id.2198	8	0.054701570228534474	0.036227518553325455	0.1310573903713626	1.05622535854456	0.9838278306050996	1.1339504467427306	0.6681724913637141	-0.11693736658716425	0.1995466953499198	0.5792264637122333	0.41668239142776775	0.09509430193943211	0.04850001611461945	0.04991325813869768	5.585419197971275	0.5889016934706337
family.Porphyromonadaceae.id.943	10	0.08313651718324976	0.05533685250050686	0.13300115941836965	1.0866901503007929	0.9749942419268853	1.2111820070105757	0.6681724913637141	-0.01697456004497111	0.2255467754268105	0.9418561152360403	0.6582628045101026	0.12015323987953043	0.057574562591094364	0.03689578482718395	14.215288882180364	0.11487043584902042
genus.Enterorhabdus.id.820	6	-0.046625890871122934	0.03129144704784356	0.13621049976724883	0.9544443971697933	0.8976660811671419	1.0148140008859177	0.6683817546718489	-0.0675387801441436	0.08950992689305529	0.49251371822006734	0.8124015469368433	-0.024577738670614177	0.0456857729770253	0.5905952911696166	5.390212508035252	0.370134692698018
genus.RuminococcaceaeUCG005.id.11363	14	-0.04625743736338538	0.03134562908808355	0.1400185125147048	0.9547961303505539	0.8979015309920491	1.0152957969958785	0.6714524122864253	-0.06839408881114678	0.07991129644190678	0.40883185387100957	0.7739199918598695	-0.04906402701238559	0.04371588508784696	0.261718482993317	8.725532865843691	0.7933424125012921
genus.Dialister.id.2183	11	0.07213197305138958	0.04928046833659333	0.1432750949074326	1.0747971789677484	0.9758389222298696	1.183790633475996	0.6718010005659617	0.2768727450605506	0.21718005908742044	0.23428805422889856	0.3582703727519853	0.09783770122494476	0.05208391652511772	0.0603178773541635	19.943420442481006	0.029792400235697996
genus.Bifidobacterium.id.436	15	0.06213627583890284	0.043448158081874334	0.15268128641035436	1.0641073469690492	0.9772408728281289	1.1586953404809692	0.6924099627596749	0.14632210784812733	0.12166028701504789	0.2505364924325798	0.47091468952589893	0.035729449762090595	0.04335946653632366	0.40992318630859537	33.825248131783894	0.002187189175656173
genus.Lachnospira.id.2004	6	0.07517259931204713	0.05276247239894741	0.15423349881376647	1.0780702090038305	0.9721532264257826	1.1955269436430676	0.6924099627596749	0.20197843022327655	0.16559447438183003	0.2895697690621168	0.48066452168988216	0.07126743912374506	0.05887733715901003	0.22611039314915127	1.2771558179250282	0.9372646801876601
order.Lactobacillales.id.1800	15	-0.05277971256096035	0.037681711050677656	0.16131221925425343	0.9485889516989818	0.881054435875107	1.0213001179565329	0.7091016304718224	0.1724623835738186	0.0824426837944153	0.056638101925326895	0.01153630416581161	-0.05382092496438798	0.05503054752625952	0.32806489194895827	18.42491121878939	0.1881076635488795
family.Acidaminococcaceae.id.2166	7	-0.06888722654227016	0.05091174751875546	0.17603283991842078	0.9334319404902847	0.8447840455544725	1.0313821527673208	0.7580189637303425	-0.28868785230001154	0.12387675968453532	0.06717413456430889	0.11742267583382583	-0.06763746779286028	0.054012158309289446	0.21047377398768186	9.273824617488582	0.15875388634055623
class.Melainabacteria.id.1589	11	0.036205625928420734	0.02703883959364334	0.1805632117217315	1.0368690317292664	0.9833496751330288	1.0933012092710008	0.7619767534657069	0.07672250744130701	0.08269092046699679	0.37771089671657	0.6149833668378439	0.019471072370420995	0.03513913587418776	0.5795011170095057	12.705522692618878	0.24060554716798846
genus..Eubacteriumnodatumgroup.id.11297	11	-0.02822335120932315	0.021632795256239665	0.19201008778880746	0.972171206935952	0.9318125325034528	1.0142778967096622	0.7845346669590049	-0.035609355350159966	0.10205411157140815	0.7351688230350077	0.9424360109660047	-0.03080951503512966	0.02679967514636583	0.2502993024334029	14.314565049139256	0.15912076257191626
genus.Faecalibacterium.id.2057	10	-0.06696601755863014	0.05148273468204913	0.19334503640695855	0.9352269820928661	0.8454618968014639	1.0345226808487624	0.7845346669590049	-0.033732413504862974	0.1049940861119589	0.7562319116509447	0.7213838291676604	-0.06050996099842902	0.06421896723013326	0.3460675368041225	18.651928357070386	0.028320616899856887
genus.Victivallis.id.2256	11	0.029883228062214235	0.023455273645319245	0.20264514264146183	1.0303342128059905	0.9840396300669341	1.0788067448120267	0.790886576961241	0.07080639185217974	0.1639219278596175	0.6759401806125802	0.8063128173394296	0.01568957233325404	0.025738549003338048	0.5421434711517006	17.710343103579138	0.06005078622846872
family.Clostridiaceae1.id.1869	10	-0.055853541544154214	0.04390842402851831	0.20335672406995187	0.9456776282336203	0.8676958294469741	1.030667828738501	0.790886576961241	-0.16481296293666986	0.13529993163240092	0.2578779464135688	0.41848152937289906	-0.03196392163577424	0.050649294629553046	0.5279860903527684	12.468933740528158	0.18814481315087328
class.Gammaproteobacteria.id.3303	7	-0.08262640423359192	0.06535821950216042	0.20615526887615288	0.9206950507487861	0.8099939386775181	1.0465255800028836	0.790886576961241	0.025242597016541524	0.25407142832637675	0.9247189156201543	0.6771016613189762	-0.012901317732201111	0.06393514249281819	0.8400827909182342	12.286067785457668	0.055882923472199454
genus..Ruminococcusgauvreauiigroup.id.11342	12	-0.05723869018160426	0.04600413746664771	0.2134232256353129	0.9443686309426035	0.8629428611794269	1.0334775930465383	0.8041482251616253	0.33417890063458144	0.18423071335641153	0.09976300561093582	0.05462700145003604	-0.011491465094858428	0.049286136471469545	0.8156385908164182	21.312169909893594	0.030277409333166708
genus.Marvinbryantia.id.2005	10	-0.050873248733059644	0.042401789072910694	0.23022085186604035	0.9503991271917192	0.8746068959747445	1.0327594089686487	0.8286374233376539	0.023246424881448235	0.1742089849030142	0.8971411592875846	0.6715672683425117	-0.08097400186438541	0.047290758738653946	0.08684904777049614	13.116392033929312	0.15740998764905825
genus.Ruminiclostridium5.id.11355	12	0.04734024194639483	0.039917853924948496	0.23564537914074668	1.0484786848266685	0.9695737357539227	1.1338050031657048	0.8286374233376539	-0.04936131532432042	0.16508235343727634	0.7710539318845815	0.5587576179557758	0.07561628934316933	0.05059220061499124	0.1350127430058453	12.674447657688091	0.315134713858334
family.Alcaligenaceae.id.2875	14	-0.04047524711615277	0.035371707290797215	0.2525062468057159	0.9603329352268153	0.8960099211055039	1.0292735881132706	0.8286374233376539	-0.08746693101582759	0.1254841300935546	0.49906187926263823	0.7077648569385236	-0.04558677317137352	0.04666177585263652	0.3285880575747203	7.411586593291358	0.8797144780519719
family.Lachnospiraceae.id.1987	17	0.04831246027136335	0.04251356067599549	0.25578870460577785	1.0494985306934854	0.9655917833054315	1.1406964982213195	0.8286374233376539	-0.09869727329234301	0.10009602479064567	0.33975924415129216	0.12901357095963892	0.01838996713152625	0.05114985902971464	0.7191977865419054	30.140734788613337	0.017286004215605326
genus.Fusicatenibacter.id.11305	18	-0.04493234713123194	0.039605257610445165	0.25658294329929	0.9560621599930879	0.8846540166522345	1.0332342775423942	0.8286374233376539	-0.11394471891855262	0.1521652728324425	0.4648313384734363	0.6443152039585827	-0.07616392189459509	0.046215031311882794	0.09934578771375085	27.000257660339674	0.05806403151134067
genus.LachnospiraceaeUCG008.id.11328	11	-0.06160692818579216	0.05441409479423165	0.2575558441283047	0.9402524008805719	0.8451352933376763	1.0460746158999243	0.8286374233376539	-0.18659512724820115	0.31031150356689097	0.5624672829438226	0.6915970101178822	-0.030373718764062134	0.03682324960808747	0.4094558103200502	49.926691193514145	2.7532259079255e-07
phylum.Proteobacteria.id.2375	12	-0.04418211572634873	0.039332163783876516	0.26130690712378535	0.9567796969762693	0.8857919664950381	1.03345641321204	0.8286374233376539	0.03695370620846061	0.09153300502176659	0.6949165965520138	0.37247563580213805	-0.02657562063369548	0.05089110072463559	0.6015271484658349	5.808306702184792	0.8858433680088036
genus.Parasutterella.id.2892	15	-0.036281181648521135	0.03239229393821061	0.26268991922578144	0.964369092465333	0.905045484193843	1.0275812240870985	0.8286374233376539	0.05838986185591527	0.10102384646963761	0.5731530343658262	0.34050835837457977	-0.0759546043492572	0.04146136031331009	0.0669607917375833	21.504041588504577	0.08939580069798007
class.Bacilli.id.1673	18	-0.033143167810436844	0.029646691582353592	0.2635934061063746	0.9674000491272988	0.9127888612813085	1.0252785663245298	0.8286374233376539	0.07865858083435268	0.08145353627509802	0.34857158995002885	0.16245692512660617	-0.04722948508708204	0.04583919902482637	0.30285529325769867	16.636449507892742	0.47924777108423433
order.Burkholderiales.id.2874	12	-0.0485630512236847	0.043582942531974485	0.2651644963291183	0.9525972749884237	0.8746026425352672	1.0375472519553692	0.8286374233376539	-0.024344495158722834	0.15814539757951632	0.8807213652674566	0.8761048847783786	-0.03425831386580755	0.05927217563537849	0.5632755514061487	13.570419968910542	0.257681354509612
genus.Roseburia.id.2012	14	-0.07668526667329717	0.06893819901088358	0.26597609147995105	0.9261813078630593	0.8091231595516695	1.0601745913566925	0.8286374233376539	0.20360650258660784	0.2060607842644168	0.3426139683911958	0.1763930014115844	-0.04838871813352279	0.05386349194468061	0.3689945299048951	50.95070519883648	2.0461784368673818e-06
genus.Allisonella.id.2174	8	-0.02149636011816305	0.019450462232254283	0.26907941250146583	0.9787330399352794	0.9421231635411951	1.0167655361114232	0.8286374233376539	0.08950081083760209	0.10207456580784377	0.41430924294814087	0.3136556495710014	-0.029844106354749204	0.025980100273144603	0.250667557375264	4.3780528833311605	0.7353476084852626
phylum.Actinobacteria.id.400	16	0.04553463335848713	0.042009331271795645	0.2784015482177674	1.046587250817727	0.9638653660161025	1.1364085817312255	0.8286374233376539	0.12792989589604342	0.18694499531576442	0.5049452178338677	0.6574979294357102	0.02364541718202636	0.05142014649118139	0.6456258063762654	24.043326828261776	0.06436136585671598
genus.unknowngenus.id.2001	10	-0.03912693655644259	0.03626906308639561	0.2806784770943306	0.961628635571155	0.8956421784259243	1.0324766463942527	0.8286374233376539	-0.03850176590457721	0.11426022389070695	0.7448126336954228	0.9955060475923142	-0.057709829934509294	0.046456224771735194	0.2141476341842551	13.873377780472488	0.12690125428873314
genus.Intestinimonas.id.2062	17	-0.02642910114820747	0.024529377195715737	0.2812806660292324	0.9739170909913165	0.9282012732343952	1.021884506600395	0.8286374233376539	-0.00839930675555417	0.05775076139309329	0.8862993762319944	0.7379953070980579	-0.02243752936196308	0.03586948921490467	0.5316216595937615	13.464667315840442	0.6385276080055777
phylum.Lentisphaerae.id.2238	9	0.030280606938395432	0.028229439290153917	0.28342342978784585	1.030743727218366	0.9752620312702814	1.089381722177975	0.8286374233376539	-0.08916013607352158	0.10460946026008716	0.42223951054547504	0.27522032317128253	0.02302203670885629	0.030185526575737073	0.4456515081765652	12.95221628831209	0.11350430750472244
genus.Eggerthella.id.819	11	0.03904166427736586	0.03664431806574859	0.2866849853253495	1.039813805838473	0.9677502810277486	1.1172435410342059	0.8286374233376539	-0.08401830746070038	0.1631701571415153	0.619020946524408	0.45832457762452466	0.009466043169410833	0.03328078200109613	0.7760810935804516	27.728944597013296	0.001994644025685107
genus.LachnospiraceaeUCG004.id.11324	14	0.05202690339063386	0.05109566579246279	0.3085708637451797	1.0534040822736659	0.9530188445846842	1.164363293397837	0.8759028804263334	0.16988380985015217	0.20785159575997644	0.429667967218814	0.5687479027231449	0.03133856687549563	0.048639434498280315	0.5193785266497233	31.6929125076504	0.0026671367786756076
class.Lentisphaeria.id.2250	8	0.03260736643362808	0.03248500558130098	0.31549108489289734	1.033144812263285	0.9694142610114433	1.1010650926394185	0.8759028804263334	-0.0892370284242947	0.11154540548637312	0.45420697595817766	0.29787065140728075	0.02576996338807268	0.03440329532324139	0.45382400342938356	12.916299742163218	0.07417418342229266
order.Victivallales.id.2254	8	0.03260736643362808	0.03248500558130098	0.31549108489289734	1.033144812263285	0.9694142610114433	1.1010650926394185	0.8759028804263334	-0.0892370284242947	0.11154540548637312	0.45420697595817766	0.29787065140728075	0.02576996338807268	0.03440329532324139	0.45382400342938356	12.916299742163218	0.07417418342229266
genus.RuminococcaceaeUCG014.id.11371	11	0.034587504541700474	0.03528037686778306	0.3269079677776885	1.0351926084677476	0.9660284111061415	1.1093087162925228	0.88912609420296	0.07816118416440465	0.08752220078193063	0.39508501766032494	0.608201519522331	0.07006278307197755	0.04673110952650641	0.13380231164424333	6.927857716291296	0.7322376275097108
genus.RuminococcaceaeUCG003.id.11361	12	0.050722775123732536	0.05237682255358591	0.33283453465015156	1.0520312036330017	0.9493898184835666	1.1657694572555182	0.88912609420296	-0.10297111925219848	0.15662488703677163	0.5257420148540967	0.3225040664560681	0.06721845748199134	0.049207914767997574	0.17193611918196916	29.919575257340416	0.001631327942548166
genus.LachnospiraceaeUCG001.id.11321	13	0.027029367321483623	0.028278807224851175	0.3391646509087948	1.0273979742470607	0.9720023130541162	1.0859507053747068	0.88912609420296	0.1182815766897265	0.11497257454460062	0.32567354371649115	0.43390185283719956	0.02396093263976625	0.0379398483929533	0.5276805989296136	8.686324166333424	0.7294632484187205
genus.FamilyXIIIAD3011group.id.11293	13	-0.051825541741999784	0.054312654535425456	0.33997862422306235	0.9494944995508451	0.8536121505388705	1.0561468743248128	0.88912609420296	-0.09122646358306064	0.27645166995903747	0.7476060379220253	0.8868583102843769	-0.003907189255170109	0.05003320661664034	0.9377549330946173	33.414582236381506	0.0008337689136577284
genus.LachnospiraceaeNC2004group.id.11316	9	-0.05603961017700984	0.060109893558663134	0.3511887585394998	0.9455016836596035	0.8404187482383189	1.063723811108554	0.88912609420296	0.2609040389052719	0.233773855663976	0.3012401174895352	0.20490688629141038	-0.0328379931224319	0.03851445678488386	0.39387299203601056	41.20375308195289	1.9094601867853853e-06
class.Alphaproteobacteria.id.2379	8	-0.032514436537033904	0.03564303779276883	0.36165078243388604	0.9680084750402335	0.9026911680870371	1.0380520391436567	0.88912609420296	-0.11889164694289778	0.14770613800381108	0.45157437928159144	0.5699004455376272	-0.014912278572433994	0.04878972779400815	0.7598758557349796	5.775284917755746	0.566219632359009
order.Rhodospirillales.id.2667	14	-0.027675971485830887	0.030485129395133703	0.36395666682924266	0.9727034994121554	0.9162859183279574	1.0325948253086716	0.88912609420296	0.04375572753021617	0.15981077713252348	0.7888963530781771	0.6566042814248206	0.0019025030494746152	0.039390117389786844	0.96147795617004	19.68919356563102	0.10323573676756595
genus.Lachnoclostridium.id.11308	13	-0.033268034642653405	0.03668690490150984	0.36450753442137607	0.9672792604890824	0.9001675482612458	1.0393944655964966	0.88912609420296	-0.06163915588707669	0.14227309402128044	0.6732097604145757	0.8397666811458578	-0.05727017955857888	0.049044436414709854	0.2429196422151595	12.136996926922313	0.43474094684865394
genus.Ruminiclostridium6.id.11356	17	0.028038877218158918	0.031143117116189452	0.3679481695882787	1.0284356663619902	0.9675369802485178	1.0931674359090229	0.88912609420296	-0.14390136867248934	0.07001119025795484	0.05768248323858122	0.0180513957184021	-0.0013739909264944116	0.03788304340382212	0.9710676402357544	21.45813894789356	0.16156483111100553
genus.Anaerostipes.id.1991	13	-0.03344259736631538	0.037210471970722955	0.3687903382927773	0.9671104243235088	0.8990873169914797	1.0402800208158878	0.88912609420296	-0.2057258708434987	0.11573419391539254	0.1030964854344593	0.14892076281277566	-0.009874745343803455	0.05253598077191166	0.8509067781284297	10.39261036652474	0.5815588487074383
genus.unknowngenus.id.826	15	0.039662614896183286	0.04434620351256942	0.37111550511353664	1.0404596793716954	0.9538432359036901	1.1349415749356504	0.88912609420296	0.18981607272171974	0.11783228805432545	0.1312040076916326	0.19424836300499487	0.04306694430083604	0.04931783159342968	0.38252519329300994	33.7801512476412	0.0022205435695146145
genus.Ruminiclostridium9.id.11357	9	0.0655688818608822	0.0736264523218147	0.37316447556670773	1.0677662845090994	0.9242811629778503	1.2335259918757957	0.88912609420296	-0.2141690530695326	0.31091224584730154	0.5130999177953269	0.38498291692637227	-0.056157765153240446	0.062077939411970824	0.3656597392451917	24.677394085452708	0.0017627165720985633
genus.Phascolarctobacterium.id.2168	9	-0.0384032274216791	0.04372823372479295	0.37982163547974346	0.9623248268885899	0.8832821749286212	1.0484408026472298	0.88912609420296	-0.21416533752361622	0.21505111517724798	0.35247956525268953	0.43105280806616914	-0.008660620800205285	0.04906366578965407	0.8598869984669244	12.314978553599273	0.1376938981764377
genus.Escherichia.Shigella.id.3504	10	-0.038365910910858884	0.04394787506727498	0.38267032108487464	0.9623607381634426	0.8829349538481389	1.0489313921960528	0.88912609420296	-0.056008677535005436	0.1398972415612669	0.6993727823505408	0.8969136485025047	-0.019480696868815782	0.051114747533478	0.7031164678632329	13.574417117018942	0.13828975259586254
family.Ruminococcaceae.id.2050	10	0.033049076594875375	0.038473573698346926	0.3903365468820953	1.0336012636270828	0.9585254855526989	1.1145572947969016	0.88912609420296	0.06698119673601281	0.04757779240268151	0.19683308969398633	0.44132715611465767	0.030847035228409966	0.060839281821141004	0.6121372962272936	2.9769446287041315	0.9652020144025895
family.Bifidobacteriaceae.id.433	15	0.04243853993858185	0.049680627736425266	0.3929791550159255	1.0433519299293965	0.9465462072777348	1.1500582235896966	0.88912609420296	0.3440853609519966	0.17149569825298236	0.06608085958164615	0.09092855450177541	0.030374442416227797	0.05698218365089706	0.5939978829522381	36.47921972588086	0.0008841484715307309
order.Bifidobacteriales.id.432	15	0.04243853993858185	0.049680627736425266	0.3929791550159255	1.0433519299293965	0.9465462072777348	1.1500582235896966	0.88912609420296	0.3440853609519966	0.17149569825298236	0.06608085958164615	0.09092855450177541	0.030374442416227797	0.05698218365089706	0.5939978829522381	36.47921972588086	0.0008841484715307309
family.ClostridialesvadinBB60group.id.11286	15	0.025997386208729205	0.03140605579132808	0.4077936360898803	1.0263382658359361	0.9650662924702846	1.091500391359437	0.88912609420296	0.003715232509875821	0.09380702520773354	0.9690097695014268	0.8040535049393058	0.030699725321756008	0.03816155260592957	0.421127084621417	22.242994784585647	0.07375743696821534
genus.unknowngenus.id.1000000073	15	0.025997386208729205	0.03140605579132808	0.4077936360898803	1.0263382658359361	0.9650662924702846	1.091500391359437	0.88912609420296	0.003715232509875821	0.09380702520773354	0.9690097695014268	0.8040535049393058	0.030699725321756008	0.03816155260592957	0.421127084621417	22.242994784585647	0.07375743696821534
class.Negativicutes.id.2164	12	0.043371089104989866	0.05250076964983369	0.4087451712686593	1.044325360717412	0.9422068717793969	1.1575116799752059	0.88912609420296	-0.12468940324263622	0.18347626152730628	0.512185069309143	0.36147473162431504	0.03494129086298155	0.05930813236114356	0.5557617328166007	20.928766774670375	0.03411660787759559
order.Selenomonadales.id.2165	12	0.043371089104989866	0.05250076964983369	0.4087451712686593	1.044325360717412	0.9422068717793969	1.1575116799752059	0.88912609420296	-0.12468940324263622	0.18347626152730628	0.512185069309143	0.36147473162431504	0.03494129086298155	0.05930813236114356	0.5557617328166007	20.928766774670375	0.03411660787759559
genus.Prevotella9.id.11183	15	0.022124693708083263	0.027036594454549968	0.41317221414609206	1.0223712597860086	0.9696044914344298	1.0780096442108071	0.8895850733145452	0.09711752290689926	0.07978107683143014	0.24512638460787306	0.3428853598465311	0.03572189484612376	0.0397794756314303	0.36918654485079605	10.729516302323782	0.7071418414499637
class.Betaproteobacteria.id.2867	13	-0.03401307000553451	0.04204830500553477	0.41856998632886866	0.9665588716251485	0.890094405917872	1.049592095069836	0.8921037082362757	-0.04800035120747165	0.160249477240128	0.7701156571017508	0.9293175552760521	-0.024341556051166363	0.0537794341210266	0.6508236189603849	14.728932961364922	0.2565961207952654
genus.Lactococcus.id.1851	9	0.015772217274492344	0.019939963673366055	0.42895259523355045	1.0158972552035683	0.9769594704002087	1.0563869478714083	0.9050899759427915	-0.03065741632111585	0.05801282894531219	0.6135150540180321	0.436883146785256	0.030525245878165186	0.025963989124049496	0.23972426487490972	3.7440536143674508	0.8794460846031936
genus..Eubacteriumoxidoreducensgroup.id.11339	5	0.025318210075668573	0.03302267120803792	0.44326480094624	1.0256414380425225	0.9613601008341783	1.0942209464665305	0.919171421014196	0.058255910908508124	0.10265882346669965	0.6100838198742329	0.7582234651011412	0.026224514886963344	0.04146891645455466	0.5271322745100189	2.8375865439494024	0.5853621847371682
genus.Collinsella.id.815	10	0.04095555322785886	0.05354457485809968	0.44433879120117536	1.0418057996114218	0.9380126785457028	1.157083852839535	0.919171421014196	-0.06410870521337886	0.21161708132978255	0.769658436730477	0.6206437507377818	0.01734577817183107	0.05366725777365183	0.7465364368836456	17.083393954290422	0.04742593905789934
class.Deltaproteobacteria.id.3087	13	-0.03319807987799173	0.04446232283174421	0.45527096745916973	0.9673469286489395	0.8866151823064912	1.055429795294275	0.919268607280968	-0.12128713204775886	0.1224980149289338	0.3433976194586085	0.4553752475160189	-0.07653158701062242	0.047561715009656357	0.10759433298259559	22.791023708796565	0.02955339211922361
genus.RuminococcaceaeUCG013.id.11370	12	0.03386188342430961	0.04576658996521662	0.4593715004322263	1.0344417233124859	0.945689835721292	1.131522871992747	0.919268607280968	-0.06956188726148232	0.13287020914019745	0.6120077870741181	0.4255095960034341	0.01735391044028916	0.05224444582874749	0.739762732753279	18.582964157061166	0.06900268588635664
family.Bacteroidaceae.id.917	9	0.03654008634298088	0.050047009201599116	0.46531971958816853	1.037215881375968	0.9403040000512455	1.1441159290185892	0.919268607280968	0.6684262721597807	0.15784432961064626	0.00386548465004856	0.004729750928466123	0.02332578427238924	0.06379334291253412	0.7146292032067466	9.583778210291316	0.2954621350350019
genus.Bacteroides.id.918	9	0.03654008634298088	0.050047009201599116	0.46531971958816853	1.037215881375968	0.9403040000512455	1.1441159290185892	0.919268607280968	0.6684262721597807	0.15784432961064626	0.00386548465004856	0.004729750928466123	0.02332578427238924	0.06379334291253412	0.7146292032067466	9.583778210291316	0.2954621350350019
genus.Eisenbergiella.id.11304	11	-0.02060587851212435	0.028276585828602915	0.4661693885263677	0.9796049718666203	0.9267902683616808	1.035429410153568	0.919268607280968	-0.13608071150768353	0.21774622062751847	0.54751873459632	0.60548100941495	-0.05943526521784432	0.034729286647200264	0.08700961291412236	16.28914739260098	0.09164900247538296
genus.Sutterella.id.2896	12	0.024470527394612078	0.03392294201576889	0.47069033593983134	1.0247723879499155	0.9588521001775125	1.0952246409119362	0.919589452623189	0.034871331698121955	0.15266781220098177	0.8239281605455133	0.9460123828046784	-0.008197893239098586	0.044140929039003136	0.8526636345882397	7.561293670372092	0.7519796353660774
genus.Flavonifractor.id.2059	5	-0.047102724133620454	0.06700683703775819	0.48208441680908254	0.9539893948227663	0.8365774917859391	1.087879813131741	0.9278624315599997	0.1553324914770341	0.3082968574356481	0.6490451701208523	0.547850944227797	-0.0696569976327435	0.06655184348850528	0.2952574921088664	8.280695205523681	0.08182054556906816
order.Desulfovibrionales.id.3156	12	-0.03387242099954114	0.048366206798913514	0.4837197510502368	0.9666948267304277	0.8792639109903853	1.0628195657146564	0.9278624315599997	-0.0948858322921444	0.12969627232163594	0.481205222808111	0.6211277142832465	-0.07469978402767055	0.06430944039727056	0.24541101222836048	23.88680063361095	0.013218979126697181
genus.Paraprevotella.id.962	13	-0.026384878515068266	0.03817611035557832	0.4894801723706981	0.9739601611218697	0.9037431773433123	1.0496327045489677	0.9283938441518149	0.006159562648548167	0.14453042504801414	0.9667699953964307	0.8191184571799304	-0.02442438196313157	0.03487942960865812	0.4837700923460925	34.75035770162525	0.0005131451907767423
genus.ChristensenellaceaeR.7group.id.11283	10	-0.03706809288596349	0.054045567928702604	0.4927967324407738	0.9636105180939228	0.866756317235733	1.0712875258210557	0.9283938441518149	0.1705607784012389	0.14939986777048758	0.2866217464930312	0.17770618941232771	0.018897169768433815	0.05675931981223336	0.73918327412171	15.848030995167907	0.07012372109522795
genus.unknowngenus.id.1868	12	-0.036833930142827216	0.05512527348451557	0.5040149385809045	0.9638361861966546	0.8651265638425709	1.0738084260133305	0.9411252392970871	0.25009359156200883	0.17768242241489451	0.1895858913502676	0.12272833874799287	0.007206559797316974	0.042251527717852295	0.8645671610694059	42.90381030699584	1.1287673677489403e-05
genus.Coprococcus1.id.11301	11	-0.03332800194743019	0.05129402909119947	0.515857416986486	0.9672212570980352	0.8747087554323204	1.0695182303507744	0.9495056541724328	0.20486976473625804	0.10726481696591923	0.08846956890064966	0.03895407788050001	-0.025266161488178448	0.05708331172525145	0.6580412997491512	20.265419983388348	0.02683988392173789
genus.Holdemania.id.2157	15	0.022917140185416282	0.03571249455711628	0.5210601257447369	1.0231817553841294	0.9540116945731804	1.0973669510616704	0.9495056541724328	-0.07900437749280595	0.1055587478859051	0.4675204140600141	0.3236952088646542	0.049209038790161336	0.039097125119516664	0.2081619336514695	31.70959534351098	0.004404581034735137
genus..Eubacteriumrectalegroup.id.14374	9	-0.028047524792196587	0.04395919983409024	0.5234506492092866	0.9723421553442839	0.8920727811911878	1.059834227648002	0.9495056541724328	-0.03717023825197979	0.1396806551071435	0.7978232584098305	0.947690450663351	-0.0016063394928812402	0.05823932955518989	0.977995780452852	5.474255199870297	0.7058906036675892
genus.Howardella.id.2000	10	0.01210667996327386	0.019567811622651303	0.5361114875194697	1.0121802624598917	0.9740952078178403	1.0517543618846776	0.9495056541724328	0.022891662654598355	0.08309222078045451	0.789916515390121	0.8970318897641053	-0.0003364131129308806	0.026842741344113494	0.9900005815782839	8.081591750760655	0.5259451379569436
genus.RuminococcaceaeUCG011.id.11368	8	0.014078127535793067	0.023222857744697862	0.5443696253074928	1.0141776910472051	0.9690503829604624	1.0614065141541829	0.9495056541724328	-0.07689197430893963	0.11968926960168276	0.5443447492871077	0.46739422363800504	-0.0063972579368378555	0.029781508346652812	0.8299182801129819	8.241339075510115	0.3117948283084023
genus..Eubacteriumcoprostanoligenesgroup.id.11375	13	0.02305166497717799	0.0389963553021662	0.5544376246189351	1.023319407955341	0.9480185670576412	1.1046013728910427	0.9495056541724328	-0.09177814246460408	0.16117392780801051	0.5805027087233423	0.47760834919016487	0.03592276663111309	0.05194350878417591	0.489205057631273	13.742233703185873	0.31747080251003346
genus.Coprococcus2.id.11302	9	-0.027121192916533917	0.04666383844288327	0.5611032124460844	0.9732432841845767	0.8881787010946287	1.06645485761256	0.9495056541724328	0.14195798723900233	0.2782486508336779	0.6256118306508579	0.5566789698102751	-0.02430435394589537	0.052179384344392524	0.6413696854658785	13.131621911619007	0.1074004448823804
family.Prevotellaceae.id.960	16	0.02216733495787486	0.03828659060357753	0.5625997650851534	1.022414855903767	0.9484991529727398	1.102090744410779	0.9495056541724328	-0.0461037597298497	0.12033807669791213	0.7073862083122893	0.5581384308234326	0.06067343723539839	0.052664839491462764	0.2492934362984327	27.730567965378867	0.02331774057884074
genus.Actinomyces.id.423	9	-0.01619246369810526	0.028130589276738626	0.5648736482370228	0.983937929497849	0.9311560328697276	1.039711729215591	0.9495056541724328	-0.06284756014237668	0.07573191035567688	0.4339982027156633	0.5321751053781187	-0.017805675693586494	0.03876292471309954	0.6459842140881681	6.505215178600088	0.5908292319772803
genus.Adlercreutzia.id.812	8	-0.02672540513651544	0.04695133821982451	0.569210254603842	0.9736285582217906	0.8880297555515457	1.0674783851091563	0.9495056541724328	-0.23017058284770525	0.210959065584458	0.3171079471676522	0.3607314315870659	-0.04489342903453562	0.04592133855042123	0.3282643485329758	13.600950456547949	0.05875143671328606
family.Lactobacillaceae.id.1836	10	0.01655860658470052	0.029221065555046936	0.5709406073826024	1.0166964601472561	0.9601030256402577	1.076625804180383	0.9495056541724328	-0.003346087061508407	0.08323777760525886	0.9689194809066106	0.8033015220968378	0.02006215909523345	0.0360421227066071	0.5777796392760011	11.462349591530137	0.24534272459760337
genus.RikenellaceaeRC9gutgroup.id.11191	11	0.009922592588784265	0.018030259718011914	0.5820930603736041	1.0099719847415214	0.9749035690066263	1.0463018521945682	0.9495056541724328	0.14989067737502007	0.084372308096069	0.10937224542773191	0.12722704206698343	0.0207901240708959	0.025066313833990286	0.406875317259615	6.502050172144672	0.771468647262091
genus.Peptococcus.id.2037	13	-0.014942037152974787	0.027437446028622636	0.5860385822448871	0.9851690411505887	0.9335885790056309	1.0395993068759644	0.9495056541724328	0.0032244125727373396	0.11176185654389732	0.9775004167279295	0.8695144994380146	-0.022209922850095917	0.03280031040588119	0.49832640323002153	19.607525981147372	0.07488410250420835
genus.LachnospiraceaeFCS020group.id.11314	11	0.01731203790670857	0.03275887098189116	0.5971740670440555	1.017462759746116	0.9541872488074808	1.0849342922618046	0.9495056541724328	-0.006463937090393085	0.07808919656092592	0.935841189983862	0.7424245317623047	0.013663004133303533	0.051603471534517255	0.7911873509064423	11.324748492182591	0.33278308389089856
genus.Odoribacter.id.952	8	-0.025948224062474583	0.049583051247710994	0.6007456680405353	0.9743855380274735	0.8841478276223905	1.0738330707323511	0.9495056541724328	-0.3771237559888254	0.0992978848233582	0.008989825080260442	0.010037162891707323	-0.037710303187663614	0.06252991343974018	0.5464579920760835	9.092558073458498	0.2460789146746656
genus.Intestinibacter.id.11345	13	-0.02096701484823906	0.04016065437246348	0.6016156640160997	0.979251264788324	0.9051252949394506	1.059447841034739	0.9495056541724328	0.13325040041017078	0.14166634764248096	0.3671103343464628	0.2808986805668428	0.026902972900014952	0.04478880027342715	0.5480645008795875	20.935425529664567	0.05133407746125631
family.FamilyXIII.id.1957	11	-0.0230148156100319	0.04423393708919061	0.6028561005957654	0.9772480051406738	0.8960909788159453	1.0657552482152415	0.9495056541724328	-0.10022555046412548	0.15407742112000977	0.5316296642570765	0.6122802835763126	-0.028484162120353564	0.051550391314523644	0.5805716754295938	14.049441637015013	0.17074834468579694
genus.Subdoligranulum.id.2070	10	-0.0230626347218234	0.04446364902453167	0.6039803149070837	0.9772012751263708	0.8956447877899513	1.066184211784366	0.9495056541724328	0.06703314023204895	0.11096760989011208	0.562526011483842	0.40034857509802974	0.026514583576689333	0.06030476332925713	0.6601714696728731	12.592816691609388	0.18191278246933648
genus.Romboutsia.id.11347	14	-0.01612407629921565	0.031243855837667738	0.605804187312904	0.984005220754427	0.925554710909142	1.046146989539789	0.9495056541724328	0.016540074939867963	0.08601686511512746	0.8507317187964041	0.6892351232087992	-0.01477343536150505	0.045441711730558776	0.745099811694941	14.869343023731656	0.31558030353591743
order.Actinomycetales.id.420	7	-0.01871338232871235	0.036559438960044204	0.6087476946432014	0.9814606258923682	0.9135932004568001	1.0543696687928532	0.9495056541724328	-0.17737716087051533	0.09737373861427133	0.12814312212923665	0.14541579763941778	-0.03273004163550618	0.046589166870990815	0.48235198805493074	7.302339627168457	0.29378967513723925
family.Actinomycetaceae.id.421	7	-0.01861668947836687	0.036553775794833744	0.6105448057296099	0.9815555307060221	0.9136916844005256	1.0544599193673327	0.9495056541724328	-0.17636567573540382	0.097636045419793	0.13068354259730314	0.14815605199709034	-0.032606992180229916	0.04594743538861719	0.47791587763055365	7.305396424484349	0.2935252895918576
genus..Eubacteriumruminantiumgroup.id.11340	18	0.011342564580196009	0.022304714439141667	0.6110833356091752	1.0114071353676677	0.9681437741496326	1.0566038028505973	0.9495056541724328	-0.026516522083831207	0.08497003667334767	0.7590180333274633	0.6498930792450573	0.030309265444130706	0.029062732219063046	0.29699872137932626	19.618478342802145	0.29420696556796944
genus.Streptococcus.id.1853	17	0.018509920385936993	0.03649320974353939	0.6120036443955017	1.0186822908409212	0.9483641076081795	1.0942143437820222	0.9495056541724328	0.1231446622516702	0.13804914333653534	0.38646066370356885	0.44374865074319075	0.0333155917368334	0.04265917829669796	0.434819405082439	23.363587765819517	0.10435525544140817
genus.LachnospiraceaeNK4A136group.id.11319	15	-0.01670317954622468	0.033532157268875706	0.6183964933534887	0.9834355451024447	0.9208793890719356	1.0502411964563938	0.9498520956858136	-0.022124527334593844	0.07272092361369355	0.7657612573903901	0.9336389780074459	-0.0021646764860156955	0.04888547622354242	0.9646807637104695	17.975211888980947	0.20791215149965125
genus..Ruminococcustorquesgroup.id.14377	9	-0.030036505144980304	0.06584506170346326	0.6482681367550003	0.9704101079402229	0.8529171823325452	1.1040881777257898	0.9498520956858136	0.026962993966957893	0.1625845781457236	0.872971210404251	0.7095565100354748	0.011745572304923953	0.06506386396996065	0.8567414157972456	24.31955251850705	0.002025367762738692
genus.Methanobrevibacter.id.123	6	-0.012942449728726838	0.028896463537813284	0.6542322691787124	0.9871409436146867	0.9327859569165068	1.044663285649911	0.9498520956858136	-0.08323146104336213	0.11177737282120342	0.49787078350518804	0.5488086534557116	-0.038136654968330456	0.03197243217216865	0.23294847129761775	7.148286803894838	0.20984357278214122
genus.unknowngenus.id.959	13	0.00876491312222264	0.01963499544550543	0.6553138076637016	1.0088034374450985	0.9707176089615335	1.0483835525449652	0.9498520956858136	0.1002758014846781	0.09197894259561085	0.2989291516263961	0.3346300154935017	0.023116658112852434	0.025589867660588114	0.3663391069196281	7.340713806827911	0.834301168799199
genus..Eubacteriumfissicatenagroup.id.14373	10	-0.009244672562702479	0.020739660097064672	0.6557789200306702	0.9907979280453976	0.9513298735881285	1.0319034033026324	0.9498520956858136	-0.025096975957335066	0.11684506559830486	0.8353063816500738	0.8935485000309971	0.019756504224647885	0.026375438989644572	0.45382748899706427	9.290956531027703	0.4108614801080923
genus.Turicibacter.id.2162	10	-0.013175768263014824	0.030101370619344515	0.6615941753104732	0.9869106522032589	0.9303685745036708	1.046889009500201	0.9498520956858136	0.12987012348317162	0.1256111648286309	0.33141998648402876	0.27545221292637834	0.01639134964820131	0.041688069450998046	0.6941788428588558	8.74069736443952	0.4615463123038036
genus.Barnesiella.id.944	14	-0.014234878689704359	0.03297779787425455	0.6659955428045183	0.9858659581621294	0.9241587982550394	1.0516933770452621	0.9498520956858136	0.1055347309561937	0.10080523692482614	0.31576766798831113	0.23748108170786578	-0.04048037200419764	0.04638813330909822	0.38285661159243534	10.993865664168542	0.6113315372350252
genus.Anaerotruncus.id.2054	12	0.02592914616968944	0.06180239754665543	0.6748148089886754	1.0262682308622293	0.9091878476976428	1.15842560406433	0.9498520956858136	0.09029892668739414	0.188213005450808	0.6417116704491851	0.7234581289556873	-0.04810670274111831	0.06376019719454082	0.450552491306465	32.697394822937554	0.0005889531384173641
genus.Senegalimassilia.id.11160	5	-0.022440779984981594	0.05348893690491516	0.674821098934895	0.9778091413508129	0.8804878973705303	1.0858874037502637	0.9498520956858136	-0.03650876010738552	0.21329934308506635	0.8749898727930845	0.9494037226249836	0.028476593644964257	0.057196389044237794	0.6185728707076161	8.319996436224116	0.08053511456061384
family.BacteroidalesS24.7group.id.11173	8	-0.013643686059415861	0.032706443162214036	0.6765643721466169	0.9864489671693808	0.9251972558307984	1.0517557836417717	0.9498520956858136	-0.06304770447706681	0.13451730670204823	0.6558315088643623	0.7168232622393288	0.002849155055394215	0.04325088872650656	0.9474772936333409	7.997767557590106	0.3327907986449553
genus.unknowngenus.id.1000005479	8	-0.013643686059415861	0.032706443162214036	0.6765643721466169	0.9864489671693808	0.9251972558307984	1.0517557836417717	0.9498520956858136	-0.06304770447706681	0.13451730670204823	0.6558315088643623	0.7168232622393288	0.002849155055394215	0.04325088872650656	0.9474772936333409	7.997767557590106	0.3327907986449553
genus.Bilophila.id.3170	13	-0.013253281451543947	0.031785968352412465	0.6767121740099091	0.9868341565765616	0.9272298633067332	1.0502699396600657	0.9498520956858136	0.006938582838337426	0.12726662924825974	0.9574984478597026	0.8742814722707545	0.004217021303982162	0.0424029948765043	0.9207801714285563	7.113732800812648	0.8500069351991295
genus.Coprococcus3.id.11303	10	0.017243953569961456	0.04136938622947766	0.6768036007410423	1.0173934888271128	0.9381550515844762	1.1033245617124943	0.9498520956858136	0.03982546616905458	0.12381900175864786	0.7559666108213889	0.8555640788110457	0.03708570787607294	0.05579376515821925	0.506247069974586	4.236814391722396	0.8951459780570604
phylum.Euryarchaeota.id.55	11	0.011273944230928874	0.028058360589338905	0.6878287315888343	1.0113377346379657	0.9572215185034788	1.06851339395473	0.9498520956858136	-0.18052293307303258	0.10528446971290245	0.1205574659372769	0.09344714470884241	-0.02960426621388338	0.0283486159649986	0.29634976890393594	22.738867860447353	0.011752599852436601
genus.Lactobacillus.id.1837	10	-0.01013939352406631	0.02554894780540493	0.691469602776396	0.9899118368320022	0.9415617641078573	1.0407447307809927	0.9498520956858136	0.022536687347411766	0.07433879317917101	0.76950038934909	0.653293765888693	-0.005174811514530069	0.034106238225863644	0.8794028549745649	7.805889294041597	0.5538202290738862
genus.LachnospiraceaeUCG010.id.11330	10	-0.017556710408501066	0.04723967119170975	0.7101520914653843	0.9825965106354836	0.8957029357123788	1.077919770292079	0.9498520956858136	-0.04626760584328608	0.1318424871907726	0.7347023711430191	0.8198914486820644	-0.016373081771948548	0.05517519595924892	0.7666595622449828	17.45014877864207	0.042115990112029336
genus.Dorea.id.1997	11	0.01400551632733496	0.038125781764919556	0.7133577591281508	1.0141040530529712	0.9410857510873326	1.0927878030564586	0.9498520956858136	0.11641894457942242	0.08582651281735634	0.20800497808477095	0.22593585604923502	0.011335294361690878	0.053787662083245986	0.833088963719975	8.524260288539319	0.5777670485704587
family.Streptococcaceae.id.1850	16	-0.01674957422551508	0.045870437784169486	0.7149997017573494	0.9833899199841165	0.8988351495092426	1.075898884522231	0.9498520956858136	0.11912814772612079	0.18939372687716033	0.5394791071646867	0.4714294757443508	0.03318927219452502	0.04481549955707233	0.45895071602117044	33.34240206711722	0.0042077198457989885
genus.Ruminococcus1.id.11373	10	0.014695354982237565	0.04037054797837201	0.7158492136808601	1.0148038625789397	0.9376008823795419	1.0983638122135004	0.9498520956858136	0.09451908024965713	0.09985996077640179	0.3715934504374352	0.4150578384999912	0.053227206897247775	0.0525726805658215	0.3113229741185204	7.2250038625155995	0.6137059452886452
genus.Desulfovibrio.id.3173	10	-0.01106788101546361	0.030641098546087365	0.7179422278627698	0.9889931426379511	0.93134599365509	1.0502084540529177	0.9498520956858136	0.006579453791477258	0.07534315512883565	0.9325582767893303	0.8103655732139209	-0.028323448274292215	0.038754636968490165	0.4648767399585464	5.271237137866974	0.8100518573038774
class.Coriobacteriia.id.809	17	0.011968981219896304	0.033773172834590554	0.7230442648814871	1.0120408961051854	0.947217596597632	1.0813004098196324	0.9498520956858136	0.1642342145559446	0.1345717756041416	0.24114466561842965	0.2610307368767743	0.008196135251608042	0.04431386363079124	0.8532631878478498	16.30701606377944	0.431746413055802
family.Coriobacteriaceae.id.811	17	0.011968981219896304	0.033773172834590554	0.7230442648814871	1.0120408961051854	0.947217596597632	1.0813004098196324	0.9498520956858136	0.1642342145559446	0.1345717756041416	0.24114466561842965	0.2610307368767743	0.008196135251608042	0.04431386363079124	0.8532631878478498	16.30701606377944	0.431746413055802
order.Coriobacteriales.id.810	17	0.011968981219896304	0.033773172834590554	0.7230442648814871	1.0120408961051854	0.947217596597632	1.0813004098196324	0.9498520956858136	0.1642342145559446	0.1345717756041416	0.24114466561842965	0.2610307368767743	0.008196135251608042	0.04431386363079124	0.8532631878478498	16.30701606377944	0.431746413055802
genus.CandidatusSoleaferrea.id.11350	11	-0.00999664131290798	0.028381854721337266	0.7246736900186612	0.9900531590223494	0.9364819074922989	1.0466889427847212	0.9498520956858136	0.043294792201635346	0.325554335156722	0.8971289223418473	0.8730584851660435	-0.03181189556651726	0.036888581790119786	0.3884796296263451	13.114341543418874	0.2173489522282127
genus.Erysipelatoclostridium.id.11381	15	0.008897704707416274	0.025366926849644207	0.7257683654704721	1.00893740694752	0.9600005016984051	1.0603689157839498	0.9498520956858136	0.081116306456983	0.06984226545020672	0.2663521877648382	0.3040208333463997	0.01271010808465235	0.035167277868886286	0.7177865508745341	7.116661534440076	0.9301209724086988
genus.Anaerofilum.id.2053	11	-0.00815900516387085	0.023574377149173945	0.7292703293891081	0.9918741891798062	0.9470865611004007	1.0387798196798652	0.9498520956858136	-0.10939170633597192	0.1273057434782364	0.4124858783081667	0.43899418654208994	-0.007482388091586361	0.029406665891462687	0.799151553504875	11.794859147202917	0.2990204543077791
genus.Oscillospira.id.2064	10	-0.014721906041446839	0.04496856565691352	0.7433788598943217	0.9853859313779277	0.9022530141788954	1.076178653325089	0.9537853617126961	-0.35051797964120873	0.16971597039319553	0.07275608924221358	0.0765936819898264	-0.02256013649185279	0.04846170711423499	0.6415555338696652	16.321911479280608	0.06045603625952903
genus..Eubacteriumeligensgroup.id.14372	7	0.021006427424532688	0.06463374160189889	0.7451756688129767	1.021228615486291	0.8997163732889379	1.1591518350118142	0.9537853617126961	0.0840319760837922	0.2995142648662104	0.7902855876271153	0.8371508954762314	0.061322905783177895	0.07453308026817194	0.4106439636089443	11.239869923430295	0.08123990440053544
genus.Holdemanella.id.11393	11	-0.012378418520070841	0.03824295236448901	0.7461815079735118	0.9876978789639218	0.9163704220621096	1.0645772458636922	0.9537853617126961	0.07436109427751579	0.11837939549599674	0.545507593202985	0.45759145749174296	-0.04038134347364841	0.04087312796013014	0.3231683085437941	22.121187525558796	0.014498990393680876
phylum.Verrucomicrobia.id.3982	12	-0.011151713306313047	0.03678320715757645	0.7617572360339698	0.9889102365523215	0.9201240331958223	1.0628387268196058	0.9537853617126961	0.03987090357719397	0.10092742697472946	0.7011046822641945	0.5972121095746459	0.007022538895799676	0.0523929404533294	0.8933741265678755	17.6807237490914	0.0892907688947837
genus.Prevotella7.id.11182	11	0.006150491701555362	0.020663134379751803	0.7659662543473945	1.0061694448127012	0.9662339868557633	1.0477554768789394	0.9537853617126961	0.11133343935211373	0.1351635723964791	0.431398735573069	0.451052693494721	0.004470085839180059	0.026905059037916453	0.8680444557681557	12.907440662601113	0.22889306605219475
family.Peptococcaceae.id.2024	10	0.008791996310117485	0.030903508867599988	0.776028522427159	1.0088307594281254	0.9495388046355393	1.0718250757102719	0.9537853617126961	-0.019089277811454232	0.07551541656601339	0.8068073477764346	0.6997705076496221	-0.011535111207634726	0.04252771087710732	0.7862083505746227	7.168721932791994	0.6195579984748344
genus.Terrisporobacter.id.11348	5	0.009508576996454137	0.03408198118077938	0.7802514842693179	1.0095539271391765	0.9443181879552401	1.0792963058447866	0.9537853617126961	0.006643352705186928	0.09377153905570433	0.9479786263153469	0.9756799842912544	-0.02030497425526186	0.04961425232679073	0.68235115398845	3.349104730642998	0.5011898342219246
genus.RuminococcaceaeNK4A214group.id.11358	13	0.00933892273761915	0.034206098715169476	0.7848384334170843	1.009382666543869	0.9439283362156587	1.0793757623634204	0.9537853617126961	0.007050736935508506	0.09793642598318737	0.9438998004849041	0.9810143275273433	0.00043248491254215156	0.04612360871140621	0.9925186257614046	7.113438922549347	0.8500268214809923
family.Verrucomicrobiaceae.id.4036	12	-0.009579457202385707	0.03557938291643761	0.7877436134875634	0.9904662796365522	0.9237488536279979	1.0620023475473128	0.9537853617126961	0.04731404778173595	0.14483460226815886	0.7506472534200417	0.6930752619699697	-0.0018367691988561568	0.042235610482945406	0.965312021070872	14.329100844704017	0.21531487405217503
genus.Akkermansia.id.4037	12	-0.009550912119789333	0.035573281505856785	0.7883255946310711	0.9904945529818439	0.9237862697682846	1.0620199624018976	0.9537853617126961	0.04752369557127603	0.1445436979870887	0.7491004836122768	0.6915371231170505	-0.001836855363960506	0.04223180182973781	0.9653072683488464	14.329627125604702	0.21528744977890224
class.Verrucomicrobiae.id.4029	12	-0.009541881129756105	0.035575422960233895	0.7885334171618275	0.9905034981686717	0.9237907351212161	1.0620340111504152	0.9537853617126961	0.04784232911046665	0.1447695710337462	0.7478626630834568	0.6904503010576193	-0.0018320745615172714	0.04224625792542782	0.9654093398581076	14.329814682673724	0.21527767690871566
order.Verrucomicrobiales.id.4030	12	-0.009541881129756105	0.035575422960233895	0.7885334171618275	0.9905034981686717	0.9237907351212161	1.0620340111504152	0.9537853617126961	0.04784232911046665	0.1447695710337462	0.7478626630834568	0.6904503010576193	-0.0018320745615172714	0.04224625792542782	0.9654093398581076	14.329814682673724	0.21527767690871566
genus.unknowngenus.id.2071	16	-0.009894936711551361	0.037347570296960925	0.7910542099512883	0.990153857104852	0.9202626371708843	1.0653531080579592	0.9537853617126961	0.13670433928858336	0.17825313205116589	0.45587316047747733	0.4142252832064929	-0.011338563926215215	0.04415653898659933	0.7973477737086337	27.48559215180267	0.025020091529354003
genus.Butyricicoccus.id.2055	8	0.016892890851691194	0.07040012367088624	0.8103648210012504	1.0170363825903854	0.8859530227202089	1.1675145035756562	0.969206676576514	-0.04828303046840537	0.13075974691321876	0.7246221128351806	0.5680156208037779	-0.002279285780928564	0.05338143923790234	0.9659421979007152	28.744056938649003	0.0001610880000819045
family.Rikenellaceae.id.967	22	0.007995256531601559	0.03393361412547146	0.8137317063384958	1.0080273039472718	0.9431644444868884	1.0773508813259036	0.969206676576514	0.014215421447734841	0.12198478881878955	0.9083912902396105	0.9581019237173702	-0.04418582839331598	0.04101297343660558	0.2813184723472335	32.55382359665412	0.05140467135266275
genus.Tyzzerella3.id.11335	13	0.006624615833157667	0.02922668920971329	0.8206856197115214	1.006646607135115	0.9506021101293428	1.0659953106129332	0.969206676576514	-0.04492091077769583	0.170176369442105	0.7966853898657227	0.7639508320226612	0.025229211127681304	0.031025812291886227	0.4161214960221886	26.605355592601757	0.008803327157581236
genus.DefluviitaleaceaeUCG011.id.11287	9	-0.007553757483386071	0.0336181016455424	0.8222179862900285	0.9924747004428326	0.9291870297382494	1.0600729449447492	0.969206676576514	-0.12911441556056763	0.11930607247209232	0.3150237495206607	0.3238270754609967	0.003018292703590695	0.04265669945680475	0.9435905464057275	10.055397369511464	0.2611592621360291
family.Christensenellaceae.id.1866	11	-0.009754641994928348	0.04631961106971985	0.8332039291577407	0.9902927802045083	0.9043479613143667	1.0844053754484815	0.9767001614015739	-0.06404627210198806	0.09655520149756067	0.5237549241659819	0.5338843224092853	-0.016718408480456245	0.04485072385518565	0.7093295212482135	21.950704821698054	0.015357707300199414
order.Bacillales.id.1674	9	-0.004637040895831015	0.023057627535712753	0.8406152275422446	0.9953736935798267	0.9513911559390936	1.0413895311994827	0.9799437182951029	-0.027294414194883945	0.11055305820787686	0.8120778029635293	0.8394961481603231	-0.02085490325025203	0.027702375339145643	0.4515580639682977	11.340522215444881	0.1831410471892345
genus..Eubacteriumventriosumgroup.id.11341	15	-0.0064469922107479455	0.03325916595700476	0.8463003301452614	0.9935737450552721	0.9308706411552976	1.0605005069640665	0.981150382750825	-0.006056195002564102	0.14467388940255874	0.9672456078806573	0.9978352817055657	-0.0043944153068183785	0.045792994138181935	0.9235502671597406	11.335056860144771	0.6595372200760186
genus.unknowngenus.id.2041	12	-0.007351901188707189	0.040379899850202204	0.8555290972945693	0.9926750579294562	0.9171387542752547	1.0744325938052188	0.9837455022348355	0.10178835972683542	0.13225523150236682	0.4593097409494252	0.40593572895898333	-0.018845840428295298	0.040394447379488566	0.6408252150386827	27.13111948144319	0.0043901885570608165
family.Enterobacteriaceae.id.3469	7	0.00733837057504707	0.04429033850958781	0.868402615087305	1.0073653624013403	0.9236050877551738	1.0987217229740724	0.9837455022348355	-0.06961755310542278	0.29115946123085296	0.820516191415664	0.7994466375519814	-0.0018591512535208916	0.059010557629822186	0.9748664852857207	5.903417034130142	0.43409598802004523
order.Enterobacteriales.id.3468	7	0.00733837057504707	0.04429033850958781	0.868402615087305	1.0073653624013403	0.9236050877551738	1.0987217229740724	0.9837455022348355	-0.06961755310542278	0.29115946123085296	0.820516191415664	0.7994466375519814	-0.0018591512535208916	0.059010557629822186	0.9748664852857207	5.903417034130142	0.43409598802004523
genus.Olsenella.id.822	11	-0.003789506772257848	0.024397897346783264	0.8765682299401175	0.9962176643473354	0.949699760828795	1.0450140936031802	0.9837455022348355	-0.023200241127098117	0.09265839517316711	0.807912012007976	0.8322867220558735	0.0010652677722442355	0.028138510665124686	0.9698008991639945	17.50160599840209	0.06397577498817088
genus.Hungatella.id.11306	6	0.004330467388105758	0.028947912524926768	0.8810840329080138	1.0043398574115094	0.9489421499749836	1.0629715933810746	0.9837455022348355	0.19678308902565517	0.19506692590937802	0.3701404386133588	0.37490894489130644	-0.03282744837700917	0.03680928221328167	0.37248658997767137	5.129987493593962	0.40022334534155946
genus..Eubacteriumhalliigroup.id.11338	17	0.006014120338307959	0.04083346737532581	0.8829077849477013	1.0060322414693703	0.928653607470008	1.0898583311739003	0.9837455022348355	0.038338399483101894	0.08363003283571659	0.6532162404085996	0.6615479335584037	0.0168799732485854	0.04581971292746579	0.7125751437998492	34.780897920882644	0.004257847058480192
genus.Blautia.id.1992	13	0.006311372581068278	0.044099296560665545	0.8861975363381904	1.0063313312597895	0.9230025805283445	1.0971830086275702	0.9837455022348355	0.09010651298688566	0.10315329986517148	0.4010472143379782	0.3872921357450434	0.0009405157722297865	0.052565197731128714	0.9857247188539505	19.87176811279766	0.06955089420991299
family.Peptostreptococcaceae.id.2042	14	0.003939572884241074	0.03012542307183991	0.8959553831200617	1.0039473432020565	0.9463845832519621	1.0650112921948618	0.9837455022348355	0.04396646732724242	0.057414128184267076	0.4586068056427163	0.4539221537803984	-0.004049122523680237	0.04611925769543494	0.9300381935896309	8.63310244528838	0.8000547348380349
genus..Ruminococcusgnavusgroup.id.14376	12	-0.004075760997264861	0.03200600112106658	0.8986684139812398	0.9959325336437707	0.9353752220459467	1.0604103980866173	0.9837455022348355	0.15475356113263558	0.15060389085428091	0.3283731329237699	0.30596990347919667	0.033055233616641776	0.03131508846936346	0.2911652139056069	21.455533063321553	0.028947305156918474
class.Methanobacteria.id.119	10	0.0030860829858011768	0.02734386967023997	0.9101399875409748	1.0030908498422757	0.9507464162553126	1.0583171662117494	0.9837455022348355	-0.11278332484448177	0.11184295655048924	0.3427821678149845	0.3167265264612313	-0.029105138830903286	0.027696356036477944	0.29332047046014553	17.918533379445027	0.036130546727019625
family.Methanobacteriaceae.id.121	10	0.0030860829858011768	0.02734386967023997	0.9101399875409748	1.0030908498422757	0.9507464162553126	1.0583171662117494	0.9837455022348355	-0.11278332484448177	0.11184295655048924	0.3427821678149845	0.3167265264612313	-0.029105138830903286	0.027696356036477944	0.29332047046014553	17.918533379445027	0.036130546727019625
order.Methanobacteriales.id.120	10	0.0030860829858011768	0.02734386967023997	0.9101399875409748	1.0030908498422757	0.9507464162553126	1.0583171662117494	0.9837455022348355	-0.11278332484448177	0.11184295655048924	0.3427821678149845	0.3167265264612313	-0.029105138830903286	0.027696356036477944	0.29332047046014553	17.918533379445027	0.036130546727019625
genus.Alloprevotella.id.961	6	0.004745780856294059	0.04329289401222168	0.9127104954627787	1.004757059909842	0.9230163862305619	1.0937365408662378	0.9837455022348355	-0.053121379428783255	0.45216814971563296	0.9121413363553643	0.903796543931259	-0.0178790980287227	0.033182510373720185	0.5900173469461287	19.035747611841657	0.0018928882961806509
family.Desulfovibrionaceae.id.3169	10	0.00475584254880799	0.04457309461491659	0.9150288808086329	1.00476716951729	0.9207125269378292	1.096495415672732	0.9837455022348355	-0.16153878292626067	0.09720280530707011	0.1351133483049639	0.09815372487659736	-0.06578492441957307	0.06313562670963177	0.2974292931700354	14.427720049371446	0.1079031522790277
family.FamilyXI.id.1936	8	-0.0024724649074221185	0.026476050735943096	0.9255977394285871	0.9975305891164297	0.9470858602815901	1.050662160585013	0.9837455022348355	0.17411909878015133	0.17340700294592262	0.3540887776176475	0.34258265368768415	-0.009944231943633301	0.02777267008094249	0.7202997680276559	12.658390326891595	0.0808821896048983
family.Pasteurellaceae.id.3689	14	-0.0023601946371850893	0.027845254443630008	0.9324513130317154	0.9976425884322185	0.944653681417907	1.0536038273410684	0.9837455022348355	-0.03508546141500838	0.06633175148803226	0.6064933323877317	0.5944616010519141	-0.00832183947552585	0.03496753839574835	0.8118907353313213	17.526943570703484	0.17632080866964342
order.Pasteurellales.id.3688	14	-0.0023601946371850893	0.027845254443630008	0.9324513130317154	0.9976425884322185	0.944653681417907	1.0536038273410684	0.9837455022348355	-0.03508546141500838	0.06633175148803226	0.6064933323877317	0.5944616010519141	-0.00832183947552585	0.03496753839574835	0.8118907353313213	17.526943570703484	0.17632080866964342
genus..Eubacteriumxylanophilumgroup.id.14375	9	0.005116178434693098	0.060367929263413125	0.9324601916917872	1.0051292884237266	0.8929676161065505	1.1313790872418803	0.9837455022348355	0.013556716304411492	0.21315533601860967	0.9510666522184285	0.9680195749065743	-0.01015964025363313	0.06031289298003412	0.8662301439608435	18.20085141909992	0.019770063703680518
family.Defluviitaleaceae.id.1924	11	-0.0018897358520419735	0.031057952163031973	0.95148227357086	0.9981120485745446	0.9391657271668129	1.0607581097694019	0.998819700116674	-0.06037498072482094	0.10931644070586397	0.5941938060811386	0.5892630630881448	0.0012133474508114472	0.04083083248533316	0.9762931913640449	12.300774356857882	0.2654310156754621
genus.Butyrivibrio.id.1993	15	-0.0006609654415750166	0.01905023529020469	0.9723222142563445	0.9993392529479639	0.9627134929009687	1.0373584143640182	0.9992702417245659	0.03175086459108502	0.09079250383019428	0.7321581280046566	0.7204915579300871	-0.003621881329963377	0.023967891600530023	0.8798858758518874	21.896505140281196	0.08076606882828727
genus.Catenibacterium.id.2153	5	0.0014334758029542374	0.04205750863321104	0.9728104008376766	1.0014345037204995	0.922194391280938	1.087483370885529	0.9992702417245659	-0.5156985905758229	0.3086986545514005	0.1934021374408345	0.19039243044286355	-0.0005741944003497725	0.03880653831787277	0.9881946664031099	10.40374028408178	0.03414909275943765
family.Veillonellaceae.id.2172	19	-0.0008297110168708862	0.03097817681700279	0.9786322328946238	0.9991706330981363	0.9403088088853525	1.061717113156869	0.9992702417245659	-0.05762880421245611	0.06603078273763008	0.39495628370822944	0.34350883213758737	-0.03949106754491313	0.05269421920810794	0.453593056852331	26.314871331841093	0.09277340955454629
genus.unknowngenus.id.2755	13	-0.0007441963885028921	0.03683479307993449	0.9838809352318661	0.9992560804569494	0.9296562444157743	1.0740665921710477	0.9992702417245659	0.22442935768122432	0.14206821239763315	0.14247421442668368	0.13054489038366304	0.02162855052386459	0.04155894258316483	0.6027634014371637	26.623599352760596	0.008750594088777746
genus.Coprobacter.id.949	11	0.0007184992767601252	0.035665414926276236	0.9839272666109364	1.0007187574591965	0.9331533643610531	1.0731762535265366	0.9992702417245659	0.11444164012562123	0.13223916546729422	0.4092868347353927	0.39470394468256864	-0.008246602823078476	0.03424067886079994	0.8096773669823185	21.798961817378427	0.016162168662972317
genus.RuminococcaceaeUCG002.id.11360	22	-0.0006229658136342895	0.04021160696122305	0.9876395160493419	0.9993772281892803	0.9236355463944067	1.0813300203983327	0.9992702417245659	0.0481061528106026	0.11347071256930856	0.6761256821948057	0.6500986994914908	0.0008930057051506112	0.03836240919760529	0.9814284051423726	51.658753527905304	0.00021346269777328564
genus.Sellimonas.id.14369	11	-0.00021578623450445742	0.021814964785299908	0.9921077251795397	0.9997842370456705	0.9579371417403684	1.0434594057278015	0.9992702417245659	0.08149261621241281	0.13657040934671189	0.5654083480629339	0.5591014370889105	-0.021460115897328557	0.025467978109601032	0.39943467147910894	14.381993373607063	0.15626978625474333
family.Rhodospirillaceae.id.2717	15	0.00022566652175384818	0.024299068222003332	0.9925901172955431	1.0002256919863588	0.9537053552349926	1.049015221963475	0.9992702417245659	-0.014197065043159303	0.11950313292744003	0.9072493386981517	0.9040590697762021	0.009133566015398734	0.03368600688799877	0.7862846796295895	11.267843754803534	0.6648783612636172
genus.Haemophilus.id.3698	9	-0.0002550723286579239	0.03899155943064054	0.9947804903333842	0.9997449601995227	0.9261875483646108	1.0791442696559312	0.9992702417245659	-0.046707702181745324	0.09597553695651719	0.6413644689250563	0.6092865852338387	0.021748293857547542	0.04199417400007739	0.6045361645473988	16.089126539440425	0.04112205801636589
genus.RuminococcaceaeUCG010.id.11367	6	-5.060785948080972e-05	0.055332327792113944	0.9992702417245659	0.9999493934210754	0.8971771270784047	1.1144942946319616	0.9992702417245659	0.15890460051876248	0.2037934455702016	0.479106714843865	0.4619477343841631	0.002767204294552024	0.0594793523138619	0.9628927809997077	7.274811632008524	0.2009912803483563
