taxon	n_snp	b_ivw	se_ivw	p_ivw	or_ivw	lci	uci	fdr_ivw	b_egger	se_egger	p_egger	egger_intercept_p	b_wmedian	se_wmedian	p_wmedian	q_stat	q_p
class.Actinobacteria.id.419	19	0.2955025875849123	0.051247114863663346	8.1065008427984e-09	1.3438015669805612	1.215381771243006	1.4857904685970114	7.41344584953856e-07	0.280728836282256	0.12734849960708963	0.041562050724922764	0.8797990398227513	0.19748004808467576	0.11400715280628593	0.08324286441809757	45.090870247999426	0.0004020731149177544
family.Bifidobacteriaceae.id.433	18	0.288461137663954	0.0504144481920121	1.0540444335836816e-08	1.334372491683065	1.2088250069837574	1.4729592259207756	7.41344584953856e-07	0.3037135130571175	0.1058448345324079	0.011124480885558992	0.7547213799936351	0.29114482501563355	0.11545416361972348	0.011677758811300192	56.382542679257945	4.101553933659313e-06
order.Bifidobacteriales.id.432	18	0.288461137663954	0.0504144481920121	1.0540444335836816e-08	1.334372491683065	1.2088250069837574	1.4729592259207756	7.41344584953856e-07	0.3037135130571175	0.1058448345324079	0.011124480885558992	0.7547213799936351	0.29114482501563355	0.11545416361972348	0.011677758811300192	56.382542679257945	4.101553933659313e-06
genus.Bifidobacterium.id.436	18	0.23978526117713553	0.0483144568603897	6.940805513613779e-07	1.270976193083604	1.1561423765026007	1.3972158760168558	3.661274908431269e-05	0.2372371827797569	0.09550839021815223	0.02445095562881524	0.9484638888647434	0.15654641643714598	0.10518153706634971	0.13665992908038044	52.21497031648257	1.901480973630825e-05
family.Enterobacteriaceae.id.3469	7	0.38071457354426785	0.09349515249456745	4.660622866126945e-05	1.463329872737444	1.218309296001558	1.7576278236352272	0.0016389857079213092	0.44305408492450615	0.22527113958256204	0.10636405210501844	0.7229783448240776	0.40752322205385894	0.13947281298243436	0.003479223648405662	13.599545089230858	0.03444378512723544
order.Enterobacteriales.id.3468	7	0.38071457354426785	0.09349515249456745	4.660622866126945e-05	1.463329872737444	1.218309296001558	1.7576278236352272	0.0016389857079213092	0.44305408492450615	0.22527113958256204	0.10636405210501844	0.7229783448240776	0.40752322205385894	0.13947281298243436	0.003479223648405662	13.599545089230858	0.03444378512723544
phylum.Actinobacteria.id.400	19	0.23275381537998777	0.05904805701015712	8.088277125973886e-05	1.262070738673817	1.1241414892220754	1.4169235498272854	0.0024380378194006997	0.23015678414869528	0.12422198038860233	0.08135490504001991	0.9552223691767182	0.03505624976979869	0.10921426611252236	0.7482210049101585	65.12284954223533	2.9655802495224713e-07
phylum.Cyanobacteria.id.1500	9	-0.18342810785476577	0.05745098776955515	0.0014091243949792755	0.83241171745088	0.7437635945646497	0.9316256837699985	0.037165655917578394	-0.20605555598432151	0.059985531896647896	0.01090963490365882	0.06230411898190552	-0.24911652508532958	0.07634409633523953	0.0011021028340996294	12.605194985961964	0.12617493322445816
genus.Sutterella.id.2896	12	-0.2058192198437849	0.0675696582405527	0.002318845402662404	0.8139802144530142	0.7130129115291488	0.9292451494321761	0.05436404221797413	-0.21144232221899392	0.06987220263878025	0.01276119608338648	0.5299115765433964	-0.27109831807104773	0.09660873484359245	0.005013780306882058	10.975398317562544	0.44532663654087223
genus.FamilyXIIIAD3011group.id.11293	14	-0.1787570392607587	0.06508008321901891	0.006019372976373613	0.8363090649840682	0.7361554286114644	0.9500885614519725	0.12700876980148323	-0.16743352970362765	0.07456089968623388	0.044347910069265785	0.3507963697056742	-0.11909702363665647	0.0954467332510787	0.21210972045291454	16.572367466211986	0.2195973594372197
class.Coriobacteriia.id.809	19	0.16206050640816458	0.06197765257900801	0.008927406415016766	1.175931390553176	1.041419105290011	1.3278176175798548	0.14489867335142598	0.15648401174630167	0.0839246525152771	0.07960094533197329	0.5755320164944082	0.03552991812426366	0.091216211282205	0.6968965497768413	31.33880226864015	0.026294081135096625
family.Coriobacteriaceae.id.811	19	0.16206050640816458	0.06197765257900801	0.008927406415016766	1.175931390553176	1.041419105290011	1.3278176175798548	0.14489867335142598	0.15648401174630167	0.0839246525152771	0.07960094533197329	0.5755320164944082	0.03552991812426366	0.091216211282205	0.6968965497768413	31.33880226864015	0.026294081135096625
order.Coriobacteriales.id.810	19	0.16206050640816458	0.06197765257900801	0.008927406415016766	1.175931390553176	1.041419105290011	1.3278176175798548	0.14489867335142598	0.15648401174630167	0.0839246525152771	0.07960094533197329	0.5755320164944082	0.03552991812426366	0.091216211282205	0.6968965497768413	31.33880226864015	0.026294081135096625
genus.Actinomyces.id.423	8	0.15167545508067948	0.06009808327695298	0.011609443715769208	1.1637824754456236	1.0344637865693211	1.3092673399868537	0.17497090171623594	0.2036306047989693	0.04033552678733707	0.0023372871998634296	0.048144228405757286	0.16234182098259053	0.07855207904960076	0.0387645447186477	3.982070295172589	0.7818402351421452
phylum.Bacteroidetes.id.905	13	-0.17923654835286967	0.07537568872275151	0.01741110975727391	0.8359081433140685	0.7211032859231492	0.9689907641514214	0.24491627725231968	-0.19806447892567114	0.061265647926324406	0.007974281627567519	0.11948240332323391	-0.17545077450405602	0.10904495432640689	0.10762146913201805	8.846858844581588	0.7159520987862754
genus.Blautia.id.1992	13	-0.17236753528084528	0.07683661308650913	0.024877507968858396	0.8416697729778494	0.7239975309224069	0.9784674346085676	0.31543570113622466	-0.16364499065880697	0.08849915801514067	0.09147390530364655	0.43931774289318065	-0.15002034106476775	0.10854387517970979	0.1669357626913659	15.213714022293143	0.2299566178643756
genus.Ruminococcus2.id.11374	15	-0.1279851845519761	0.05726285560785208	0.02541425080244464	0.8798664146632145	0.7864545219055542	0.9843733948868688	0.31543570113622466	-0.12791091119744064	0.045838948100685444	0.0153071861661888	0.9954648093520773	-0.09999636145278115	0.10684996919305967	0.34934648261206847	7.679016498214227	0.9053693645026833
genus.Lactobacillus.id.1837	8	0.1141802755542274	0.05241614044599426	0.029380591092109547	1.1209541873075286	1.0115103807282082	1.2422396388435208	0.3444058178019508	0.16308751654957282	0.07841552371182453	0.08275927655691087	0.06702714717370771	0.028671766410958872	0.06954079408644286	0.6801185262964203	22.665383559568596	0.0019489522459376315
genus.Roseburia.id.2012	16	-0.14515232252814236	0.06865562381164786	0.034497439468146866	0.8648905407628352	0.755997397552825	0.9894685483342036	0.3831031435673152	-0.12177724099772477	0.09960121801191954	0.24164696108423842	0.2568199855149718	-0.15902050852241273	0.1025260880773266	0.12089573321334408	31.129185506406767	0.008441702154837439
genus.RuminococcaceaeUCG010.id.11367	7	0.16420455002497047	0.08197935629285773	0.045177420232088907	1.178455343510639	1.0035312318512453	1.3838702300145609	0.47662178344853795	0.17050056672239516	0.17103487599155415	0.36459216221008883	0.9615371559887798	0.12977704626264497	0.11520041184988215	0.25994005145012455	10.290197459817664	0.1129512041913162
family.Lactobacillaceae.id.1836	11	0.09039306098326458	0.04790864396068143	0.05918995108517856	1.094604445459389	0.9964982642476047	1.2023692714849974	0.5751672664759143	0.16772348653008365	0.0632687302849807	0.026434150071120422	0.010414778654895103	0.06464393589366138	0.07433180751074003	0.3844822947861519	28.968176145107243	0.0012609115563978527
family.Prevotellaceae.id.960	16	-0.11408500744115678	0.06065080953511446	0.059970046741564524	0.8921821105404819	0.7921847896401124	1.0048020724180837	0.5751672664759143	-0.08835736940039701	0.0749711199485851	0.25822039728318624	0.1731463399482632	-0.1133870789601397	0.08929660345391804	0.20416285585368577	23.13695865224738	0.08127495854052798
class.Methanobacteria.id.119	11	0.07099408131588685	0.03898428608996354	0.06859244512529517	1.0735748716990159	0.9945995159094573	1.1588212006011887	0.5789202368574912	0.07492176661439445	0.03274862038146562	0.0479481550428141	0.12420894928229044	0.09193120844007252	0.058484501539023286	0.11597604301437113	8.337920801831599	0.595866094888812
family.Methanobacteriaceae.id.121	11	0.07099408131588685	0.03898428608996354	0.06859244512529517	1.0735748716990159	0.9945995159094573	1.1588212006011887	0.5789202368574912	0.07492176661439445	0.03274862038146562	0.0479481550428141	0.12420894928229044	0.09193120844007252	0.058484501539023286	0.11597604301437113	8.337920801831599	0.595866094888812
order.Methanobacteriales.id.120	11	0.07099408131588685	0.03898428608996354	0.06859244512529517	1.0735748716990159	0.9945995159094573	1.1588212006011887	0.5789202368574912	0.07492176661439445	0.03274862038146562	0.0479481550428141	0.12420894928229044	0.09193120844007252	0.058484501539023286	0.11597604301437113	8.337920801831599	0.595866094888812
genus.Coprococcus3.id.11303	11	0.14175875362284437	0.0805151662595772	0.07829823636186078	1.152298627133328	0.984077158153947	1.349276441477605	0.6213815720153835	0.13713208583513872	0.11853700046494813	0.27710703576865114	0.893135538723176	0.21425201301367439	0.12184691695889638	0.07868450492159236	17.988988321366786	0.055149677182092516
order.Burkholderiales.id.2874	11	-0.1371462860343967	0.07842057203360579	0.08031591808888046	0.8718426783950703	0.7476273598051449	1.01669587917328	0.6213815720153835	-0.1481939699364656	0.09623843103768577	0.15797951974710026	0.5254949681606281	-0.2266551095600002	0.11426057593237607	0.04729280317406616	13.782026796706637	0.18316821961536334
genus.Haemophilus.id.3698	9	0.0976386773391028	0.056233807047327236	0.0825110604295733	1.1025643316495888	0.9874992077618543	1.2310370437472498	0.6213815720153835	0.10767064602821073	0.049461376824557556	0.06594541702053934	0.11434451640870828	0.1317423250168715	0.08956604733535654	0.1413192921382283	7.830678743152284	0.45018247012117096
genus.Anaerotruncus.id.2054	12	0.1268465613951165	0.07530821163903076	0.09211103386241452	1.135242814343425	0.9794564212319211	1.3158076455279237	0.6213815720153835	0.14749578267629065	0.06664676088345857	0.051290874543503014	0.06701240512002922	0.12540979927381016	0.10580704416265593	0.23591114413351233	10.88425370930042	0.453010556018025
genus.Collinsella.id.815	11	0.13344247219095126	0.08034951034999219	0.09675860856767621	1.1427555240225522	0.9762441520195597	1.3376676162234193	0.6213815720153835	0.13959922682713033	0.11975800012781307	0.27370688259169224	0.7414579190561469	0.10439115035591355	0.12500895309097246	0.40367863944693017	19.788297380099582	0.03131983442676214
family.Actinomycetaceae.id.421	6	0.11603686100203266	0.07027833985570489	0.09871730306632973	1.1230372676493154	0.9785252525055385	1.2888913201778631	0.6213815720153835	0.14323252277364634	0.04273309880984128	0.028521285054148224	0.39696599188148246	0.14605419338524453	0.11376893317772573	0.19921921305245127	0.9942299143002172	0.9630298265392909
order.Actinomycetales.id.420	6	0.11595433771857493	0.07025489072928107	0.09884466776527813	1.1229445947504322	0.978489475345035	1.288725729456167	0.6213815720153835	0.14293204254821648	0.042791937833028426	0.02883140143922431	0.40055614221653824	0.14549807993746686	0.11295924737845778	0.1977257196209946	0.9962885656224534	0.9628645702115934
order.Clostridiales.id.1863	14	-0.11984268716465851	0.07349832437407486	0.10298532297586284	0.8870599716608109	0.768050799424596	1.0245095687842334	0.6213815720153835	-0.11900494837541821	0.08877212263612438	0.20488867430602833	0.9771140894248265	-0.09236196333540798	0.11921590139372804	0.4384901573116403	15.689729157009845	0.26629104053710206
class.Betaproteobacteria.id.2867	12	-0.12311022328527937	0.0760049402601497	0.10528253772139394	0.8841662014862188	0.7617933866467127	1.0261967162667314	0.6213815720153835	-0.14283674210270186	0.08698518332791433	0.13160480488027634	0.3785610206962826	-0.20530320531032942	0.10707503629494107	0.05519006181110673	13.34901955709139	0.27112695060553554
genus.Intestinibacter.id.11345	15	0.0910688954797537	0.057113688633540036	0.11081970620549761	1.0953444669414967	0.9793424183319736	1.225086832553244	0.6213815720153835	0.09506832014794318	0.04620936388117565	0.06029308502443399	0.8064839995701235	0.10096862639214414	0.07919428522119527	0.20232751008809113	7.526049097532478	0.9125296225844153
class.Bacteroidia.id.912	14	-0.11626287791784899	0.07346192780107964	0.11350635826829689	0.8902411677902361	0.770860191064987	1.028110344800137	0.6213815720153835	-0.09905180642563982	0.08008799942089147	0.2398246858845262	0.41949099365683706	-0.16046193901556835	0.1025548128377558	0.11766602512498317	14.095674411703534	0.3671407844483818
order.Bacteroidales.id.913	14	-0.11626287791784899	0.07346192780107964	0.11350635826829689	0.8902411677902361	0.770860191064987	1.028110344800137	0.6213815720153835	-0.09905180642563982	0.08008799942089147	0.2398246858845262	0.41949099365683706	-0.16046193901556835	0.1025548128377558	0.11766602512498317	14.095674411703534	0.3671407844483818
order.Desulfovibrionales.id.3156	12	-0.10613536329151155	0.06749023853504031	0.1158107324312299	0.8993029072349003	0.7878746851090156	1.0264902962953304	0.6213815720153835	-0.1146695240397455	0.0810472295922893	0.18748876742141304	0.41785054058263027	-0.07272433977397606	0.09569339006903448	0.44727105495100883	15.210838253676739	0.17304670615306586
phylum.Firmicutes.id.1672	17	-0.09564461620475999	0.06205626970491488	0.1232544217403008	0.9087869268338037	0.804708720584095	1.0263262435935294	0.6213815720153835	-0.09638283442739243	0.05194592791598359	0.08329025941874885	0.9624955109007493	-0.1504663895284078	0.09674110738352647	0.11986246915501153	9.583444804058697	0.8874581682318877
genus.RuminococcaceaeUCG013.id.11370	13	-0.10650972719096383	0.06963973099872967	0.1261556267182332	0.8989663037017959	0.7842686904395992	1.0304381968101897	0.6213815720153835	-0.09230013683440626	0.11709609437751989	0.4472090844598553	0.4133825361372289	-0.13264213584523826	0.10209349761848024	0.19386769414232308	32.46814081654919	0.0011712139899401383
genus.LachnospiraceaeFCS020group.id.11314	14	-0.09196676326554905	0.06087744956862067	0.13086825124485363	0.9121354654455351	0.8095420476912426	1.0277305665546634	0.6213815720153835	-0.09012174867839486	0.0594824724972096	0.15563628345362807	0.21722638867077879	-0.11791181270945114	0.08779716879623664	0.1792711808471864	13.068301199746598	0.4425498434415689
family.Peptostreptococcaceae.id.2042	14	-0.09022275896393127	0.05972339215602817	0.13087074776406646	0.9137276215809528	0.8127915425090131	1.0271983931608475	0.6213815720153835	-0.05591974223120202	0.07479782892094727	0.46909203791431886	0.27164931782009183	-0.019368550506580602	0.1193174565688868	0.871047655919542	17.59325860585251	0.17358257822040524
genus.Slackia.id.825	8	0.08896720506692389	0.05970708026151735	0.13620813874918095	1.093044809407161	0.9723313162657805	1.228744703976356	0.6213815720153835	0.09158155201424983	0.06395092367043635	0.20209505726325638	0.7698292557320057	0.011552469461566737	0.0841325863116229	0.8907836617123673	6.866133829621461	0.4429499259742592
family.unknownfamily.id.1000001214	10	-0.07387141542834634	0.04995731529147547	0.139223010200066	0.9287911143709009	0.8421578993519218	1.024336332649958	0.6213815720153835	-0.07543722874190768	0.03830835034671045	0.0844466327505676	0.061902199427698375	-0.04875653070411994	0.0714155133844581	0.4947861663847134	7.46816201575859	0.5884973034108532
genus.unknowngenus.id.1000001215	10	-0.07387141542834634	0.04995731529147547	0.139223010200066	0.9287911143709009	0.8421578993519218	1.024336332649958	0.6213815720153835	-0.07543722874190768	0.03830835034671045	0.0844466327505676	0.061902199427698375	-0.04875653070411994	0.0714155133844581	0.4947861663847134	7.46816201575859	0.5884973034108532
order.Gastranaerophilales.id.1591	10	-0.07387141542834634	0.04995731529147547	0.139223010200066	0.9287911143709009	0.8421578993519218	1.024336332649958	0.6213815720153835	-0.07543722874190768	0.03830835034671045	0.0844466327505676	0.061902199427698375	-0.04875653070411994	0.0714155133844581	0.4947861663847134	7.46816201575859	0.5884973034108532
genus.unknowngenus.id.2001	10	0.08704313555095716	0.058914108402364954	0.13955284151924333	1.090943737162512	0.9719717712010253	1.2244781925955304	0.6213815720153835	0.08810982763612832	0.06608487253918391	0.21915418509936072	0.8761305288691512	0.0191691114963155	0.12703216409163573	0.8800548617052386	9.996978032155372	0.3507299138103786
family.Porphyromonadaceae.id.943	12	0.11561954133936127	0.07993920112249323	0.14808088963888866	1.122568699893682	0.9597703010775301	1.3129813295600148	0.6213815720153835	0.06680721667819517	0.10325768591819312	0.5322045825457054	0.04616581399712691	0.11070127999214617	0.12563505061862185	0.3782454460885414	24.228333649384307	0.011804164366282094
genus..Eubacteriumventriosumgroup.id.11341	16	-0.09052736824411058	0.06270103433417401	0.14879697030043804	0.9134493340544965	0.8078156555691379	1.0328961566073422	0.6213815720153835	-0.09201983800221317	0.10606547048854333	0.4002534094883076	0.9051215892905518	-0.08194350270120304	0.10180797722108632	0.420887241445728	39.56457440684096	0.0005274246438732844
class.Gammaproteobacteria.id.3303	8	0.13428107878960446	0.09312665489257249	0.14932526885361222	1.1437142482857054	0.9528982350670852	1.3727407960196778	0.6213815720153835	0.13073005649418967	0.0914816880649317	0.20292547273260284	0.26804399265281986	0.09685492951755094	0.1296221075257024	0.45493683409208674	7.220173320344745	0.40632131904028884
genus.Olsenella.id.822	11	0.05305526049438144	0.03705595988727139	0.15221236882675068	1.054487915032833	0.9806159141691895	1.1339248597575207	0.6213815720153835	0.07722498238830806	0.039599118087120716	0.082944169179545	0.07104379466922153	0.05332571455957568	0.05342115949848178	0.3181759144720052	13.71944283653204	0.18617757114110378
class.Melainabacteria.id.1589	11	-0.06833191015749249	0.04783341282107908	0.15313669073364902	0.9339504344916967	0.8503685805689554	1.025747462945567	0.6213815720153835	-0.07874210394875202	0.039209061428404565	0.0755394472100061	0.06505983819812153	-0.054949994792230936	0.06869294151675924	0.42374755872667635	8.867878588855579	0.5446867078927423
phylum.Lentisphaerae.id.2238	10	0.06305445208833727	0.04453073618516213	0.15678254200360325	1.0650848337457837	0.9760652982770965	1.1622231679352621	0.6214650274277688	0.12177821144099948	0.06880140239276426	0.11468681455661203	0.09023560549733185	0.06817511307218926	0.06680435486587484	0.3074823854222062	22.466271024945367	0.007513038205615178
genus.unknowngenus.id.1868	10	-0.08642232756908846	0.06147728363966089	0.15979530051175017	0.9172067876988691	0.8130864801014984	1.0346602876681237	0.6214650274277688	-0.05828613947773351	0.06754643238845615	0.413309222148467	0.2098767795234964	-0.037596371526109285	0.08707090195904801	0.6658938247102202	10.790726466132199	0.29032683596704817
genus.LachnospiraceaeNK4A136group.id.11319	16	0.07909654655625349	0.05656221218506795	0.161993253594916	1.0823088102146774	0.9687338307171637	1.2091993936054826	0.6214650274277688	0.07771139461432541	0.06765300437497872	0.26993747864047185	0.9222902848853274	0.042614365276893836	0.13768134410966926	0.7569302231627821	19.19097393437567	0.20520997326420368
class.Negativicutes.id.2164	13	-0.10076589669533577	0.07516265456222948	0.18003807466354904	0.9041446713677253	0.780293849872954	1.0476535050170548	0.6433434914955696	-0.10127735363520358	0.08283691402961812	0.24702585387085646	0.9566645848261982	-0.12746404333908862	0.10653637434358552	0.23152613117855658	13.199809073395153	0.35468659648613476
order.Selenomonadales.id.2165	13	-0.10076589669533577	0.07516265456222948	0.18003807466354904	0.9041446713677253	0.780293849872954	1.0476535050170548	0.6433434914955696	-0.10127735363520358	0.08283691402961812	0.24702585387085646	0.9566645848261982	-0.12746404333908862	0.10653637434358552	0.23152613117855658	13.199809073395153	0.35468659648613476
genus.Howardella.id.2000	11	-0.04864349520801795	0.036320756521830116	0.18048103867762244	0.9525206473503163	0.8870692939772564	1.0228012510282287	0.6433434914955696	-0.0038323446995487676	0.04988490489676973	0.9404445032093827	0.1677334788381925	-0.03225181540508902	0.05603043664620875	0.5648771821254952	13.617254791350607	0.1911763385552092
family.Rikenellaceae.id.967	18	-0.08241739337409242	0.062137020265336455	0.1847133675702345	0.9208875061246112	0.815294441482197	1.0401564830917884	0.6433434914955696	-0.06007416340952919	0.0729568098520084	0.42237293590640923	0.13111872632743227	-0.13359885927488194	0.0933240787180442	0.15227027154224201	24.601474764056952	0.10399193285835134
genus.DefluviitaleaceaeUCG011.id.11287	10	0.0799616704179231	0.06144963071818296	0.1931710110875169	1.0832455465301345	0.9603287494581613	1.2218950174504717	0.6433434914955696	0.06481291666612007	0.03592952538893354	0.10890346581096447	0.37161535458720946	0.032856501065750235	0.07795781682307958	0.6734154718717629	2.4377207817611053	0.9825117161857043
class.Lentisphaeria.id.2250	9	0.06135359582022415	0.04726813543032747	0.19429056254123778	1.0632748172555329	0.96919257636015	1.166489885070762	0.6433434914955696	0.16880571308528763	0.08001485014598265	0.07282284986048514	0.058173939364268165	0.06000989300937237	0.07662176667351556	0.4335117795025455	22.479905837296577	0.004100276924290983
order.Victivallales.id.2254	9	0.06135359582022415	0.04726813543032747	0.19429056254123778	1.0632748172555329	0.96919257636015	1.166489885070762	0.6433434914955696	0.16880571308528763	0.08001485014598265	0.07282284986048514	0.058173939364268165	0.06000989300937237	0.07662176667351556	0.4335117795025455	22.479905837296577	0.004100276924290983
genus.LachnospiraceaeUCG010.id.11330	10	-0.09898042349029018	0.07627222829266263	0.19438164230094024	0.9057604394780261	0.7799901473788083	1.051810688225261	0.6433434914955696	-0.10163218428219024	0.09120740048947172	0.2975059415126868	0.8938046483708832	-0.014762225957654564	0.11268360224709795	0.8957705753107652	10.956459070599749	0.27870526517891475
genus.RuminococcaceaeNK4A214group.id.11358	14	0.08636523424347949	0.0666640027711286	0.19513736234936707	1.0902044355917677	0.956670538982443	1.2423772479166697	0.6433434914955696	0.04877536785155796	0.061042955539599736	0.4398002315061437	0.0621263091315642	0.18523191799469438	0.101304343360084	0.06747909547558333	12.388702986041961	0.49605659268667035
genus.Anaerofilum.id.2053	11	-0.05564665537896143	0.04343221914208413	0.20011294628362009	0.9458732960914227	0.8686857819460604	1.029919345812898	0.6495974102437514	-0.05207273142107402	0.044112611039206155	0.26807831298753776	0.19536598321835827	-0.09559193353345039	0.056269890981266515	0.08935472074904723	11.264805426376109	0.3372628780458309
genus..Ruminococcustorquesgroup.id.14377	13	-0.09961494085398452	0.07905584281336221	0.20764846883350174	0.9051859010484111	0.7752541307239514	1.0568940983154569	0.6573048546855302	-0.2531740529046276	0.08454615122861178	0.01219902047584665	0.01481189716266507	-0.05642067164624538	0.11024660764910105	0.6088134791321647	13.350909363896253	0.3440593090918781
family.Christensenellaceae.id.1866	12	-0.07595279581062515	0.06060676712906016	0.2101305572256903	0.9268599571997109	0.8230469279102581	1.0437671913088284	0.6573048546855302	-0.07352787047801293	0.043658514971124315	0.12305601429337495	0.47212001425683775	-0.06602377308475521	0.12364206338748036	0.5933476264605099	5.448622066401827	0.9075117670511159
genus.Lachnospira.id.2004	6	0.1418913281437485	0.11364567016406468	0.21183284416405712	1.1524514026986086	0.9223281705735779	1.4399909684597874	0.6573048546855302	0.17693927283484476	0.16000022013055823	0.3308172827522294	0.5752723220299784	0.2022767006143945	0.14307034357589635	0.15741273271968503	7.544238340817708	0.18320695116083088
class.Deltaproteobacteria.id.3087	13	-0.08137731545765621	0.06591287049479573	0.21697214681913324	0.9218457991465712	0.8101251463140979	1.0489733361204665	0.6634945359251755	-0.09520484739030621	0.07771391430578936	0.24613497196327008	0.627966380630125	-0.05343773027497685	0.11032508351670255	0.6281260736728393	13.64459766335553	0.3239768765075054
genus.Victivallis.id.2256	12	0.042778265673503034	0.035303211295931544	0.22561243834887845	1.04370644364588	0.9739298227826534	1.1184821688646747	0.6665524607405655	0.04667690219595657	0.03642918884206947	0.22900035577743197	0.6540954053256152	0.04083691782941601	0.04800150446735548	0.3949124330993933	10.29114788313091	0.5044040415634908
genus.Phascolarctobacterium.id.2168	10	-0.08282358784430528	0.06849176627752308	0.22656726527283122	0.9205135226720825	0.8048756788121731	1.0527652502466833	0.6665524607405655	-0.09657358656290929	0.04520998052003605	0.06516978585367311	0.10780234472422458	-0.05868090270869747	0.09563267681979463	0.5394748992844809	4.775231027513868	0.8534452350639838
class.Alphaproteobacteria.id.2379	9	0.07864163858243269	0.065157018199978	0.2274491809162119	1.0818165712769718	0.9521181763346789	1.2291825983144364	0.6665524607405655	0.08037245887846077	0.04852864051531845	0.14165460573594024	0.33082719906857055	0.058680446501860585	0.08539186958794373	0.49196294878950475	4.483400345630802	0.8110915451788065
family.Desulfovibrionaceae.id.3169	11	-0.08308899374356916	0.06970275194890492	0.23324260648103146	0.9202692453705655	0.8027544620574087	1.0549869530520837	0.674166985856132	-0.09218190506597143	0.08732057005032298	0.31863112476414257	0.6700374867048736	-0.05152645174528491	0.12391373620135454	0.6775379315168266	13.62225533109926	0.19092925682815814
family.unknownfamily.id.1000005471	14	0.06198539624655511	0.05344416557208925	0.2461237442983899	1.0639468069977316	0.9581363644659358	1.1814422770099475	0.678111342870332	0.06168384690925453	0.05052050568772394	0.24554628724493652	0.9436105216317939	0.013970651813267615	0.07872696331318152	0.8591494273375939	10.654392892878695	0.639745008405179
genus.unknowngenus.id.1000005472	14	0.06198539624655511	0.05344416557208925	0.2461237442983899	1.0639468069977316	0.9581363644659358	1.1814422770099475	0.678111342870332	0.06168384690925453	0.05052050568772394	0.24554628724493652	0.9436105216317939	0.013970651813267615	0.07872696331318152	0.8591494273375939	10.654392892878695	0.639745008405179
order.MollicutesRF9.id.11579	14	0.06198539624655511	0.05344416557208925	0.2461237442983899	1.0639468069977316	0.9581363644659358	1.1814422770099475	0.678111342870332	0.06168384690925453	0.05052050568772394	0.24554628724493652	0.9436105216317939	0.013970651813267615	0.07872696331318152	0.8591494273375939	10.654392892878695	0.639745008405179
genus.Sellimonas.id.14369	10	0.041282261227138274	0.03569478210768103	0.24746243318016858	1.0421462215061006	0.9717278419678463	1.1176676226545537	0.678111342870332	0.03806284237329513	0.022243561359769334	0.1254104898248682	0.4568510088773676	0.06360611377804161	0.045100982969424504	0.1584498260773879	3.2293585336710424	0.9545031117904542
class.Clostridia.id.1859	13	-0.0851844106804837	0.0751076076171313	0.2567253932370275	0.9183429165431592	0.7926327165208455	1.0639905403687893	0.6944751022181128	-0.09037202551302709	0.09538934302572417	0.36378256741266046	0.9084414490608724	-0.006238032190929528	0.10850112935877339	0.9541526526904289	13.971289090515024	0.302545465681573
family.FamilyXI.id.1936	8	0.04405398597332947	0.040095220451994755	0.2718840639141141	1.0450387708008049	0.9660568011725995	1.1304780745306684	0.7162871112001837	0.06240504300746315	0.04994629725794861	0.25803357002046146	0.48380883164542776	0.03086337453555056	0.0538177747985771	0.5663202773176974	7.706884682866136	0.3591486639222029
order.Bacillales.id.1674	9	-0.04202515367978633	0.03835462848493358	0.2732102282480654	0.9588456617724068	0.8894070933448525	1.0337054988421246	0.7162871112001837	-0.04156647792220105	0.04561855784332337	0.3924993824835345	0.911946903916989	-0.01984542275909761	0.054445408600873636	0.7154836957382893	9.844797920108496	0.27608854937277477
family.Ruminococcaceae.id.2050	10	0.08178044655997561	0.07491231486643306	0.2749727772853786	1.0852175204320922	0.9370227751538436	1.256849991142873	0.7162871112001837	0.07267547812853199	0.07529944856592777	0.3627335022224705	0.5512310840859149	0.060066572636773896	0.12042486526900438	0.6179281867801032	8.153632505566037	0.518741092606192
genus.Bilophila.id.3170	14	-0.06809445710187052	0.06518189664083376	0.29616923648557825	0.9341722302081593	0.8221347445760693	1.0614777704621634	0.7580281583197691	-0.07944949893468997	0.07435064681565579	0.30628458773515604	0.3080099894678117	-0.08318200985578879	0.09556411951818744	0.38406469593510195	16.736360528826822	0.21163813927096584
genus.Prevotella7.id.11182	11	0.039425582902937	0.037896803490721005	0.29818169260919825	1.0402130863663719	0.9657481897002991	1.120419666935792	0.7580281583197691	0.03951731569701982	0.02837595917737442	0.19717324871799588	0.6082281974548184	0.028669686825816623	0.0493835818984832	0.5615431189311543	5.203826548409754	0.8771527707815365
genus.unknowngenus.id.2041	12	-0.05404237000204158	0.05273647683683348	0.30547520948679585	0.9473919646519227	0.854357235081324	1.0505576564838177	0.7592797162810573	-0.07507971628842419	0.08007027972630996	0.37050650096230836	0.6757843160334587	-0.07740728403816538	0.07766147802319075	0.31889709015046863	14.744893667869206	0.19447623262389405
family.Oxalobacteraceae.id.2966	14	0.03877243186476261	0.03786649793103912	0.30587097575303257	1.0395338919415067	0.965174944844328	1.1196215963411171	0.7592797162810573	0.046684067622591995	0.033597362782122546	0.18991850574373076	0.6157436715057303	0.04812370371346282	0.05148867912305702	0.34997060700411664	7.638807879764419	0.866309496626809
family.Streptococcaceae.id.1850	17	-0.06412058881492903	0.06401164750842492	0.3164875896482946	0.9378918934392404	0.8273037020554589	1.063262743287079	0.7764986211138392	-0.10516818475016962	0.07584809041209353	0.18583871338014632	0.13406962089912627	-0.05745738485586896	0.09828956492380378	0.558835147267377	21.712645243133068	0.1527145338678679
genus.LachnospiraceaeNC2004group.id.11316	10	-0.05044941266394053	0.0515984559733584	0.32820735938460766	0.9508020259973741	0.8593470808683881	1.051989950006202	0.7959971589672669	-0.0579108070818354	0.058073658409442515	0.3478718208439125	0.2789235290140857	-0.026482914038218494	0.06841485039139085	0.6986873125141165	11.697839968739894	0.23088454058978577
genus.Prevotella9.id.11183	16	0.046435350713439696	0.047929196393683496	0.33262889784927585	1.047530354789307	0.9536048714331012	1.1507070455249786	0.7975533800704228	0.045358134355408856	0.045148643788665364	0.33211933233924146	0.7788879969015549	0.01741458815410902	0.07355293978593852	0.812840937021429	12.408615865823453	0.647873714001685
genus.Escherichia.Shigella.id.3504	12	0.06366122830148889	0.06729502733488238	0.34414758240645027	1.0657312979976201	0.9340390564734155	1.215991121206417	0.8048684293364738	0.051037621478828135	0.03883584734560049	0.21812833556037173	0.2006484415341358	0.05363945611568679	0.08693973925596397	0.537252653418075	3.7328825406986614	0.9770895996719923
family.Acidaminococcaceae.id.2166	8	-0.06826726753695807	0.07219915983882118	0.3443827370158896	0.9340108094466081	0.8107645230734719	1.0759920634613818	0.8048684293364738	-0.1635594328447181	0.08979446736554539	0.11837623950950041	0.22120826434706795	-0.14828178630027486	0.10622526219852053	0.16273910240407485	4.811676084634679	0.6829327271813914
genus.Ruminiclostridium5.id.11355	14	-0.05859621957618303	0.06333703451139662	0.35488819892626955	0.9430874925550399	0.832987363149966	1.0677401098264052	0.8048684293364738	-0.04472641673550591	0.043785035299922524	0.32717034241824433	0.2417366270450046	-0.09953182539022508	0.13115878116026788	0.4479332405851222	6.032115986051495	0.9449762941746744
genus.Intestinimonas.id.2062	17	-0.04738479530627613	0.0532167673493625	0.3732452352509057	0.9537203398635755	0.8592549011254257	1.0585711940405003	0.8048684293364738	-0.05329450265204032	0.06526932221745671	0.4269739153097797	0.7678243926135075	-0.085724437337116	0.0815524640286181	0.2931865228971494	20.640676930014656	0.19273959498873314
family.Clostridiaceae1.id.1869	11	-0.06425658037437178	0.07224306864786283	0.37376141016666564	0.9377643567302174	0.8139527226700998	1.08040917397369	0.8048684293364738	-0.06898883806644247	0.0793591509045207	0.4072555599377306	0.7004789595707316	-0.09678650909080284	0.11025358176741729	0.38002314564498585	10.801659326344174	0.3731780230659268
genus.Barnesiella.id.944	14	-0.05798500870060742	0.06534748119706202	0.3748993788234024	0.9436640940817204	0.8302187390843575	1.0726112053808885	0.8048684293364738	-0.009262105725595549	0.09773424832425574	0.9260629741309956	0.2930195540729724	-0.058862660778710094	0.09581911491480785	0.539010355751605	23.475673285768487	0.03630991366371669
family.FamilyXIII.id.1957	11	0.06601070063416695	0.0746129722286239	0.3763140877607688	1.0682381479304592	0.9229033849972966	1.236459589643005	0.8048684293364738	0.07236228881687021	0.08843504653904583	0.43434132162990075	0.47514918086619196	-0.08046841718776174	0.11958974674242746	0.5010296573419667	13.298848968980213	0.20743948771235896
phylum.Proteobacteria.id.2375	13	0.06348267257136687	0.07219608611319467	0.37923372517894427	1.065541022555483	0.9249443955361166	1.2275091089021588	0.8048684293364738	0.07607861428481724	0.05197395011299389	0.1712360704041151	0.24977094436307534	0.054803146705302216	0.09877216080803754	0.5790013274136381	6.208759259398759	0.905194825700133
genus..Ruminococcusgnavusgroup.id.14376	11	-0.04245278858378871	0.04895291378069786	0.38582324031373616	0.9584357135602112	0.8707498869262148	1.054951635159398	0.8048684293364738	-0.05661210024137147	0.05213476581311263	0.3057592191282773	0.4096648915914655	-0.0574994657927363	0.06926115978968105	0.4064350937390909	9.96531939311194	0.44354120016355003
genus.Oscillibacter.id.2063	14	-0.04306433467666461	0.05019097368806986	0.3908871908747169	0.9578497651298088	0.8681084383889134	1.0568681652973402	0.8048684293364738	-0.016117471678509295	0.0523631008246436	0.7635099200851063	0.01342880239648288	-0.07336108264764771	0.06707682330347407	0.2740920619212598	21.48806993732016	0.06381931463406024
genus.LachnospiraceaeUCG004.id.11324	14	-0.058455049172313825	0.06883995312233572	0.39580104002903715	0.9432206379951246	0.8241676118720533	1.0794711647538566	0.8048684293364738	-0.07008581927117502	0.07068956753680514	0.3410328896706448	0.13644886993527353	-0.06084591514644695	0.09673413057572783	0.5293480612492981	15.176785667029415	0.29644684049936015
genus..Eubacteriumbrachygroup.id.11296	10	0.03553185571006253	0.04208251436124857	0.3984806940746861	1.036170655554303	0.9541352248642843	1.1252593966275062	0.8048684293364738	0.037912944854731366	0.05214273537037135	0.48789391139973887	0.8499694815222321	-0.014855823102559762	0.05921952316806886	0.8019221745199374	11.666591223315205	0.2327644242951813
family.Veillonellaceae.id.2172	20	0.04306001551272261	0.05137290930554389	0.4019266622886739	1.0440005491987203	0.9439983254497906	1.154596483217174	0.8048684293364738	0.04473014519554489	0.05216812080904494	0.4024834424928016	0.7115698150190141	0.035255493563069985	0.09239661631308888	0.7027826148673177	18.571202884999877	0.48463665904443076
genus.ChristensenellaceaeR.7group.id.11283	10	-0.07187138569814747	0.0859594872589986	0.4030943397932688	0.9306505830893056	0.7863510319432087	1.101429860992433	0.8048684293364738	-0.05794829668218323	0.08611808167536494	0.5199750353414301	0.40199087145310175	-0.1216008522457806	0.1207207128260608	0.313795093956606	8.521372526591534	0.4825739309570547
genus.RuminococcaceaeUCG011.id.11368	8	0.03469885421425322	0.04205949617252897	0.4093746970471356	1.0353078832435145	0.9533837712942098	1.1242717207689863	0.8048684293364738	0.026428530124035426	0.05624614351908026	0.6550374191581271	0.6469435202928846	0.05314040111525374	0.06476342148089874	0.4119134105829446	10.10795223315413	0.18253801284572715
genus.Dorea.id.1997	11	-0.06186924352939027	0.07515742354442037	0.4103968980193866	0.9400057905952109	0.8112509875249906	1.089195452381878	0.8048684293364738	-0.033397657240326284	0.10491869762782849	0.7575052082007399	0.5030389421990765	-0.07096743579263512	0.11953169937724901	0.5527045793290821	15.689969407479042	0.10885800389725049
genus.Holdemania.id.2157	16	0.03875415993949721	0.04731082714165871	0.4127069164177022	1.0395148978294524	0.9474557345611448	1.1405189534368054	0.8048684293364738	0.036789324164824	0.04080544341116668	0.382529367184503	0.8571545996623844	-0.00760018441818015	0.06816562108935545	0.9112231498581418	9.71958586808915	0.8369981752728624
genus.Butyricicoccus.id.2055	8	0.06713497677269768	0.08276615462292924	0.41728501280446706	1.069439817968345	0.9092941077205616	1.2577905372368716	0.8048684293364738	0.030742202531937837	0.12885597738698248	0.8193724012704827	0.4566710266824824	0.08056862066179073	0.1339813483699048	0.5476121778197857	14.049768948337114	0.05030321170658705
genus.RuminococcaceaeUCG009.id.11366	12	0.04058413025398754	0.050219064860264895	0.4190089022015526	1.0414189208554105	0.9437960009558348	1.1491396102730465	0.8048684293364738	0.04185199143365195	0.05638494868886724	0.4750063855854255	0.7934325573175522	0.030377230030924216	0.07240306640014664	0.6748089379801012	12.608780603022163	0.31966207325201573
class.Mollicutes.id.3920	13	-0.04831119834434091	0.05989677969583583	0.4199118316058932	0.9528372195690831	0.8472928566383009	1.0715288815230883	0.8048684293364738	-0.050707693190219845	0.058358079058143796	0.4034588814374233	0.830921780960787	-0.06630727137804636	0.08749536818592521	0.44854826782919555	10.11757012137179	0.6056469759585541
phylum.Tenericutes.id.3919	13	-0.04831119834434091	0.05989677969583583	0.4199118316058932	0.9528372195690831	0.8472928566383009	1.0715288815230883	0.8048684293364738	-0.050707693190219845	0.058358079058143796	0.4034588814374233	0.830921780960787	-0.06630727137804636	0.08749536818592521	0.44854826782919555	10.11757012137179	0.6056469759585541
genus.Lactococcus.id.1851	10	0.033319209109519465	0.04207960652929232	0.42846931052630866	1.033880510650718	0.952031820658532	1.1227659486885766	0.8048684293364738	0.07978836692359349	0.04575472814136421	0.11934789251556882	0.15554779826746973	0.074136093508352	0.059487521518283834	0.21267404803982182	7.176499946602011	0.6187490009622885
genus.Turicibacter.id.2162	12	-0.04346150799760029	0.05509682966599472	0.43021693383704784	0.9574694082964281	0.8594597419768453	1.0666557408668131	0.8048684293364738	-0.03963982186223988	0.05799311630620529	0.5098012634173459	0.35882272526728776	-0.06372297380515356	0.08180341920017979	0.43599332303651117	12.047059439806597	0.3601163297691768
genus.Parabacteroides.id.954	6	-0.08151015793357982	0.10446106446227806	0.4352188796469131	0.9217233470017959	0.7510719364317928	1.1311485454301027	0.8048684293364738	-0.07724375389402885	0.10601490375573384	0.5066051187409714	0.46543411413865493	0.0008290678797623875	0.1370621040290521	0.9951737467337458	4.777037800247693	0.44369234488250053
genus..Eubacteriumrectalegroup.id.14374	11	-0.05994303035078729	0.07711554943509441	0.4369732759503706	0.9418181871076646	0.809701589480308	1.0954918566185432	0.8048684293364738	-0.06045249083436546	0.0987270689879961	0.5554790594229675	0.9812623566979545	-0.007778905226790426	0.12051122378055289	0.9485329186834304	14.078552848539175	0.16943863103278958
genus.Paraprevotella.id.962	13	-0.03468988282682258	0.04462829883366886	0.43697774878761564	0.9659049135168825	0.8850055626260355	1.0541993647900827	0.8048684293364738	0.009585667372939505	0.04140684813054614	0.821176671730976	0.01915907593883151	-0.011389377618364619	0.06412422964330786	0.8590259244824273	13.517931258969554	0.3325445779294942
genus.Veillonella.id.2198	9	0.05150100579214568	0.06650121427116781	0.4386723666999739	1.052850245240108	0.9241865126624522	1.1994263319302727	0.8048684293364738	0.04949141229297646	0.0686738527516637	0.4944678789523983	0.8914850607413307	0.07606620097454128	0.09183324018345639	0.40749613366574244	7.1658898829455095	0.5188449004306821
genus.Adlercreutzia.id.812	10	-0.047057351939703146	0.06149834797084308	0.4441639216358213	0.9540326803965566	0.8456970216455437	1.0762463766203503	0.8066055797126195	-0.002908382206137955	0.06953669126622623	0.9676631208359171	0.24095390546309872	-0.10870918537319946	0.08400347099036107	0.1956296746133116	9.193236271399222	0.4196315253980598
genus..Eubacteriumoxidoreducensgroup.id.11339	5	0.050354247392168566	0.0666271814000546	0.4497923041131856	1.0516435723908106	0.9228994135513806	1.1983474982339821	0.8066055797126195	-0.06862425343662704	0.13807158165896952	0.6533166148568402	0.4366095444907016	0.02188176556975128	0.08147933250857801	0.7882713571661265	1.2009413370978996	0.8779436084224216
genus.Eisenbergiella.id.11304	12	0.03318651222495966	0.04407580923401538	0.4514849825446028	1.0337433270300684	0.9481883890211259	1.127017878042573	0.8066055797126195	0.06651207710884292	0.06251641893073903	0.31238331086139826	0.4059283237140247	0.01699182209210194	0.06384232920867575	0.7901214429788364	13.466952939766216	0.2639035068743728
genus.Ruminiclostridium9.id.11357	12	0.059407495063817345	0.07950107373419374	0.45491025585688016	1.06120758949859	0.9080874363700793	1.2401466014231424	0.8066055797126195	0.07569556310579159	0.08623497254223456	0.400659362066346	0.6708699932992804	0.08608292602477924	0.10808770048239591	0.4257894646213217	9.758801876448398	0.5522048437776046
genus.Eggerthella.id.819	10	0.0341446206908704	0.04816742317165022	0.47840284160590363	1.0347342398884716	0.9415163842756035	1.1371814288939255	0.8411916631570473	0.06394738015577464	0.07727209885229783	0.43191059820776445	0.4031424713495262	-0.003967935821279836	0.07074788836072936	0.9552736373307829	18.280374711265438	0.03205656578097758
genus.Oxalobacter.id.2978	12	0.02605387734718128	0.03855240200295142	0.4991649322806989	1.0263962464906913	0.9516967540663623	1.1069589659824766	0.8583154852249985	0.02054331279764284	0.05027973535075316	0.6914596927247478	0.5384491190360603	0.03292725916274583	0.05502476605023676	0.5495677416825081	17.175310420259375	0.10279583430258356
genus.Desulfovibrio.id.3173	11	-0.04044428389762596	0.06039795732492246	0.5030936877124041	0.9603626706856976	0.8531462604422029	1.0810531581871095	0.8583154852249985	-0.04208780680196355	0.055266109395217936	0.46581578893843856	0.8014820135471156	-0.08162483641548701	0.08213032921079093	0.320298219346137	7.491611514896852	0.6783602831957528
genus.Holdemanella.id.11393	13	-0.030080092463661376	0.04521464765134043	0.5058757810050514	0.9703678112874023	0.8880734709463899	1.0602880504686822	0.8583154852249985	-0.031707260573159445	0.04813148678007037	0.5235975689068922	0.861046072354679	-0.018351816134444268	0.06427881388642417	0.7752585449582895	12.056429862331958	0.44115839260748446
family.ClostridialesvadinBB60group.id.11286	16	0.03349622310990132	0.050659347446059697	0.5084807376925347	1.0340635381745644	0.9363217628169943	1.1420084883694974	0.8583154852249985	0.031388398827042606	0.04627040196305024	0.5085962862341479	0.691788322996592	0.01203179650501015	0.08373207452625865	0.885742111333617	11.666229820365272	0.7040968937916118
genus.unknowngenus.id.1000000073	16	0.03349622310990132	0.050659347446059697	0.5084807376925347	1.0340635381745644	0.9363217628169943	1.1420084883694974	0.8583154852249985	0.031388398827042606	0.04627040196305024	0.5085962862341479	0.691788322996592	0.01203179650501015	0.08373207452625865	0.885742111333617	11.666229820365272	0.7040968937916118
genus.CandidatusSoleaferrea.id.11350	11	-0.030537759294208437	0.04801318230361516	0.5247577516409628	0.9699238077373443	0.8828114835284916	1.0656320294516732	0.8711539968712808	-0.0242475726285268	0.06473823133952694	0.7166695652087895	0.3739245025639326	-0.09128092986798417	0.06750919686658291	0.17633506070748783	17.759857036940033	0.05915216740734589
genus.Flavonifractor.id.2059	6	0.05451311833466549	0.08574445346023171	0.5249311549761282	1.0560263296296668	0.892663123636618	1.2492860737070994	0.8711539968712808	0.04774112956905342	0.1177337280795792	0.7058618969093395	0.644376109833677	0.03617484096518117	0.11466517053049606	0.7523954268280655	7.902951241129937	0.16166590328422065
family.Victivallaceae.id.2255	13	0.021319708491348198	0.03416273223236834	0.5325859940470212	1.0215485971959017	0.9553865588988699	1.0922924618446284	0.8711539968712808	0.030968801790393307	0.028359826299577114	0.29817485007540184	0.11049702311335469	0.04664907533871887	0.04570507980582027	0.30741836641854225	9.285622932794581	0.6783601983326344
genus.Enterorhabdus.id.820	9	-0.03570849871910392	0.058341150490795184	0.5404956325876242	0.9649215283524482	0.8606587852016284	1.0818149676586406	0.8711539968712808	-0.03756333840367964	0.05719000542929896	0.5322906537749744	0.9090754085231187	-0.009839625045149583	0.08877764263220124	0.9117475920845703	6.234234567420394	0.6210123212327585
genus.LachnospiraceaeUCG008.id.11328	11	-0.02994852191516175	0.04942738529065553	0.5445748559701227	0.9704954915118742	0.8808867599800594	1.0692197247534918	0.8711539968712808	-0.05526546070011817	0.04619047291970919	0.2620806066282592	0.002467769285105933	-0.03490742196374794	0.08084648668518125	0.6659055789870796	22.533991219090588	0.012603734295996098
genus..Eubacteriumcoprostanoligenesgroup.id.11375	14	-0.04445456293246471	0.07365973211060695	0.54616785792711	0.956519060527408	0.8279291980377688	1.1050808635818852	0.8711539968712808	-0.05726341331340016	0.06157802569081558	0.3707358972493871	0.4263968861154766	-0.04154441741510475	0.09889119593517734	0.674410733248139	8.294472221868617	0.8239007926596802
genus.Catenibacterium.id.2153	4	0.03428729951652809	0.060220560302698796	0.5691104896724648	1.034881885087358	0.9196657421779157	1.1645323588391039	0.8711539968712808	0.045059480246226545	0.06624141121082888	0.5665394684798183	0.7953426558550167	0.06428398084034753	0.07043453611527045	0.3614124459726583	1.7617533388283868	0.6232929895415167
genus.Allisonella.id.2174	9	-0.02149189101453522	0.03778003318141077	0.5694450207529875	0.9787374140044329	0.9088813184862583	1.0539626088558096	0.8711539968712808	0.025858037370572136	0.053332907347052455	0.6425921381279186	0.21354307572754244	-0.024492063547425783	0.05476069831772751	0.6546900652213998	10.235775043766582	0.24886607913346653
genus.RuminococcaceaeUCG003.id.11361	13	-0.036418497511221525	0.06415943901935044	0.5702896708944301	0.9642366783829246	0.8502957932372422	1.0934458094861161	0.8711539968712808	-0.03778885042666126	0.09365424805264844	0.6943179804880486	0.940402086726378	-0.0374094685035054	0.09827618102601542	0.7034581403466942	22.59266923854986	0.031389959500816786
genus.Alistipes.id.968	12	-0.04734161261359029	0.0850255953317575	0.5776692181679863	0.9537615249651554	0.8073550218865576	1.1267175181226239	0.8711539968712808	-0.04088865219108148	0.07513240232316121	0.5982135227109214	0.8702697041018476	-0.08245367778279178	0.11128655576069908	0.4587460733785498	5.772903933193786	0.888078782490572
family.Peptococcaceae.id.2024	10	0.03401970519880193	0.06150224286015072	0.5801636007938444	1.0346049936243342	0.9171129042473491	1.1671490913224738	0.8711539968712808	0.025199285069860126	0.0745020108691529	0.7438904885720368	0.6483870085945757	0.015621347723357952	0.08687972331684027	0.857306208736214	11.314661333910712	0.2547555881793751
genus.Oscillospira.id.2064	9	-0.037382574913892554	0.068370574263491	0.5845408158783248	0.9633075275490965	0.8424938634927013	1.1014458773453044	0.8711539968712808	-0.04403573498719687	0.06862362943649661	0.5415029335323024	0.22850858205673874	0.03456777114845479	0.09391728191847945	0.7128239199909303	8.758459691339054	0.3630800733031998
genus.unknowngenus.id.959	16	0.019286178957314288	0.035432261945943844	0.5862273033859902	1.0194733586975757	0.9510762370986081	1.092789293384856	0.8711539968712808	0.010254351811449867	0.037872788825409516	0.7905282815104564	0.1911633688041471	0.04131420911203108	0.04627636024665927	0.37197962615550295	17.603558206175016	0.2840806539669341
genus.Senegalimassilia.id.11160	8	0.03458745738232828	0.06385725038604866	0.5880685128731968	1.0351925596487153	0.913407877978276	1.1732147941661892	0.8711539968712808	0.05594795513305468	0.05612896573053096	0.3573592306422009	0.5276940772620524	0.030985263034501907	0.08044762832949566	0.7001183749127717	3.37581390815897	0.8481987816621969
genus..Eubacteriumnodatumgroup.id.11297	11	-0.019594260011766052	0.03643995184502547	0.5907747446204353	0.9805964597984158	0.9130025863127695	1.0531946254966893	0.8711539968712808	-0.010737731058867507	0.03608414993153147	0.7727822496763843	0.47787736344711174	-0.02284163323433787	0.04952617619393033	0.6446527928975541	8.334127275006702	0.5962353896419534
family.Pasteurellaceae.id.3689	16	0.02379832664594317	0.04459067449548049	0.5935447071310405	1.0240837666553249	0.9383808439584919	1.117613992100363	0.8711539968712808	0.030086437065690412	0.06932297414940165	0.6708992926606732	0.8465076595565248	0.0011948060959637362	0.07601629729654827	0.9874595564379275	26.75184172778075	0.030824515730623295
order.Pasteurellales.id.3688	16	0.02379832664594317	0.04459067449548049	0.5935447071310405	1.0240837666553249	0.9383808439584919	1.117613992100363	0.8711539968712808	0.030086437065690412	0.06932297414940165	0.6708992926606732	0.8465076595565248	0.0011948060959637362	0.07601629729654827	0.9874595564379275	26.75184172778075	0.030824515730623295
family.Bacteroidaceae.id.917	9	0.046245549941907466	0.08688189333662508	0.5945316376751869	1.0473315515868618	0.8833418908184737	1.241765380257231	0.8711539968712808	0.04820734765119468	0.1282690663556052	0.7181740430028015	0.9335940198095791	0.02737348228703036	0.1260589403003344	0.8280927881235539	14.794768569562782	0.063261072235247
genus.Bacteroides.id.918	9	0.046245549941907466	0.08688189333662508	0.5945316376751869	1.0473315515868618	0.8833418908184737	1.241765380257231	0.8711539968712808	0.04820734765119468	0.1282690663556052	0.7181740430028015	0.9335940198095791	0.02737348228703036	0.1260589403003344	0.8280927881235539	14.794768569562782	0.063261072235247
genus.LachnospiraceaeUCG001.id.11321	14	0.024362204094289578	0.05233035207252795	0.6415402569130106	1.0246613872348638	0.9247745638147392	1.135337194136331	0.9335516841975534	0.027311668920933035	0.061487266942589595	0.6648137212857832	0.32757383929269157	0.025345563929126916	0.07518414118384889	0.7360315921156313	17.96533004560866	0.15884030329152624
family.Lachnospiraceae.id.1987	16	-0.03174156233659479	0.07141172189046506	0.6566907249878664	0.968756913003339	0.8422246145073363	1.1142988940553982	0.9490530340578069	-0.048937050905706575	0.05585746476045988	0.39575633634437263	0.14693635050672496	-0.04288944738567601	0.09424724844980982	0.6490561928149852	9.605842082891343	0.8437741723158461
genus..Ruminococcusgauvreauiigroup.id.11342	13	0.026506583955571247	0.063533472959411	0.6765273013510489	1.0268610080466807	0.9066316566951859	1.1630340966586767	0.9710697998984442	-0.028445992815089624	0.07639107531719028	0.716689652233516	0.22353256943089603	0.0621462387219021	0.09211892612803063	0.4999105397198853	12.614492108713742	0.39767210981365453
genus.Faecalibacterium.id.2057	12	0.02542596389742091	0.06222716178739239	0.6828338724317762	1.025751960781736	0.9079742378403521	1.1588072009071444	0.9724546984455155	0.027769476084663947	0.049129610173653394	0.584375370642047	0.7537153086659991	-0.01739379532594982	0.09087746107516931	0.8482135193694541	6.160468189987213	0.8624455100308667
family.Rhodospirillaceae.id.2717	15	-0.019047353779877093	0.047225909484498375	0.6867097159638947	0.9811329007913377	0.8943928807937752	1.0762851423424755	0.9724546984455155	-0.011699033688736676	0.034581607820388376	0.7405367314181958	0.04213985278263864	-0.044236539194620644	0.06985153974969147	0.5265418746805205	9.607259848868631	0.7902968974421811
genus.Anaerostipes.id.1991	13	0.02988510025872913	0.07569487819979319	0.6929830616795054	1.0303361417959185	0.8882723691419316	1.1951205530758482	0.9747961734291709	0.034914285869964944	0.07134810960355693	0.6342048331250568	0.756816529283735	0.03765868745514187	0.10485853286403368	0.71949182914901	9.376349547389617	0.6704932743975991
genus.Coprococcus2.id.11302	11	-0.0246333510424028	0.0657791820524647	0.7080431293052276	0.9756675739550916	0.857648833820699	1.1099265542363288	0.9843281570141034	-0.018680129322237626	0.08032991543057443	0.8213185718946657	0.0525269020645634	-0.11755676610410178	0.09371104545378225	0.2096748248161734	20.82856532668848	0.022321220738547944
genus.unknowngenus.id.2071	16	0.021002112389104325	0.0571246461601672	0.713131143467554	1.021224208858142	0.9130522290218893	1.142211640921295	0.9843281570141034	2.019017328339784e-05	0.06937642495851898	0.9997719030484749	0.5863283951118887	0.07895276533462464	0.0820104770886737	0.3356902678062921	14.88394521060928	0.4598087707283779
genus.Butyrivibrio.id.1993	16	-0.010800163008832606	0.02972364337298935	0.716341507556068	0.9892579493558515	0.9332720783127721	1.0486023455592668	0.9843281570141034	-0.001883883386472513	0.02925192283982548	0.9495606571472651	0.09673821178104089	-0.005757753995397119	0.044045459906439634	0.8959944489565934	16.14120703549256	0.37272953985080903
phylum.Euryarchaeota.id.55	13	-0.012389643825385687	0.03582385023970635	0.7294561762421397	0.9876867918159	0.920715319095994	1.0595296705668005	0.9843281570141034	-0.016528694642264134	0.04363579072578328	0.7120548689626495	0.5317866716225941	0.016132369786097618	0.057919403806928935	0.7806045022560765	16.57319734822699	0.16636958638067906
genus.Ruminiclostridium6.id.11356	17	0.019439740327572556	0.05839272171172668	0.7391993851458468	1.019629922444243	0.9093638460337383	1.1432664530024446	0.9843281570141034	0.015862451686744033	0.06941155936961023	0.8223224311428681	0.9347187275915023	-0.011210711739006885	0.08601734475294374	0.8963046910867909	13.086998891533192	0.6663863530376355
genus.Parasutterella.id.2892	16	0.01608403237070204	0.050473369281268894	0.7499815173478324	1.0162140766962338	0.9204949436046779	1.1218867163262614	0.9843281570141034	0.01756205505373472	0.07717351733873101	0.8232735819748981	0.5337130821214523	0.04808618944886837	0.080635394478464	0.5509474657345972	33.65107756206076	0.0038109052495320112
genus.Subdoligranulum.id.2070	11	0.022777643894616353	0.07409474044140514	0.758529471421689	1.0230390352791332	0.8847518689355109	1.1829405559369848	0.9843281570141034	0.03358763333990243	0.11050282399809071	0.7680739152698403	0.7596410366818233	0.07959870113468666	0.11228700449598476	0.4783951370364433	18.292098670028007	0.05023175778088417
genus.Butyricimonas.id.945	14	0.017926026216310634	0.059933689799295704	0.7648655336688484	1.0180876618077044	0.9052501127453437	1.144990177335286	0.9843281570141034	0.022663304194394374	0.08838266731220858	0.80196789503315	0.8467790962304153	0.0950563499711716	0.09649615366209131	0.3245851891952909	24.25152408685399	0.02889369752940975
genus.Alloprevotella.id.961	5	0.014208505561454868	0.050897925375712694	0.780124440755136	1.0143099261523227	0.9180059304705508	1.1207167537183298	0.9843281570141034	0.002683925560517551	0.06078054719387333	0.9675535462771453	0.3216055461950131	-0.011673161407834615	0.07343288199036617	0.8736974863540965	6.116960609314828	0.19058219449358793
genus.Romboutsia.id.11347	14	0.016760278452251788	0.06352988452355515	0.7919207535958961	1.0169015198978033	0.8978445835389679	1.151745769957726	0.9843281570141034	0.032868181490014914	0.05850858905017911	0.5846148016585159	0.08283560987198253	0.011303270869369546	0.09099365744681502	0.9011407500779225	12.935066833567108	0.4528397471643254
genus..Eubacteriumruminantiumgroup.id.11340	18	-0.010551330908802111	0.04044298917214175	0.7941742959788627	0.9895041391175491	0.914096082757311	1.07113295833991	0.9843281570141034	0.0015450825069875523	0.051896080719259156	0.9766166054438665	0.6302125825325108	-0.02660760880228702	0.06492864451125831	0.6819543578811307	20.71107169241932	0.23948144673092217
genus.Gordonibacter.id.821	12	-0.009022287441249513	0.03552433201154631	0.7995149760710597	0.9910182912648038	0.9243634151887142	1.0624795805239722	0.9843281570141034	-0.015060760888490496	0.04163594266584321	0.7250838967050935	0.2983056339850279	-0.041822809139135775	0.04999004979635308	0.4028046963434372	15.12128987953792	0.17701129486348868
order.Lactobacillales.id.1800	17	0.015970766405239353	0.06292088550017451	0.799632322383192	1.01609898074607	0.898207499240887	1.1494639485261207	0.9843281570141034	0.02359306752351688	0.06390196973662153	0.7171330968543068	0.5375979470705451	0.04587662034441958	0.09192122166300785	0.617718604363021	15.314265645950824	0.5017528171704648
genus.unknowngenus.id.826	14	0.014674981123037788	0.05857504080208297	0.802175182281508	1.0147831873185462	0.9047178979488711	1.1382386925240031	0.9843281570141034	0.005210738566194813	0.07875348069178931	0.9483358802253024	0.3372142858427657	-0.006564906641879462	0.09643566677406411	0.9457255298994168	23.158556913022856	0.03981240476735574
family.Alcaligenaceae.id.2875	16	-0.016272769283477654	0.06736625476426787	0.8091236873837905	0.9838589169590671	0.8621632607574635	1.1227321002166573	0.9843281570141034	-0.010080489084630802	0.08420414800831376	0.9064099894475288	0.2901800110656319	0.00893842781544886	0.10245563599221258	0.9304792080302207	23.654833938278983	0.0711916535082524
genus.Streptococcus.id.1853	17	-0.014808181454898844	0.06378855456653988	0.8164255471938122	0.9853009204665167	0.8695027796068113	1.116520759497938	0.9843281570141034	-0.08527602596688087	0.09180157201842516	0.36764028517075803	0.10383615401524954	0.07655489286227586	0.09851827482691909	0.4371216819207454	29.953585551593022	0.018244353741608706
genus..Eubacteriumfissicatenagroup.id.14373	9	-0.010247885568741231	0.04469530479625517	0.8186487569546312	0.9898044450984561	0.9067842919836576	1.080425464134881	0.9843281570141034	-0.3999441377605853	0.2187223913920368	0.11017980757467125	0.11226844884751717	-0.013350211526040908	0.06302680937241897	0.8322490397993813	9.158391559280584	0.3291110460684502
family.unknownfamily.id.1000006161	13	0.008641444977347371	0.040124387575235856	0.8294816628309905	1.0086788900451098	0.93239162442867	1.0912078965167393	0.9843281570141034	0.010627826296598666	0.030491573637212534	0.7340070580006156	0.5768265228936399	0.01740273374712365	0.05446592519164096	0.7493352717280695	6.459361086377749	0.8911807712776569
genus.unknowngenus.id.1000006162	13	0.008641444977347371	0.040124387575235856	0.8294816628309905	1.0086788900451098	0.93239162442867	1.0912078965167393	0.9843281570141034	0.010627826296598666	0.030491573637212534	0.7340070580006156	0.5768265228936399	0.01740273374712365	0.05446592519164096	0.7493352717280695	6.459361086377749	0.8911807712776569
order.NB1n.id.3953	13	0.008641444977347371	0.040124387575235856	0.8294816628309905	1.0086788900451098	0.93239162442867	1.0912078965167393	0.9843281570141034	0.010627826296598666	0.030491573637212534	0.7340070580006156	0.5768265228936399	0.01740273374712365	0.05446592519164096	0.7493352717280695	6.459361086377749	0.8911807712776569
family.Defluviitaleaceae.id.1924	12	0.01134983153435217	0.05547592465395214	0.8378922984317855	1.011414485243659	0.9072084961685071	1.1275900361174407	0.9843281570141034	-0.022346487213867446	0.06262196890198816	0.7286211666214705	0.03695497027438317	0.02343522976602412	0.0816478143458756	0.7740906848648492	19.110070568686318	0.059146098488490506
class.Erysipelotrichia.id.2147	13	0.0159233485029469	0.07826295937047173	0.8387758387845192	1.0160508006061912	0.8715587080987971	1.1844976360392894	0.9843281570141034	0.010173627745839964	0.0849327312556122	0.9068135880856404	0.25906526716952655	0.11557344958938799	0.11329179206094601	0.30766223246381486	14.57545416605182	0.2654782647359491
family.Erysipelotrichaceae.id.2149	13	0.0159233485029469	0.07826295937047173	0.8387758387845192	1.0160508006061912	0.8715587080987971	1.1844976360392894	0.9843281570141034	0.010173627745839964	0.0849327312556122	0.9068135880856404	0.25906526716952655	0.11557344958938799	0.11329179206094601	0.30766223246381486	14.57545416605182	0.2654782647359491
order.Erysipelotrichales.id.2148	13	0.0159233485029469	0.07826295937047173	0.8387758387845192	1.0160508006061912	0.8715587080987971	1.1844976360392894	0.9843281570141034	0.010173627745839964	0.0849327312556122	0.9068135880856404	0.25906526716952655	0.11557344958938799	0.11329179206094601	0.30766223246381486	14.57545416605182	0.2654782647359491
genus.Fusicatenibacter.id.11305	18	0.012962694026595879	0.06419052382390214	0.8399629043006983	1.0130470739476558	0.893283988282422	1.1488668637251358	0.9843281570141034	-0.02537481892234913	0.06821787132437011	0.7147975923037599	0.38515833373046376	0.012265405280902367	0.0890832091615474	0.8904895200090281	11.455453275309358	0.8319321792822547
genus.Marvinbryantia.id.2005	11	-0.013939458972808561	0.06937150373321034	0.8407460647825629	0.9861572454282692	0.8607875041021836	1.1297865130198566	0.9843281570141034	-0.005894398417258164	0.06238077791034345	0.9267897127474181	0.5956916860496662	-0.07825226870473842	0.10400546321201079	0.4518188808713237	7.108547937627801	0.7151591708062274
genus.Hungatella.id.11306	6	-0.010614313728408431	0.054453414015116	0.8454519211683987	0.9894418193194142	0.8892801131430681	1.1008849735298316	0.9843281570141034	-0.001414330085461244	0.06861080963282178	0.9845410121880671	0.8065107257908405	0.023831389989762558	0.07170088958994612	0.7396081479070571	4.76268063587516	0.445524043167586
genus..Eubacteriumeligensgroup.id.14372	7	0.01806292801184527	0.09499624104601671	0.84919659918064	1.0182270493776042	0.8452441956508144	1.226611586827787	0.9843281570141034	0.017753529271110458	0.05020828538643797	0.7380614335026863	0.9508475962072847	-0.013527847826515199	0.12403338849926963	0.9131499995941399	1.3852447626100595	0.9667498479184943
genus.Coprobacter.id.949	13	0.008889094954877984	0.047422528216921424	0.8513120875479747	1.0089287202835147	0.919376955766588	1.10720326002098	0.9843281570141034	-0.0038677766798669837	0.06336285978849739	0.9524209567915843	0.38913886889642246	0.06367697045402107	0.07427444460119803	0.3912680314592135	20.01034687576366	0.06689048775419164
class.Verrucomicrobiae.id.4029	13	-0.010997524185819913	0.060497507970685996	0.8557516551370432	0.9890627275078632	0.8784707741498584	1.1135772614541353	0.9843281570141034	0.007960894585720813	0.05926367602821536	0.8955678539313575	0.5539150345479225	-0.02662244413233213	0.0849680604859421	0.7540353089065412	7.91733017464424	0.7915569246335258
order.Verrucomicrobiales.id.4030	13	-0.010997524185819913	0.060497507970685996	0.8557516551370432	0.9890627275078632	0.8784707741498584	1.1135772614541353	0.9843281570141034	0.007960894585720813	0.05926367602821536	0.8955678539313575	0.5539150345479225	-0.02662244413233213	0.0849680604859421	0.7540353089065412	7.91733017464424	0.7915569246335258
family.Verrucomicrobiaceae.id.4036	13	-0.010898952004950216	0.06049718484213	0.8570298253503587	0.98916022638319	0.8785579276165031	1.1136863292701844	0.9843281570141034	0.008088284988302118	0.05925536831383213	0.8938931429197484	0.553156179550755	-0.02662164699946842	0.08500129439137152	0.7541354966336157	7.9179195584810875	0.7915113502069789
genus.Akkermansia.id.4037	13	-0.010864130528008968	0.06048189496992925	0.8574460661996922	0.9891946710029069	0.8786148509004514	1.1136917343677084	0.9843281570141034	0.00810491085371918	0.059220584936779765	0.8936144860840611	0.5529601993831069	-0.026640678401632235	0.08543512194263907	0.7551746665438377	7.918110311650107	0.7914965993576281
phylum.Verrucomicrobia.id.3982	12	-0.011068859680337476	0.06202862896378641	0.8583714734151423	0.9889921747455755	0.8757759615164312	1.1168444495945802	0.9843281570141034	-0.03579413076923742	0.07578945211279454	0.646861944495482	0.4888729757910249	-0.020211228068166876	0.09918028370417363	0.8385232962696131	12.463497112827445	0.3298301845199108
genus.ErysipelotrichaceaeUCG003.id.11384	17	-0.008781826091417283	0.056500111314467416	0.8764821425701927	0.9912566215142882	0.8873444467448552	1.1073373967690496	0.9903170214198201	-0.04396276295638006	0.04138970326731623	0.30496253935306433	0.018299580946731193	-0.011671895916178036	0.08277758456106943	0.8878674944875395	10.592057144723677	0.8339384242087957
genus.Clostridiumsensustricto1.id.1873	8	-0.011327382155449683	0.07534854393999378	0.8805017991310086	0.9887365310869332	0.8529873784337448	1.1460895584421082	0.9903170214198201	-0.006793991494661117	0.08361030667869586	0.9378796755407024	0.744424595154104	-0.0067424207109695	0.10149197730018215	0.9470330652109937	7.341495984498841	0.39420991528879706
genus.RikenellaceaeRC9gutgroup.id.11191	12	-0.005239661314567718	0.03505444765833716	0.8811811363165404	0.9947740417671624	0.9287214917367537	1.0655243826900385	0.9903170214198201	-0.0013179303312876312	0.021813927939696588	0.9530139819676855	0.6337326938588764	-0.011713377147702127	0.042805224770922835	0.7843585003107101	3.435145050536934	0.9836370186991312
genus.Terrisporobacter.id.11348	6	0.009241639560495264	0.07151094067667509	0.8971725528340807	1.0092844753673862	0.8772881264231788	1.1611409313959524	0.9903170214198201	0.015324468790965072	0.05318175573789056	0.7875441551727337	0.649971177133357	-0.008063476362498562	0.08484253557776106	0.9242826641411055	2.2170147205495407	0.8183745296026509
genus.RuminococcaceaeUCG014.id.11371	13	-0.007565434471322833	0.06179255299907536	0.9025562736585042	0.9924631113953908	0.8792563036107478	1.1202456251217028	0.9903170214198201	-0.011480631052398878	0.05153300631601541	0.8277878549507965	0.8224227953530054	0.016448893958733862	0.12363390445404829	0.8941576567297529	6.847425116765207	0.8675293757241345
genus.Methanobrevibacter.id.123	7	0.006193702613893883	0.05067663666838945	0.9027247237224032	1.0062129232517434	0.9110727703668339	1.1112882305890457	0.9903170214198201	0.02023934509821579	0.03867991425717661	0.623151568424015	0.03306742973739364	0.009515169189225226	0.07466227119815715	0.8985899397783907	7.7535404445881495	0.2567213571051789
genus.LachnospiraceaeND3007group.id.11317	3	0.01754637868506342	0.1530914946641934	0.908751340732094	1.0177012207006535	0.7538868784151256	1.3738344627949428	0.9903170214198201	0.0413682252418936	0.23652314629271048	0.8897693006674803	0.7875454353697344	0.07283594907230406	0.1888084750561343	0.6996697469482032	2.4481953807925123	0.2940228803369532
genus.Dialister.id.2183	12	0.007399191166362733	0.06457731817524967	0.9087789897864426	1.0074266328215853	0.8876547980916044	1.1433593585031245	0.9903170214198201	0.007362764360762064	0.059100693266097445	0.9033247814716684	0.5810577685521127	-0.014011069913178666	0.08656598233799957	0.8714206512078988	8.648187641974332	0.6543298803994457
genus.Erysipelatoclostridium.id.11381	15	0.005892089967636759	0.05157443921596566	0.9090440699505088	1.0059094824723518	0.9091967051634482	1.112909759990707	0.9903170214198201	0.023148559393280373	0.05691803984166464	0.6908447481932485	0.2504154390324143	-0.05277349272649802	0.07319299995597638	0.4708982528300262	16.478588896321146	0.2850289558609733
genus..Eubacteriumxylanophilumgroup.id.14375	11	-0.007050958784059067	0.06574423513807644	0.9145919824489037	0.9929738409044022	0.8729214889554472	1.129536918492294	0.9903170214198201	-0.07593541802856556	0.07678711154023117	0.3485474673597407	0.00591818129981257	-0.06319827310631253	0.10532227512806787	0.5484751793288796	27.905909349478637	0.0018689296819675498
genus.RuminococcaceaeUCG004.id.11362	11	-0.005617245896315412	0.06011525491159043	0.9255530034702115	0.9943985013302694	0.8838718918896973	1.1187462668756147	0.9903170214198201	0.008666727725019342	0.11672632446865094	0.9424369189356507	0.6549126436244854	-0.19995158195331195	0.10842201158053756	0.0651543904634083	32.3024319201034	0.00035651029096492483
genus.RuminococcaceaeUCG002.id.11360	21	0.003869802172584106	0.05246720033884466	0.9412040631617736	1.0038772995249823	0.9057735848735312	1.1126065601066086	0.9903170214198201	0.005472867742192903	0.05376002629582911	0.9199806813029702	0.9471782062210357	-0.01722404034026742	0.09295378034035882	0.8529962284342124	16.015958699063564	0.7156337131999932
genus.Odoribacter.id.952	9	0.005404860505894878	0.08134570950404468	0.9470250630786415	1.0054194931149645	0.8572439628527705	1.1792073212992302	0.9903170214198201	0.005219302132494963	0.09069180796089903	0.9557155158078287	0.9866526957821493	0.002654058703618248	0.12088643885414656	0.982483871875153	8.580078444627203	0.3789475624607599
genus.Peptococcus.id.2037	17	0.0022785168755545815	0.03642318038678352	0.9501194466829012	1.002281114667794	0.9332231643200389	1.0764493116195404	0.9903170214198201	-0.000275301177878435	0.036166475695757205	0.9940268343465785	0.8587529013430177	0.02925833063747868	0.050711385401561296	0.5639679462201621	12.567014132864214	0.7041131854160185
genus.Coprococcus1.id.11301	13	0.0042194406752884325	0.0678434174167294	0.9504084911170932	1.0042283550485744	0.8791905208958323	1.1470489787082807	0.9903170214198201	0.001939033897024801	0.07787543283792397	0.9805813438076124	0.6322617471392084	0.06708582837584488	0.0985387876355812	0.4959940570136522	14.760420879797614	0.2548005886856805
genus.Tyzzerella3.id.11335	13	0.0024888258557433218	0.04206876457621998	0.952823954589887	1.0024919255538163	0.9231477765282701	1.0886556696048348	0.9903170214198201	0.002450262562155211	0.03906928780711839	0.9511178987183196	0.9883396444037363	0.01160485162233026	0.06207295528772414	0.8516958869487181	9.446170135139843	0.6644227375460832
genus..Eubacteriumhalliigroup.id.11338	14	0.003596518717916127	0.06210500641698418	0.9538200893912678	1.0036029939517999	0.8885811570999677	1.1335137611473136	0.9903170214198201	0.03874616063100496	0.06514440877121133	0.5630421762389358	0.05858948242987034	-0.0027832747693543394	0.09774465064057357	0.9772833409768874	16.808349014139683	0.2082140410897106
genus..Clostridiuminnocuumgroup.id.14397	9	0.00245132285787794	0.042615793025445194	0.9541298076136189	1.0024543298062532	0.9221239472157226	1.089782654903998	0.9903170214198201	0.006730938383619062	0.035698154853887915	0.8557943127929454	0.15047086479328764	0.015815570754870428	0.05930927196160841	0.7897288732590296	6.703589211170279	0.5689244505481688
genus.Ruminococcus1.id.11373	11	-0.0036104635975520603	0.07084224816421879	0.9593535404960506	0.9963960462892162	0.8672211411171395	1.1448118985912488	0.9903170214198201	-0.027811799091098197	0.06535622490242173	0.6804366128829447	0.10842443353702154	0.007986743155630693	0.10428575343497178	0.9389535492958603	9.915496305156337	0.4479381621043881
order.Rhodospirillales.id.2667	14	0.0022890013029999096	0.0484375258463499	0.9623085774210555	1.0022916230665075	0.9115137961195585	1.1021100305293978	0.9903170214198201	0.011622972038465894	0.053323687547135075	0.831114928946887	0.34814887546577744	-0.03768924699240089	0.07553061604239919	0.6177843312775357	15.193919017529886	0.29540378531888944
genus.unknowngenus.id.2755	14	0.00197503582709502	0.04717878916234666	0.9666080782387902	1.001976987495014	0.9134785441767949	1.0990492221952803	0.9903170214198201	0.011090212232469492	0.05126348454353087	0.8323586796045239	0.30874364459752013	-0.03638410308303907	0.07412361500298911	0.6235275174482087	15.067926925619203	0.30313146205519487
genus.FamilyXIIIUCG001.id.11294	9	0.0030999652896547035	0.07459086595047845	0.9668497934240898	1.0031047751509032	0.8666690167815913	1.1610189939259372	0.9903170214198201	-0.05435989910917462	0.13846451190994852	0.7063020830198077	0.5434652363544573	-0.024823362338798925	0.10644313456410817	0.8156000996187842	14.743821051384998	0.06432233506455444
class.Bacilli.id.1673	20	0.0015765535938822997	0.057457862427756065	0.978110046269196	1.0015777970078499	0.8949021853742459	1.1209695314796662	0.9970107234917892	-0.001100334804992477	0.05114049511346826	0.9830708232699084	0.6460678125148479	0.029019336416410305	0.08786873098601589	0.7412051537450441	14.251002043131788	0.7688674356662456
genus.Lachnoclostridium.id.11308	15	-0.0010737176659241113	0.06858469743906769	0.9875093455729231	0.9989268585626349	0.8732794033889891	1.142652471689333	0.9998927076291745	-0.0034276052554642355	0.03523773925983459	0.9239949740969252	0.016715159499598342	0.016734656091264795	0.09170895093373638	0.8552094136037746	5.416663947270256	0.9791277065636826
genus.RuminococcaceaeUCG005.id.11363	16	-0.0005523633893594747	0.058043396778191814	0.9924071368529379	0.9994477891352131	0.8919747793486954	1.1198700976014615	0.9998927076291745	0.02774928758623046	0.06631373171552284	0.6819630067671889	0.4000283959380016	0.05084339689555602	0.09313738301179277	0.5851368962370669	14.601704111669157	0.48046900559143935
family.BacteroidalesS24.7group.id.11173	9	7.778790098297523e-06	0.0578473236698619	0.9998927076291745	1.0000077788203532	0.8928175988258685	1.1200670316269776	0.9998927076291745	-0.00483510796303913	0.03412050543453733	0.8913037349095116	0.3731923029352474	-0.024189600282922823	0.07575760753736373	0.7494970690261239	2.6888860598801614	0.9523407349618032
genus.unknowngenus.id.1000005479	9	7.778790098297523e-06	0.0578473236698619	0.9998927076291745	1.0000077788203532	0.8928175988258685	1.1200670316269776	0.9998927076291745	-0.00483510796303913	0.03412050543453733	0.8913037349095116	0.3731923029352474	-0.024189600282922823	0.07575760753736373	0.7494970690261239	2.6888860598801614	0.9523407349618032
