taxon	n_snp	OR (95% CI)	p_ivw	fdr_ivw	p_egger	egger_intercept_p	p_wmedian	q_p
phylum.Cyanobacteria.id.1500	8	0.79 (0.71-0.89)	0.0001162682260157	0.0245325956893205	0.0068581103419307	0.0514298020500341	0.0012897428022552	0.6822719909598773
genus.Sutterella.id.2896	12	0.81 (0.71-0.93)	0.0023188454026624	0.2446381899808835	0.9987602996840712	0.4944685857396699	0.0046049228072681	0.4453266365408722
class.Actinobacteria.id.419	16	1.27 (1.08-1.49)	0.0037332398017813	0.2465434722283126	0.0201924994770098	0.1130995473925166	0.0637659981697589	0.0101976979713577
family.Enterobacteriaceae.id.3469	7	1.46 (1.11-1.93)	0.0068360025120357	0.2465434722283126	0.2098467406907415	0.36300266796714	0.007415985386148	0.0344437851272354
order.Enterobacteriales.id.3468	7	1.46 (1.11-1.93)	0.0068360025120357	0.2465434722283126	0.2098467406907415	0.36300266796714	0.0068598641005914	0.0344437851272354
order.Bifidobacteriales.id.432	14	1.30 (1.07-1.57)	0.00869229958451	0.2465434722283126	0.0092938117129186	0.0376248283706299	0.0056323618200334	0.0006065544917977
family.Bifidobacteriaceae.id.433	14	1.30 (1.07-1.57)	0.00869229958451	0.2465434722283126	0.0092938117129186	0.0376248283706299	0.004474716199724	0.0006065544917977
genus.FamilyXIIIAD3011group.id.11293	13	0.82 (0.71-0.95)	0.0093476198001255	0.2465434722283126	0.3592969382499451	0.1439576741443655	0.156014732960991	0.2220709967552303
genus.Actinomyces.id.423	8	1.16 (1.03-1.31)	0.0116094437157692	0.2721769582252558	0.1239587872807033	0.5737367651828298	0.0317284964204444	0.7818402351421452
genus.Bifidobacterium.id.436	15	1.21 (1.03-1.41)	0.021302169098876	0.4393394495379121	0.1059839466920158	0.3701194866983007	0.1380650417584157	0.0055773009664133
genus.Ruminococcus2.id.11374	15	0.88 (0.79-0.98)	0.0254142508024446	0.4393394495379121	0.7690328047921948	0.3123793916992416	0.2062905353282431	0.9053693645026832
phylum.Bacteroidetes.id.905	11	0.83 (0.71-0.98)	0.0259641256411945	0.4393394495379121	0.437039748129401	0.6816074401298865	0.0932947886465813	0.8039003334265378
genus.RuminococcaceaeUCG010.id.11367	6	1.25 (1.03-1.51)	0.0270683073175017	0.4393394495379121	0.1473110732915856	0.3524349494406243	0.1333446560968841	0.2570292726165888
genus.Blautia.id.1992	13	0.84 (0.71-1.00)	0.046335373858253	0.6259540213539146	0.6894432316586776	0.733597746098802	0.1761900659753478	0.2299566178643754
family.Methanobacteriaceae.id.121	10	1.08 (1.00-1.17)	0.0536338800828032	0.6259540213539146	0.7170165369696618	0.3965438884257393	0.0557656942421163	0.5429248944318753
class.Methanobacteria.id.119	10	1.08 (1.00-1.17)	0.0536338800828032	0.6259540213539146	0.7170165369696618	0.3965438884257393	0.0733372976557683	0.5429248944318753
order.Methanobacteriales.id.120	10	1.08 (1.00-1.17)	0.0536338800828032	0.6259540213539146	0.7170165369696618	0.3965438884257393	0.0681694472334682	0.5429248944318753
class.Coriobacteriia.id.809	17	1.18 (0.99-1.40)	0.0593321347254895	0.6259540213539146	0.9434856381890744	0.5935476683696811	0.7329326494545632	0.0232013097130976
family.Coriobacteriaceae.id.811	17	1.18 (0.99-1.40)	0.0593321347254895	0.6259540213539146	0.9434856381890744	0.5935476683696811	0.7315854875004448	0.0232013097130976
order.Coriobacteriales.id.810	17	1.18 (0.99-1.40)	0.0593321347254895	0.6259540213539146	0.9434856381890744	0.5935476683696811	0.722981863407681	0.0232013097130976
class.Betaproteobacteria.id.2867	10	0.85 (0.72-1.01)	0.0672218184818802	0.6754192237941306	0.4459280506898277	0.1741607105076727	0.0681834011284074	0.3474842151887454
genus.Haemophilus.id.3698	9	1.10 (0.99-1.23)	0.0825110604295732	0.7561131893472118	0.0427714849717933	0.1193420760292405	0.089895910963387	0.4501824701211709
genus.Anaerotruncus.id.2054	12	1.14 (0.98-1.32)	0.0921110338624145	0.7561131893472118	0.1020513806048451	0.2320944885662821	0.2413195237821942	0.453010556018025
genus.LachnospiraceaeFCS020group.id.11314	11	0.89 (0.77-1.02)	0.0946744611068276	0.7561131893472118	0.0491315323710218	0.123254693977755	0.0985182820188529	0.3362913124232203
family.Actinomycetaceae.id.421	6	1.12 (0.98-1.29)	0.0987173030663297	0.7561131893472118	0.0582639809956194	0.3058290374370846	0.0848633428031711	0.9630298265392908
order.Actinomycetales.id.420	6	1.12 (0.98-1.29)	0.0988446677652781	0.7561131893472118	0.0583436262269968	0.3046502265507028	0.0914226005736396	0.9628645702115934
order.Bacillales.id.1674	8	0.94 (0.86-1.02)	0.1124263961279448	0.7561131893472118	0.760285592428344	0.9648763307395438	0.6332619823945419	0.4150249077415615
genus.Anaerofilum.id.2053	10	0.93 (0.84-1.02)	0.1159917896933985	0.7561131893472118	0.1467582137353414	0.2208333801154741	0.0851925417517155	0.376217435759178
class.Gammaproteobacteria.id.3303	7	1.18 (0.96-1.44)	0.1183722556924748	0.7561131893472118	0.5118039377529517	0.2570096122075778	0.3871249283828718	0.3628464413116771
family.Prevotellaceae.id.960	16	0.89 (0.77-1.03)	0.129885649513473	0.7561131893472118	0.0276988084076188	0.0574337551320967	0.222457951827485	0.081274958540528
genus.Howardella.id.2000	10	0.94 (0.87-1.02)	0.1324919347508834	0.7561131893472118	0.684769151306984	0.4437024181786677	0.374037403874221	0.2676144274242581
family.Peptostreptococcaceae.id.2042	13	0.90 (0.78-1.03)	0.1338824958076868	0.7561131893472118	0.4347510265107899	0.1194292585734304	0.8012432082515484	0.1806883326231285
genus.Roseburia.id.2012	14	0.85 (0.69-1.05)	0.1376505498152619	0.7561131893472118	0.9610127099740776	0.5919612039760933	0.1558526669074992	0.0055493894122485
genus.Coprococcus2.id.11302	9	0.89 (0.76-1.04)	0.1399514170867796	0.7561131893472118	0.5690968913630872	0.7388434278663009	0.0660435719011269	0.3210576876426189
genus.Turicibacter.id.2162	10	0.92 (0.82-1.03)	0.1539824226418205	0.7561131893472118	0.464827155923538	0.2482268346241812	0.4051681256522971	0.8018574259931528
order.Bacteroidales.id.913	12	0.89 (0.76-1.04)	0.1548519472051473	0.7561131893472118	0.4839410559783543	0.8744664621232735	0.1320565219978159	0.4482665282786418
class.Bacteroidia.id.912	12	0.89 (0.76-1.04)	0.1548519472051473	0.7561131893472118	0.4839410559783543	0.8744664621232735	0.1307263169085381	0.4482665282786418
order.Selenomonadales.id.2165	12	0.89 (0.76-1.05)	0.1552247453590418	0.7561131893472118	0.5671265153516462	0.8423286283505432	0.1879617989795721	0.3274455811305276
class.Negativicutes.id.2164	12	0.89 (0.76-1.05)	0.1552247453590418	0.7561131893472118	0.5671265153516462	0.8423286283505432	0.1802368812882943	0.3274455811305276
genus.DefluviitaleaceaeUCG011.id.11287	9	1.10 (0.97-1.24)	0.1555105391067045	0.7561131893472118	0.9953918712984676	0.4621971699699794	0.3951380510818084	0.9782116348245836
genus.RuminococcaceaeNK4A214group.id.11358	13	1.10 (0.96-1.26)	0.1587900921648609	0.7561131893472118	0.0197662120670801	0.0395912085028661	0.011274639319924	0.4478459476769223
phylum.Firmicutes.id.1672	16	0.91 (0.81-1.04)	0.1599823912317156	0.7561131893472118	0.0941106901474565	0.2469295149918614	0.0962418046985197	0.8580035721899493
genus.unknowngenus.id.2001	10	1.09 (0.97-1.23)	0.1609595064229287	0.7561131893472118	0.2593830519544826	0.0922000962993316	0.8135099843346967	0.3507299138103791
family.unknownfamily.id.1000005471	13	1.08 (0.97-1.21)	0.1693612537808303	0.7561131893472118	0.7961131950129875	0.8401294290473396	0.671953243597829	0.6195703941553625
genus.unknowngenus.id.1000005472	13	1.08 (0.97-1.21)	0.1693612537808303	0.7561131893472118	0.7961131950129875	0.8401294290473396	0.6690048675464093	0.6195703941553625
order.MollicutesRF9.id.11579	13	1.08 (0.97-1.21)	0.1693612537808303	0.7561131893472118	0.7961131950129875	0.8401294290473396	0.6712499440647344	0.6195703941553625
genus.Enterorhabdus.id.820	6	0.90 (0.78-1.04)	0.1723942884167909	0.7561131893472118	0.3593000719826199	0.7310068930741856	0.1575547232780707	0.814045532519152
genus.Intestinibacter.id.11345	14	1.08 (0.96-1.22)	0.1792966128516786	0.7561131893472118	0.3178126966001431	0.5887351968230087	0.238722375017147	0.9021522095682828
genus.Phascolarctobacterium.id.2168	9	0.91 (0.79-1.05)	0.1810911787998129	0.7561131893472118	0.4075930342023898	0.6153256590185082	0.5136343283863589	0.8186156704558792
order.Desulfovibrionales.id.3156	12	0.90 (0.77-1.05)	0.1811146120205606	0.7561131893472118	0.9568091073746984	0.5446725035529979	0.4476527059925427	0.1730467061530657
family.Lactobacillaceae.id.1836	9	1.13 (0.94-1.36)	0.1827572163825014	0.7561131893472118	0.9436446619612554	0.6445591462216113	0.1603406875455475	0.0010554364389389
genus.Oscillibacter.id.2063	13	0.93 (0.83-1.04)	0.194408106543139	0.7790597647890511	0.879553868069821	0.8634627124146038	0.2641332059181351	0.2226755553561294
order.Burkholderiales.id.2874	10	0.88 (0.72-1.07)	0.1956879977906147	0.7790597647890511	0.398182422912018	0.201168665460429	0.1280007173242586	0.1340183241457368
genus.unknowngenus.id.1868	9	0.91 (0.78-1.06)	0.2107980895181731	0.8236740164506394	0.1651427400983303	0.0697250772100315	0.5689885901311679	0.2230230505181261
genus.Olsenella.id.822	11	1.05 (0.97-1.15)	0.2215683093819211	0.8412814193645305	0.5445253347054853	0.3221409679281328	0.2900879300067339	0.1861775711411039
genus.Lactobacillus.id.1837	8	1.12 (0.93-1.35)	0.2260563744416283	0.8412814193645305	0.8269055474628726	0.4861894717612425	0.6814568484562658	0.0019489522459376
genus.Coprococcus3.id.11303	10	1.15 (0.91-1.46)	0.236724171889422	0.8412814193645305	0.8464642428532022	0.6986597450016756	0.0529074629490795	0.0353046356382034
genus.LachnospiraceaeUCG010.id.11330	10	0.91 (0.77-1.07)	0.2395281190026164	0.8412814193645305	0.7018093646426609	0.9732141554676887	0.8910360422361739	0.2787052651789149
genus..Ruminococcustorquesgroup.id.14377	9	0.87 (0.69-1.10)	0.2452280768260226	0.8412814193645305	0.3111504389420833	0.4593846162053182	0.4464910335744596	0.1310523561796606
class.Deltaproteobacteria.id.3087	13	0.92 (0.80-1.06)	0.2469349512489591	0.8412814193645305	0.8941919039236291	0.761586449414806	0.5489985872763234	0.3239768765075054
genus.Sellimonas.id.14369	10	1.04 (0.97-1.12)	0.2474624331801685	0.8412814193645305	0.0124019717769647	0.023344684343631	0.1653342229900019	0.9545031117904542
order.Clostridiales.id.1863	13	0.91 (0.78-1.07)	0.2573657599987221	0.8412814193645305	0.3895980587723391	0.5203112842286505	0.7506402158755886	0.266097338736081
family.Porphyromonadaceae.id.943	10	1.17 (0.89-1.54)	0.2616353148569381	0.8412814193645305	0.1900665363165997	0.1022920368669683	0.1111611893431695	0.0084088231435185
family.Rikenellaceae.id.967	18	0.92 (0.80-1.07)	0.2702071387440753	0.8412814193645305	0.6811697211054749	0.9328128607784412	0.174497094297492	0.1039919328583513
family.Ruminococcaceae.id.2050	10	1.09 (0.94-1.26)	0.2749727772853787	0.8412814193645305	0.9384975996391374	0.6413877549704307	0.5641684095763326	0.518741092606192
family.unknownfamily.id.1000001214	9	0.94 (0.85-1.05)	0.279712768256565	0.8412814193645305	0.0806427816936744	0.1351893500838079	0.5544843339384246	0.6032281439665157
order.Gastranaerophilales.id.1591	9	0.94 (0.85-1.05)	0.279712768256565	0.8412814193645305	0.0806427816936744	0.1351893500838079	0.5592747649712979	0.6032281439665157
genus.unknowngenus.id.1000001215	9	0.94 (0.85-1.05)	0.279712768256565	0.8412814193645305	0.0806427816936744	0.1351893500838079	0.5607701251734541	0.6032281439665157
genus.Collinsella.id.815	10	1.14 (0.90-1.45)	0.2869778888452773	0.8412814193645305	0.8579387167163992	0.9346708047417246	0.5457913574007527	0.0193060223172495
genus.Victivallis.id.2256	11	1.04 (0.97-1.12)	0.2897036030376352	0.8412814193645305	0.4897599735082523	0.5827888138134344	0.8000663321378358	0.4228575009853634
family.Acidaminococcaceae.id.2166	7	0.92 (0.80-1.07)	0.2908214817433057	0.8412814193645305	0.1236787156708335	0.1955784436412635	0.073882560713274	0.6028744863644089
family.FamilyXI.id.1936	8	1.05 (0.96-1.13)	0.2950378556514889	0.8412814193645305	0.9262054880338616	0.8090220240388024	0.5831093745675413	0.3591486639222033
class.Melainabacteria.id.1589	10	0.95 (0.86-1.05)	0.2967266930631541	0.8412814193645305	0.0842382259791149	0.1360718664328904	0.4858501219473753	0.5618556253538725
genus.Prevotella7.id.11182	11	1.04 (0.97-1.12)	0.2981816926091983	0.8412814193645305	0.974149299846376	0.841838783354178	0.5550060795519396	0.8771527707815365
phylum.Actinobacteria.id.400	16	1.13 (0.90-1.42)	0.2990336798689089	0.8412814193645305	0.0334286895696025	0.0498141730657471	0.895271994360921	7.115112852717307e-05
family.Oxalobacteraceae.id.2966	14	1.04 (0.97-1.12)	0.3058711560909692	0.8452351005759656	0.7276860368326474	0.4853292842414447	0.3432376777612398	0.8663093884637447
genus.Lachnospira.id.2004	6	1.15 (0.88-1.52)	0.3094215608854593	0.8452351005759656	0.7084506692175659	0.8149509787479103	0.1718962838076106	0.183206951160831
class.Alphaproteobacteria.id.2379	8	1.07 (0.94-1.23)	0.314886401847385	0.8452351005759656	0.2433178117761683	0.1355923183229925	0.5943503696991861	0.7421963048410785
genus.Slackia.id.825	6	1.07 (0.94-1.23)	0.3172300477484225	0.8452351005759656	0.7227486489664656	0.6247377009021597	0.994284668083928	0.4123465172741142
family.Christensenellaceae.id.1866	11	0.94 (0.83-1.06)	0.3235965778292493	0.8452351005759656	0.3810906301581711	0.8391964811193204	0.4564494720032652	0.935840320708721
genus.Prevotella9.id.11183	16	1.05 (0.95-1.15)	0.3326288978492758	0.8452351005759656	0.0868919572745785	0.1423100891870866	0.8052569240244789	0.647873714001685
family.Clostridiaceae1.id.1869	10	0.93 (0.79-1.08)	0.3346195781602139	0.8452351005759656	0.4283306951154331	0.2463196194255631	0.1818864589859675	0.3236060984399683
phylum.Proteobacteria.id.2375	12	1.07 (0.93-1.24)	0.3362462127682497	0.8452351005759656	0.2274647923313936	0.0816781638583478	0.4452207403147682	0.8716544561235497
genus.LachnospiraceaeNK4A136group.id.11319	15	1.06 (0.94-1.21)	0.3364916988074934	0.8452351005759656	0.2272116839277387	0.0575356242564462	0.7147340673575278	0.2225655224653178
genus.Escherichia.Shigella.id.3504	10	1.07 (0.93-1.24)	0.3406956844384534	0.8457269343119256	0.6303165879993563	0.9928789080803316	0.5533747214396239	0.959127017712431
genus.Bilophila.id.3170	13	0.93 (0.79-1.09)	0.3537630235244993	0.8593835693560671	0.8401061967760372	0.6994695697211051	0.1091867218598537	0.1638525917343477
genus.Intestinimonas.id.2062	16	0.94 (0.84-1.07)	0.3543429883126912	0.8593835693560671	0.7709565864232124	0.5148690505382398	0.2782521843954442	0.183680964124943
genus..Eubacteriumventriosumgroup.id.11341	15	0.91 (0.73-1.12)	0.3709220726573821	0.889369969667132	0.7315224022962795	0.8741597830293347	0.3742762782593173	0.0003168686837101
genus.unknowngenus.id.2041	12	0.95 (0.84-1.07)	0.3760956066374858	0.8916423932641518	0.7831606122692658	0.5752678155195219	0.3322919580641392	0.1944762326238942
genus..Ruminococcusgnavusgroup.id.14376	11	0.96 (0.87-1.05)	0.3858232403137361	0.9045411522910924	0.3014173193800329	0.2215389202551526	0.4276061966145499	0.4435412001635498
genus.Holdemanella.id.11393	11	0.96 (0.87-1.06)	0.4051190249720142	0.9134164584416852	0.8116301469233389	0.5878948042872953	0.7276615676785294	0.3356368958311329
order.Lactobacillales.id.1800	15	1.06 (0.93-1.21)	0.405640599396092	0.9134164584416852	0.2297574723307918	0.3664927894058487	0.5492981047389939	0.826703168504038
family.ClostridialesvadinBB60group.id.11286	15	1.04 (0.94-1.16)	0.4079167354456287	0.9134164584416852	0.2837267797931236	0.4156656109206632	0.6479768293306825	0.6784750529754355
genus.unknowngenus.id.1000000073	15	1.04 (0.94-1.16)	0.4079167354456287	0.9134164584416852	0.2837267797931236	0.4156656109206632	0.6215502669575361	0.6784750529754355
phylum.Lentisphaerae.id.2238	9	1.07 (0.91-1.24)	0.4176237693913404	0.9134164584416852	0.9434345718128933	0.8998284494927618	0.3175568920777211	0.0041219763786122
phylum.Tenericutes.id.3919	13	0.95 (0.85-1.07)	0.4199118316058932	0.9134164584416852	0.8112099464961692	0.6135617681982296	0.4204937945630266	0.6056469759585543
class.Mollicutes.id.3920	13	0.95 (0.85-1.07)	0.4199118316058932	0.9134164584416852	0.8112099464961692	0.6135617681982296	0.4298407597257563	0.6056469759585543
genus.LachnospiraceaeUCG004.id.11324	14	0.94 (0.82-1.09)	0.4319303672608775	0.9275877131868552	0.7359568109324756	0.5940878373576709	0.5425090833687765	0.2964468404993601
genus.Parabacteroides.id.954	6	0.92 (0.75-1.13)	0.4352188796469131	0.9275877131868552	0.1623813647047858	0.1890308060292395	0.9953073828117612	0.4436923448825005
family.Veillonellaceae.id.2172	19	1.04 (0.94-1.15)	0.4484834449989495	0.9389174677028984	0.9002395565923675	0.7891017730662239	0.6345382514275932	0.4240802299577412
genus..Eubacteriumoxidoreducensgroup.id.11339	5	1.05 (0.92-1.20)	0.4497923041131856	0.9389174677028984	0.6533166148568396	0.4366095444907011	0.7823757432290761	0.8779436084224216
family.Desulfovibrionaceae.id.3169	10	0.94 (0.80-1.10)	0.4581601390088228	0.9389174677028984	0.8115427311250191	0.9622255606868684	0.6173867361965009	0.2352166319225901
genus..Eubacteriumbrachygroup.id.11296	10	1.04 (0.94-1.14)	0.4583341193052064	0.9389174677028984	0.9793304372384256	0.8831091907926525	0.8099510877407465	0.2327644242951812
genus.Paraprevotella.id.962	13	0.97 (0.88-1.06)	0.4639453775250614	0.9412737947864224	0.6774163026410162	0.8075345287818363	0.8647813602347675	0.332544577929494
genus.Faecalibacterium.id.2057	10	1.05 (0.92-1.19)	0.4814981472369256	0.953119921154766	0.7909753799378634	0.8367893540776715	0.5846759172431972	0.8337397894451892
order.Victivallales.id.2254	8	1.06 (0.89-1.27)	0.4846954401149825	0.953119921154766	0.9589355063314544	0.8977381155309633	0.4694914968713299	0.0021019858789051
class.Lentisphaeria.id.2250	8	1.06 (0.89-1.27)	0.4846954401149825	0.953119921154766	0.9589355063314544	0.8977381155309633	0.454365577181024	0.0021019858789051
class.Clostridia.id.1859	12	0.95 (0.81-1.11)	0.4909415934357025	0.953119921154766	0.5087022556201767	0.592331576429305	0.9850337874256416	0.3277953244164072
genus.RuminococcaceaeUCG011.id.11368	8	1.04 (0.94-1.14)	0.4923700066628886	0.953119921154766	0.8916124772637029	0.988202445311162	0.3889175961073404	0.1825380128457272
family.Pasteurellaceae.id.3689	14	1.03 (0.94-1.14)	0.5084281168516309	0.9627964899746848	0.0605367555637483	0.0742553639277483	0.9868164798448243	0.3022066511366021
order.Pasteurellales.id.3688	14	1.03 (0.94-1.14)	0.5084281168516309	0.9627964899746848	0.0605367555637483	0.0742553639277483	0.9871976222813844	0.3022066511366021
genus.Dorea.id.1997	11	0.94 (0.78-1.13)	0.5110578524984108	0.9627964899746848	0.2693789788741556	0.3457555351308403	0.5291658838768956	0.1088580038972504
genus.Adlercreutzia.id.812	8	0.96 (0.84-1.10)	0.5248823183981597	0.9662173809853792	0.3519789570339627	0.2808172156983014	0.219873767379345	0.3933624884370538
genus..Eubacteriumcoprostanoligenesgroup.id.11375	13	0.95 (0.82-1.11)	0.5264345395108369	0.9662173809853792	0.1116297646599947	0.0678871236523604	0.6434309574005591	0.7647035757056755
genus.LachnospiraceaeUCG008.id.11328	10	0.95 (0.82-1.11)	0.5266113687835006	0.9662173809853792	0.1610182681127391	0.1875873853774574	0.42444867788143	0.014095410836823
genus..Eubacteriumrectalegroup.id.14374	9	0.94 (0.77-1.14)	0.5344426891679638	0.9709482280775292	0.3079392334876585	0.2291824436492673	0.6731386259617544	0.224795713534669
genus.Oxalobacter.id.2978	11	1.03 (0.93-1.14)	0.5391725500469686	0.9709482280775292	0.1966841267898354	0.1508263103424728	0.4762338724497065	0.0768410573638143
genus.LachnospiraceaeNC2004group.id.11316	9	0.96 (0.85-1.09)	0.548201733588786	0.9709482280775292	0.7182600145174005	0.6104946282334455	0.7673043165247364	0.1945908674260504
genus.Butyricicoccus.id.2055	8	1.07 (0.85-1.35)	0.5669520340430234	0.9709482280775292	0.5211475810657276	0.6535168672881513	0.5009406507826251	0.050303211706587
genus.Catenibacterium.id.2153	4	1.03 (0.92-1.16)	0.5691104896724648	0.9709482280775292	0.1377172035488548	0.1459243102481779	0.3914365979756072	0.6232929895415167
genus.Butyrivibrio.id.1993	15	0.98 (0.92-1.05)	0.5746105260341852	0.9709482280775292	0.9357813541643396	0.9650106015149474	0.8525474892714812	0.3744714638787941
genus.Alistipes.id.968	12	0.95 (0.81-1.13)	0.5776692181679863	0.9709482280775292	0.4121890724104014	0.3227370875988383	0.443535516844738	0.888078782490572
genus.Desulfovibrio.id.3173	10	0.97 (0.85-1.09)	0.5777664190473538	0.9709482280775292	0.418729058957041	0.5087462935365159	0.4199593107693581	0.5936321558640534
genus.Parasutterella.id.2892	14	0.96 (0.84-1.10)	0.5800656606968908	0.9709482280775292	0.3343060459442235	0.2191974115280574	0.6338643781240352	0.0694392850921393
family.Victivallaceae.id.2255	12	1.02 (0.95-1.09)	0.5881871396674138	0.9709482280775292	0.510881574442151	0.5785602274085977	0.5621491432088104	0.6001059070561862
genus..Eubacteriumnodatumgroup.id.11297	11	0.98 (0.91-1.05)	0.5907747446204353	0.9709482280775292	0.4488642295531812	0.3681917960071101	0.6570035382389863	0.5962353896419533
genus.Senegalimassilia.id.11160	5	1.04 (0.89-1.23)	0.596192407735095	0.9709482280775292	0.2008040916900781	0.2287070890654972	0.6103729649478328	0.5298660724983324
genus.Oscillospira.id.2064	9	0.96 (0.84-1.11)	0.6012847142110291	0.9709482280775292	0.207190790590139	0.1617898978038071	0.7164941884688614	0.3630800733031998
genus.Lactococcus.id.1851	9	1.02 (0.94-1.12)	0.6031955007139221	0.9709482280775292	0.0649740052088185	0.0750742628481179	0.4127994210483238	0.5653328257803742
genus..Clostridiuminnocuumgroup.id.14397	8	0.98 (0.90-1.07)	0.6107035016363606	0.9709482280775292	0.4248672838241056	0.3471458288649296	0.851017611909457	0.8337140842127263
genus.Eggerthella.id.819	10	1.03 (0.90-1.18)	0.6189136219897066	0.9709482280775292	0.903832616845225	0.98120770056694	0.9555364023065448	0.0320565657809776
family.Peptococcaceae.id.2024	10	1.03 (0.90-1.18)	0.6217773952301734	0.9709482280775292	0.3994027041669266	0.4644205328472416	0.8586932150501401	0.2547555881793749
genus.ChristensenellaceaeR.7group.id.11283	9	0.96 (0.80-1.14)	0.6265925318398231	0.9709482280775292	0.3583566952747867	0.2740498725412156	0.4562892126361677	0.4522471844072511
genus.Veillonella.id.2198	6	1.05 (0.87-1.27)	0.636112260009339	0.9709482280775292	0.4181775026620776	0.387690704950247	0.3129812275511392	0.2195731683333422
family.Alcaligenaceae.id.2875	13	0.96 (0.78-1.17)	0.6555622069802366	0.9709482280775292	0.8467174377051042	0.9195233617415088	0.8114157756818027	0.0419669101910445
family.Lachnospiraceae.id.1987	16	0.97 (0.84-1.11)	0.6566907249878664	0.9709482280775292	0.5839607135617424	0.6784095428133529	0.6709272534725543	0.8437741723158461
genus.Marvinbryantia.id.2005	10	0.97 (0.84-1.12)	0.6590221336355981	0.9709482280775292	0.6955808943906516	0.5962282150763244	0.3774341445706329	0.6956874876060637
family.Streptococcaceae.id.1850	16	0.97 (0.85-1.11)	0.661390910904508	0.9709482280775292	0.1468486165009634	0.1095397247447818	0.5945902237102921	0.326344854434649
genus.Holdemania.id.2157	15	1.02 (0.93-1.13)	0.6707317688348045	0.9709482280775292	0.440041185496515	0.3214354699502119	0.5069654213591007	0.854596336746982
genus.Butyricimonas.id.945	12	0.97 (0.82-1.14)	0.6838873658909383	0.9709482280775292	0.3294782097636733	0.2609068632508952	0.8410652916681987	0.0842826350228748
genus.RuminococcaceaeUCG013.id.11370	11	0.95 (0.76-1.20)	0.684135649997053	0.9709482280775292	0.8105671779498906	0.6926917436982845	0.3018086994911948	0.0076816860972785
genus..Eubacteriumfissicatenagroup.id.14373	10	0.98 (0.90-1.07)	0.6847980826139889	0.9709482280775292	0.0718367012490999	0.0779887477063556	0.7699997819190034	0.4006315710795691
genus.Allisonella.id.2174	8	0.98 (0.89-1.08)	0.6859484447886748	0.9709482280775292	0.0846198084495619	0.0739684828050455	0.9169121671629608	0.1768620489289875
family.Rhodospirillaceae.id.2717	15	0.98 (0.89-1.08)	0.6867097159638947	0.9709482280775292	0.7477123855020111	0.8261727192597511	0.4998028095879515	0.7902968974421811
genus.Anaerostipes.id.1991	13	1.03 (0.89-1.20)	0.6929830616795054	0.9709482280775292	0.6194389753475142	0.6912045307590673	0.714497762203129	0.6704932743975991
genus.Bacteroides.id.918	9	1.05 (0.83-1.32)	0.6954944281459343	0.9709482280775292	0.712907671767792	0.7597127116379151	0.8279558475880636	0.0632610722352469
family.Bacteroidaceae.id.917	9	1.05 (0.83-1.32)	0.6954944281459343	0.9709482280775292	0.712907671767792	0.7597127116379151	0.8283637480132076	0.0632610722352469
family.FamilyXIII.id.1957	10	1.03 (0.88-1.21)	0.7093563223239081	0.9709482280775292	0.3297822754687601	0.2573326378119002	0.3583371336801307	0.3254446056714096
genus.unknowngenus.id.2071	16	1.02 (0.91-1.14)	0.713131143467554	0.9709482280775292	0.7163384522700753	0.6559627595791738	0.3115443288538587	0.4598087707283779
genus.Ruminiclostridium6.id.11356	17	1.02 (0.91-1.14)	0.7391993851458468	0.9709482280775292	0.1868632066260602	0.1172262262388307	0.8838876123504215	0.6663863530376355
genus.unknowngenus.id.959	13	0.99 (0.91-1.07)	0.7436289283312418	0.9709482280775292	0.1423710510747669	0.15243779319165	0.8987102994216649	0.6010574730133462
genus.Peptococcus.id.2037	13	1.01 (0.93-1.10)	0.7500883334542338	0.9709482280775292	0.3222244115659688	0.2651836819276996	0.4477388569069945	0.6952014924652767
genus.unknowngenus.id.1000005479	8	0.98 (0.87-1.11)	0.7634272438120875	0.9709482280775292	0.1585451724672839	0.1863365101926431	0.5854963868173507	0.974373408536561
family.BacteroidalesS24.7group.id.11173	8	0.98 (0.87-1.11)	0.7634272438120875	0.9709482280775292	0.1585451724672839	0.1863365101926431	0.597665648587155	0.974373408536561
genus.unknowngenus.id.1000006162	12	1.01 (0.93-1.10)	0.7639597687642738	0.9709482280775292	0.7644175001337368	0.8289696243594542	0.7324292367671054	0.8494346760148976
order.NB1n.id.3953	12	1.01 (0.93-1.10)	0.7639597687642738	0.9709482280775292	0.7644175001337368	0.8289696243594542	0.7203460187391029	0.8494346760148976
family.unknownfamily.id.1000006161	12	1.01 (0.93-1.10)	0.7639597687642738	0.9709482280775292	0.7644175001337368	0.8289696243594542	0.7345982379312246	0.8494346760148976
genus.Barnesiella.id.944	13	0.98 (0.82-1.16)	0.7799322152215513	0.9709482280775292	0.1651681153005559	0.1722818523057351	0.6156725405210997	0.0762811363681902
genus.Romboutsia.id.11347	14	1.02 (0.90-1.15)	0.7919207535958961	0.9709482280775292	0.5627964699086752	0.4822007237739319	0.901033201960229	0.4528397471643255
genus.Clostridiumsensustricto1.id.1873	7	0.98 (0.83-1.15)	0.7922071970271891	0.9709482280775292	0.911626875784064	0.8276022021644318	0.9334351703417744	0.3150751753759505
genus.Subdoligranulum.id.2070	10	0.98 (0.81-1.17)	0.8107455975133289	0.9709482280775292	0.410409667251459	0.3256724124021107	0.8002252067032481	0.1459579585314009
genus..Eubacteriumruminantiumgroup.id.11340	18	0.99 (0.91-1.08)	0.8131477624473064	0.9709482280775292	0.3397121006830328	0.2849037287101528	0.6618106893214935	0.2394814467309222
genus.Alloprevotella.id.961	5	1.01 (0.90-1.15)	0.8214028554754125	0.9709482280775292	0.641752510989179	0.6250249349622653	0.8734208968834982	0.1905821944935879
genus.Odoribacter.id.952	7	0.98 (0.80-1.20)	0.8224921828188833	0.9709482280775292	0.965473236764926	0.9115326948684922	0.3176284157766573	0.2405945585360197
class.Bacilli.id.1673	18	0.99 (0.88-1.11)	0.8245466660218198	0.9709482280775292	0.5149160809060819	0.4279333896122994	0.6697506280205818	0.7486762719805827
genus.Ruminiclostridium9.id.11357	9	1.02 (0.84-1.24)	0.825167442174739	0.9709482280775292	0.1931570553282925	0.1977613253796382	0.8797007845845912	0.3318446936152846
class.Verrucomicrobiae.id.4029	12	0.99 (0.87-1.12)	0.8275003233826146	0.9709482280775292	0.7671325978172999	0.8123889246056697	0.733875029381365	0.723090598612468
order.Verrucomicrobiales.id.4030	12	0.99 (0.87-1.12)	0.8275003233826146	0.9709482280775292	0.7671325978172999	0.8123889246056697	0.7391025583715581	0.723090598612468
family.Verrucomicrobiaceae.id.4036	12	0.99 (0.87-1.12)	0.8287580406985832	0.9709482280775292	0.7718369748153312	0.8169629289683172	0.7376394071225905	0.7230282788767627
genus.Akkermansia.id.4037	12	0.99 (0.87-1.12)	0.8291646875369204	0.9709482280775292	0.7734873084280548	0.8186056855634921	0.7240857379524562	0.7230082326650344
genus.Flavonifractor.id.2059	5	0.98 (0.82-1.18)	0.8346817857092368	0.9709482280775292	0.2595080881220427	0.2640330639831598	0.7949473248832756	0.4494192235821516
genus.Coprococcus1.id.11301	12	0.98 (0.85-1.14)	0.8370569187365371	0.9709482280775292	0.1660790648377537	0.1151983764140866	0.5676116190420133	0.2823085951776469
genus.Fusicatenibacter.id.11305	18	1.01 (0.89-1.15)	0.8399629043006983	0.9709482280775292	0.1763986218900874	0.1423077980149633	0.8889531106639511	0.8319321792822547
genus.Hungatella.id.11306	6	0.99 (0.89-1.10)	0.8454519211683987	0.9709482280775292	0.1573431814626352	0.1474113607699977	0.7325359438440329	0.4455240431675857
genus..Eubacteriumeligensgroup.id.14372	7	1.02 (0.85-1.23)	0.84919659918064	0.9709482280775292	0.0806864738477504	0.0866649266343986	0.9075569329113746	0.9667498479184944
family.Defluviitaleaceae.id.1924	11	1.02 (0.87-1.19)	0.8506315283935066	0.9709482280775292	0.1352361974345658	0.1087516733201112	0.7320554107924364	0.0395297402463504
genus.unknowngenus.id.826	14	1.01 (0.87-1.18)	0.8511062029562235	0.9709482280775292	0.6578667569170321	0.6842787174046975	0.9454340168546216	0.0398124047673557
order.Erysipelotrichales.id.2148	13	1.02 (0.86-1.20)	0.8535341126310745	0.9709482280775292	0.7724335822662253	0.7977482823244834	0.3298505961953519	0.265478264735949
family.Erysipelotrichaceae.id.2149	13	1.02 (0.86-1.20)	0.8535341126310745	0.9709482280775292	0.7724335822662253	0.7977482823244834	0.3177469986483774	0.265478264735949
class.Erysipelotrichia.id.2147	13	1.02 (0.86-1.20)	0.8535341126310745	0.9709482280775292	0.7724335822662253	0.7977482823244834	0.3096951335316897	0.265478264735949
genus.Terrisporobacter.id.11348	5	1.01 (0.87-1.18)	0.8600742302174675	0.9709482280775292	0.847577928848674	0.7869246154265462	0.9826181535374716	0.6998085767923161
genus.Streptococcus.id.1853	17	0.99 (0.83-1.17)	0.8652728979192663	0.9709482280775292	0.7712083586005856	0.7976129076469528	0.4509940707399198	0.0182443537416087
phylum.Verrucomicrobia.id.3982	12	0.99 (0.87-1.13)	0.8668636366890653	0.9709482280775292	0.4397472775174105	0.4410350426809533	0.8121552803919099	0.3298301845199109
genus.Ruminococcus1.id.11373	10	1.01 (0.87-1.18)	0.8695314464102741	0.9709482280775292	0.12241919053297	0.0884720373186116	0.5959839767880368	0.3958347794532448
genus.RuminococcaceaeUCG003.id.11361	12	1.01 (0.87-1.17)	0.8764817449519734	0.9709482280775292	0.6946266525130792	0.6465869006829504	0.7386284907937541	0.228785459370864
genus.ErysipelotrichaceaeUCG003.id.11384	17	0.99 (0.89-1.11)	0.8764821425701927	0.9709482280775292	0.5065402130671453	0.5213133182206724	0.8747371460317147	0.8339384242087957
genus.Coprobacter.id.949	11	0.99 (0.87-1.13)	0.8782419877676411	0.9709482280775292	0.0820143352628884	0.0682002493941631	0.522556978421139	0.0506899577651962
genus.Methanobrevibacter.id.123	6	1.01 (0.89-1.15)	0.88039035869291	0.9709482280775292	0.3058828583128776	0.2756167170657881	0.7527884140689691	0.1728332707556548
genus.Ruminiclostridium5.id.11355	11	0.99 (0.84-1.16)	0.8855225056275011	0.9709482280775292	0.8757590478262659	0.9090687761699068	0.6496988269435352	0.8989900428045035
genus.Eisenbergiella.id.11304	11	1.01 (0.92-1.10)	0.8882912614991116	0.9709482280775292	0.1143684981073395	0.1078374466410708	0.8481880868695526	0.4163857328586346
genus.RikenellaceaeRC9gutgroup.id.11191	11	1.00 (0.93-1.07)	0.8990139514308542	0.9709482280775292	0.1464076593287209	0.1502476902472684	0.8466344514324416	0.9693643783615576
phylum.Euryarchaeota.id.55	11	0.99 (0.91-1.09)	0.9155286922401292	0.9709482280775292	0.7930407981704106	0.8053572204830068	0.7605760660524112	0.101675721453135
genus.Erysipelatoclostridium.id.11381	15	1.01 (0.90-1.12)	0.916135744395881	0.9709482280775292	0.6983772013172774	0.7080213755765349	0.4491052326578481	0.2850289558609733
genus.LachnospiraceaeND3007group.id.11317	3	1.02 (0.73-1.42)	0.91749272433158	0.9709482280775292	0.4006133200770273	0.4017073982430872	0.6989273768197097	0.2940228803369533
genus.RuminococcaceaeUCG014.id.11371	11	0.99 (0.87-1.13)	0.9241136463280116	0.9709482280775292	0.2518997424472603	0.1930483504527199	0.8488709767458217	0.76571741665591
genus.Dialister.id.2183	11	0.99 (0.87-1.14)	0.9296577315944952	0.9709482280775292	0.1713009218251319	0.166060532426367	0.3922036307990827	0.604495356565219
genus.RuminococcaceaeUCG002.id.11360	21	1.00 (0.91-1.11)	0.9412040631617736	0.9709482280775292	0.4686504012470629	0.4526369140542132	0.819790035502014	0.7156337131999932
genus.unknowngenus.id.2755	13	1.00 (0.90-1.12)	0.9415915187590168	0.9709482280775292	0.8996586324549661	0.910976530153944	0.7885820993981811	0.2393899145519251
genus.RuminococcaceaeUCG009.id.11366	11	1.00 (0.91-1.11)	0.9459690681948948	0.9709482280775292	0.7497710524576648	0.7572435949781552	0.7366727171800507	0.7886323536260644
genus.Gordonibacter.id.821	11	1.00 (0.92-1.10)	0.9467570393717378	0.9709482280775292	0.8781393100705855	0.8864269206186838	0.7567545588662885	0.1609906685773215
genus.CandidatusSoleaferrea.id.11350	10	1.00 (0.88-1.13)	0.9496742545980766	0.9709482280775292	0.4728278382867042	0.4675133145452593	0.2641427839428123	0.0938093184924779
genus.FamilyXIIIUCG001.id.11294	8	1.01 (0.80-1.26)	0.952456508570006	0.9709482280775292	0.6228350665780242	0.5908787018679528	0.7730081455551744	0.0397131851273413
genus.Tyzzerella3.id.11335	13	1.00 (0.92-1.09)	0.952823954589887	0.9709482280775292	0.9538496579806308	0.9443570820536012	0.8430355199043207	0.6644227375460832
genus.RuminococcaceaeUCG004.id.11362	11	0.99 (0.80-1.23)	0.9585365360241612	0.9709482280775292	0.901311452212694	0.892728775017312	0.1005190287281601	0.0003565102909649
genus.Lachnoclostridium.id.11308	13	1.00 (0.86-1.15)	0.9588264865985834	0.9709482280775292	0.8114758284812833	0.8206567780811252	0.880801035524882	0.9554520764202112
genus..Eubacteriumhalliigroup.id.11338	14	1.00 (0.87-1.15)	0.9593821236872752	0.9709482280775292	0.6293396526715473	0.6006278180618749	0.9738520898373436	0.2082140410897105
order.Rhodospirillales.id.2667	14	1.00 (0.90-1.11)	0.9651339590510488	0.9709482280775292	0.9996840624962192	0.9912964537394644	0.5794597161386618	0.2954037853188894
genus.LachnospiraceaeUCG001.id.11321	13	1.00 (0.89-1.13)	0.9674986202126578	0.9709482280775292	0.8662557574438374	0.8554743518088442	0.7524319554261942	0.2149713967517706
genus.RuminococcaceaeUCG005.id.11363	14	1.00 (0.88-1.13)	0.969274976139546	0.9709482280775292	0.5898644470656346	0.5489420879518111	0.5310661314620522	0.9354050658239056
genus..Eubacteriumxylanophilumgroup.id.14375	9	1.00 (0.78-1.30)	0.9697347114208404	0.9709482280775292	0.0536241833590711	0.0425439767031441	0.604395005605376	0.000803189504006
genus..Ruminococcusgauvreauiigroup.id.11342	12	1.00 (0.88-1.14)	0.9709482280775292	0.9709482280775292	0.3722459605504823	0.3627015934464954	0.6520323916993264	0.4331891166374987
